System,Clip ID,Category,Duration (s),Latency (s),Latency Std (s),RTF,WER (%),CER (%),Precision (%),Recall (%),F1 Score (%),Reference,Hypothesis
Whisper Tiny,ls_clean_1,LibriSpeech (Clean),6.59,0.3658,0.0121,0.0555,0.0,0.0,100.0,100.0,100.0,HE WAS IN A FEVERED STATE OF MIND OWING TO THE BLIGHT HIS WIFE'S ACTION THREATENED TO CAST UPON HIS ENTIRE FUTURE," He was in a fevered state of mind, owing to the blight his wife's action threatened to cast upon his entire future."
Whisper Tiny,ls_clean_2,LibriSpeech (Clean),7.14,0.2903,0.0175,0.0407,0.0,0.0,100.0,100.0,100.0,HE WOULD HAVE TO PAY HER THE MONEY WHICH SHE WOULD NOW REGULARLY DEMAND OR THERE WOULD BE TROUBLE IT DID NOT MATTER WHAT HE DID," He would have to pay her the money, which she would now regularly demand, or there would be trouble. It did not matter what he did."
Whisper Tiny,ls_clean_3,LibriSpeech (Clean),4.83,0.1786,0.0053,0.037,33.33,10.13,71.43,83.33,76.92,HURSTWOOD WALKED THE FLOOR MENTALLY ARRANGING THE CHIEF POINTS OF HIS SITUATION, First would walk to the floor mentally arranging the chief points of his situation.
Whisper Tiny,ls_clean_4,LibriSpeech (Clean),2.84,0.1077,0.0048,0.0379,0.0,0.0,100.0,100.0,100.0,HE ALSO THOUGHT OF HIS MANAGERIAL POSITION, He also thought of his managerial position.
Whisper Tiny,ls_clean_5,LibriSpeech (Clean),1.96,0.1046,0.0017,0.0534,0.0,0.0,100.0,100.0,100.0,HOW WOULD THE PAPERS TALK ABOUT IT, How would the papers talk about it?
Whisper Tiny,ls_clean_6,LibriSpeech (Clean),5.6,0.1875,0.0068,0.0335,6.67,2.15,93.33,93.33,93.33,MANY LITTLE WRINKLES GATHERED BETWEEN HIS EYES AS HE CONTEMPLATED THIS AND HIS BROW MOISTENED, Many little wrinkles gather between his eyes as he contemplated this and his brow moistened.
Whisper Tiny,ls_clean_7,LibriSpeech (Clean),4.97,0.1735,0.002,0.0349,7.14,4.88,92.86,92.86,92.86,HE COULD ARRANGE THAT SATISFACTORILY FOR CARRIE WOULD BE GLAD TO WAIT IF NECESSARY, He could arrange that satisfactorily for Kerry would be glad to wait if necessary.
Whisper Tiny,ls_clean_8,LibriSpeech (Clean),5.38,0.2359,0.0039,0.0438,8.7,0.93,95.45,91.3,93.33,HE WOULD SEE HOW THINGS TURNED OUT TO MORROW AND THEN HE WOULD TALK TO HER THEY WERE GOING TO MEET AS USUAL, He would see how things turned out tomorrow and then he would talk to her. They were going to meet as usual.
Whisper Tiny,ls_clean_9,LibriSpeech (Clean),6.94,0.2711,0.0014,0.0391,0.0,0.0,100.0,100.0,100.0,FOR SOME REASON HE FELT AS IF SOMETHING MIGHT COME THAT WAY AND WAS RELIEVED WHEN ALL THE ENVELOPES HAD BEEN SCANNED AND NOTHING SUSPICIOUS NOTICED," For some reason, he felt as if something might come that way and was relieved when all the envelopes had been scanned and nothing suspicious noticed."
Whisper Tiny,ls_clean_10,LibriSpeech (Clean),5.82,0.2244,0.0016,0.0386,10.0,3.03,90.0,90.0,90.0,WHILE THE DANGER HAD NOT LESSENED IT HAD NOT AS YET MATERIALISED AND WITH HIM NO NEWS WAS GOOD NEWS," While the danger had not listened, it had not as yet materialized, and with him no news was good news."
Whisper Tiny,ls_clean_11,LibriSpeech (Clean),5.28,0.2094,0.009,0.0397,5.26,3.06,94.74,94.74,94.74,SO LITTLE DID HE CONSIDER DROUET THAT IT NEVER ONCE OCCURRED TO HIM TO WORRY ABOUT HIS FINDING OUT, So little did he consider Drua that it never once occurred to him to worry about his finding out.
Whisper Tiny,ls_clean_12,LibriSpeech (Clean),4.46,0.1757,0.0007,0.0394,7.14,1.3,92.86,92.86,92.86,HE GREW RESTLESS AS HE RUMINATED AND THEN DECIDED THAT PERHAPS IT WAS NOTHING, He grew restless as he reminated and then decided that perhaps it was nothing.
Whisper Tiny,ls_clean_13,LibriSpeech (Clean),2.5,0.121,0.0199,0.0484,0.0,0.0,100.0,100.0,100.0,SHE HAD NOT BEEN ABLE TO GET AWAY THIS MORNING, She had not been able to get away this morning.
Whisper Tiny,ls_clean_14,LibriSpeech (Clean),6.09,0.2391,0.0037,0.0393,8.33,0.98,95.65,91.67,93.62,HE WOULD GET ONE TO DAY IT WOULD PROBABLY BE ON HIS DESK WHEN HE GOT BACK HE WOULD LOOK FOR IT AT ONCE, He would get one today. It would probably be on his desk when he got back. He would look for it at once.
Whisper Tiny,ls_clean_15,LibriSpeech (Clean),4.07,0.1712,0.0073,0.0421,21.43,8.45,81.25,92.86,86.67,AFTER A TIME HE GAVE UP WAITING AND DREARILY HEADED FOR THE MADISON CAR, After a time he gave up waiting and drew a really headed for the Madison car.
Whisper Tiny,ls_clean_16,LibriSpeech (Clean),3.67,0.1533,0.0025,0.0418,0.0,0.0,100.0,100.0,100.0,HE WENT IN AND EXAMINED HIS LETTERS BUT THERE WAS NOTHING FROM CARRIE," He went in and examined his letters, but there was nothing from Carrie."
Whisper Tiny,ls_clean_17,LibriSpeech (Clean),2.79,0.125,0.0077,0.0448,0.0,0.0,100.0,100.0,100.0,FORTUNATELY THERE WAS NOTHING FROM HIS WIFE EITHER," Fortunately, there was nothing from his wife either."
Whisper Tiny,ls_clean_18,LibriSpeech (Clean),4.99,0.2285,0.006,0.0458,15.79,12.63,88.89,84.21,86.49,AT ONE THIRTY HE WENT TO RECTOR'S FOR LUNCH AND WHEN HE RETURNED A MESSENGER WAS WAITING FOR HIM," At 130, he went to Refters for lunch, and when he returned, a messenger was waiting for him."
Whisper Tiny,ls_clean_19,LibriSpeech (Clean),4.54,0.2294,0.0255,0.0505,0.0,0.0,100.0,100.0,100.0,HIS FIRST IMPULSE WAS TO WRITE BUT FOUR WORDS IN REPLY GO TO THE DEVIL, His first impulse was to write but four words in reply. Go to the devil.
Whisper Tiny,ls_clean_20,LibriSpeech (Clean),3.56,0.1845,0.0058,0.0518,0.0,0.0,100.0,100.0,100.0,BUT HE COMPROMISED BY TELLING THE BOY THAT THERE WOULD BE NO REPLY, But he compromised by telling the boy that there would be no reply.
Whisper Tiny,ls_clean_21,LibriSpeech (Clean),5.29,0.2553,0.004,0.0483,0.0,0.0,100.0,100.0,100.0,THEN HE SAT DOWN IN HIS CHAIR AND GAZED WITHOUT SEEING CONTEMPLATING THE RESULT OF HIS WORK, Then he sat down in his chair and gazed without seeing contemplating the result of his work.
Whisper Tiny,ls_clean_22,LibriSpeech (Clean),3.37,0.2046,0.0171,0.0607,11.11,4.0,88.89,88.89,88.89,WHAT WOULD SHE DO ABOUT THAT THE CONFOUNDED WRETCH, What would she do about that? The compounded wretch?
Whisper Tiny,ls_clean_23,LibriSpeech (Clean),3.38,0.1265,0.0034,0.0374,0.0,0.0,100.0,100.0,100.0,LATER HOWEVER HIS OLD DISCRETION ASSERTED ITSELF," Later, however, his old discretion asserted itself."
Whisper Tiny,ls_clean_24,LibriSpeech (Clean),3.89,0.1819,0.0042,0.0468,0.0,0.0,100.0,100.0,100.0,SOMETHING HAD TO BE DONE A CLIMAX WAS NEAR AND SHE WOULD NOT SIT IDLE, Something had to be done. A climax was near and she would not sit idle.
Whisper Tiny,ls_clean_25,LibriSpeech (Clean),4.5,0.2096,0.0049,0.0466,0.0,0.0,100.0,100.0,100.0,HE KNEW HER WELL ENOUGH TO KNOW THAT WHEN SHE HAD DECIDED UPON A PLAN SHE WOULD FOLLOW IT UP," He knew her well enough to know that when she had decided upon a plan, she would follow it up."
Whisper Tiny,ls_clean_26,LibriSpeech (Clean),3.4,0.1489,0.0076,0.0438,7.69,1.59,92.31,92.31,92.31,HE AROSE FROM HIS CHAIR AND WENT AND LOOKED OUT INTO THE STREET, He rose from his chair and went and looked out into the street.
Whisper Tiny,ls_clean_27,LibriSpeech (Clean),4.92,0.1869,0.0071,0.038,0.0,0.0,100.0,100.0,100.0,THE LONG DRIZZLE HAD BEGUN PEDESTRIANS HAD TURNED UP COLLARS AND TROUSERS AT THE BOTTOM, The long drizzle had begun. Pedestrians had turned up collars and trousers at the bottom.
Whisper Tiny,ls_clean_28,LibriSpeech (Clean),3.6,0.1619,0.0052,0.045,18.18,7.46,83.33,90.91,86.96,HURSTWOOD ALMOST EXCLAIMED OUT LOUD AT THE INSISTENCY OF THIS THING, First would almost exclaimed out loud at the insistency of this thing.
Whisper Tiny,ls_clean_29,LibriSpeech (Clean),2.9,0.1255,0.0036,0.0433,0.0,0.0,100.0,100.0,100.0,HE PUT ON HIS HAT AND LOOKED AROUND FOR HIS UMBRELLA, He put on his hat and looked around for his umbrella.
Whisper Tiny,ls_clean_30,LibriSpeech (Clean),2.6,0.1034,0.0007,0.0398,0.0,0.0,100.0,100.0,100.0,HE WOULD HAVE SOME ARRANGEMENT OF THIS THING, He would have some arrangement of this thing.
Whisper Tiny,ls_clean_31,LibriSpeech (Clean),6.3,0.2591,0.0083,0.0411,0.0,0.0,100.0,100.0,100.0,HE BEGAN TO WISH THAT HE HAD COMPROMISED IN SOME WAY OR OTHER THAT HE HAD SENT THE MONEY PERHAPS HE COULD DO IT UP HERE, He began to wish that he had compromised in some way or other that he had sent the money. Perhaps he could do it up here.
Whisper Tiny,ls_clean_32,LibriSpeech (Clean),3.61,0.1628,0.0041,0.0451,8.33,4.0,91.67,91.67,91.67,HE WOULD GO IN AND SEE ANYHOW HE WOULD HAVE NO ROW, He would go in and see anyhow. He would have no role.
Whisper Tiny,ls_clean_33,LibriSpeech (Clean),10.77,0.3519,0.0132,0.0327,0.0,0.0,100.0,100.0,100.0,BY THE TIME HE REACHED HIS OWN STREET HE WAS KEENLY ALIVE TO THE DIFFICULTIES OF HIS SITUATION AND WISHED OVER AND OVER THAT SOME SOLUTION WOULD OFFER ITSELF THAT HE COULD SEE HIS WAY OUT," By the time he reached his own street, he was keenly alive to the difficulties of his situation and wished over and over that some solution would offer itself that he could see his way out."
Whisper Tiny,ls_clean_34,LibriSpeech (Clean),2.85,0.111,0.0028,0.0389,0.0,0.0,100.0,100.0,100.0,THEN HE RANG THE BELL NO ANSWER, Then he rang the bell. No answer.
Whisper Tiny,ls_clean_35,LibriSpeech (Clean),4.0,0.1306,0.0011,0.0326,0.0,0.0,100.0,100.0,100.0,HE RANG AGAIN THIS TIME HARDER STILL NO ANSWER, He rang again this time harder. Still no answer.
Whisper Tiny,ls_clean_36,LibriSpeech (Clean),4.39,0.2005,0.0045,0.0457,12.5,4.88,88.24,93.75,90.91,WHEN HURSTWOOD GOT BACK TO HIS OFFICE AGAIN HE WAS IN A GREATER QUANDARY THAN EVER," When her sword got back to his office again, he was in a greater quandary than ever."
Whisper Tiny,ls_clean_37,LibriSpeech (Clean),2.75,0.1255,0.007,0.0457,20.0,10.2,80.0,80.0,80.0,HE COULD HARDLY REALISE HOW IT HAD ALL COME ABOUT, He can hardly realize how it had all come about.
Whisper Tiny,ls_clean_38,LibriSpeech (Clean),6.54,0.2889,0.0118,0.0442,0.0,0.0,100.0,100.0,100.0,NO LETTER HAD COME NO WORD OF ANY KIND AND YET HERE IT WAS LATE IN THE EVENING AND SHE HAD AGREED TO MEET HIM THAT MORNING," No letter had come, no word of any kind, and yet here it was late in the evening, and she had agreed to meet him that morning."
Whisper Tiny,ls_clean_39,LibriSpeech (Clean),4.84,0.2039,0.0131,0.0421,0.0,0.0,100.0,100.0,100.0,HE SAW THAT IN THE EXCITEMENT OF RECENT EVENTS HE HAD NOT FORMULATED A PLAN UPON THAT SCORE," He saw that in the excitement of recent events, he had not formulated a plan upon that score."
Whisper Tiny,ls_clean_40,LibriSpeech (Clean),5.74,0.2473,0.0479,0.0431,4.55,3.77,95.45,95.45,95.45,HE WAS GETTING SOME VAGUE COMFORT OUT OF A GOOD CIGAR BUT IT WAS NO PANACEA FOR THE ILL WHICH AFFECTED HIM," He was getting some big comfort out of a good cigar, but it was no panacea for the ill which affected him."
Whisper Tiny,ls_clean_41,LibriSpeech (Clean),11.46,0.4994,0.0105,0.0436,8.33,3.12,91.67,91.67,91.67,IT WAS WITH GREAT OPPOSITION AFTER TWO OR THREE HOURS OF THE MOST URGENT MENTAL AFFIRMATION AND DENIAL THAT AT LAST HE GOT AN ENVELOPE PLACED IN IT THE REQUESTED AMOUNT AND SLOWLY SEALED IT UP," It was with great opposition after two or three hours of the most urgent mental affirmation in denial, that at last he got a non-belope, placed in it the requested amount, and slowly sealed it up."
Whisper Tiny,ls_clean_42,LibriSpeech (Clean),3.38,0.2218,0.0317,0.0656,0.0,0.0,100.0,100.0,100.0,THEN HE CALLED HARRY THE BOY OF ALL WORK AROUND THE PLACE, Then he called Harry the boy of all work around the place.
Whisper Tiny,ls_clean_43,LibriSpeech (Clean),7.86,0.3243,0.0066,0.0413,8.7,4.35,91.3,91.3,91.3,YOU TAKE THIS TO THIS ADDRESS HE SAID HANDING HIM THE ENVELOPE AND GIVE IT TO MISSUS HURSTWOOD YES SIR SAID THE BOY," You take this to this address, he said, handing him the envelope, and give it to Mrs. Herstwood. Yes, sir, said the boy."
Whisper Tiny,ls_clean_44,LibriSpeech (Clean),2.88,0.0889,0.0023,0.0309,0.0,0.0,100.0,100.0,100.0,ANY ANSWER I GUESS NOT, Any answer? I guess not.
Whisper Tiny,ls_clean_45,LibriSpeech (Clean),3.73,0.1485,0.0036,0.0398,0.0,0.0,100.0,100.0,100.0,THE BOY HASTENED AWAY AND THE MANAGER FELL TO HIS MUSINGS, The boy hastened away and the manager fell to his musings.
Whisper Tiny,ls_clean_46,LibriSpeech (Clean),3.62,0.1778,0.0049,0.0491,11.76,1.39,93.75,88.24,90.91,HE WAS BEATEN FOR TO NIGHT AND HE MIGHT JUST AS WELL MAKE THE BEST OF IT, He was beaten for tonight and he might just as well make the best of it.
Whisper Tiny,ls_clean_47,LibriSpeech (Clean),3.3,0.1439,0.0003,0.0436,0.0,0.0,100.0,100.0,100.0,SHE WOULD TAKE THE ENVELOPE AND KNOW THAT SHE HAD TRIUMPHED, She would take the envelope and know that she had triumphed.
Whisper Tiny,ls_clean_48,LibriSpeech (Clean),3.09,0.1457,0.0082,0.0472,0.0,0.0,100.0,100.0,100.0,IF HE ONLY HAD THAT LETTER BACK HE WOULDN'T SEND IT," If he only had that letter back, he wouldn't send it."
Whisper Tiny,ls_clean_49,LibriSpeech (Clean),4.42,0.1851,0.0109,0.0419,6.67,4.82,93.75,100.0,96.77,FOR RELIEF HE AROSE AND JOINED IN CONVERSATION WITH A FEW FRIENDS WHO WERE DRINKING," For relief, he arose and joined in the conversation with a few friends who were drinking."
Whisper Tiny,ls_clean_50,LibriSpeech (Clean),4.62,0.2063,0.0092,0.0446,11.11,3.3,89.47,94.44,91.89,ALL THE TIME HIS THOUGHTS WOULD RUN OUT TO HIS HOME AND SEE THE SCENE BEING THEREIN ENACTED, All the time his thoughts would run out to his home and see the scene being there and enacted.
Whisper Tiny,ls_clean_51,LibriSpeech (Clean),3.04,0.1283,0.0004,0.0422,0.0,0.0,100.0,100.0,100.0,IN ABOUT AN HOUR AND THREE QUARTERS THE BOY RETURNED, In about an hour and three quarters the boy returned.
Whisper Tiny,ls_clean_52,LibriSpeech (Clean),6.54,0.2786,0.0057,0.0426,0.0,0.0,100.0,100.0,100.0,HE FANCIED AS HE SAT AT HIS DESK THAT NOTHING WOULD BE DONE FOR A WEEK OR TWO MEANWHILE HE WOULD HAVE TIME TO THINK," He fancied as he sat at his desk that nothing would be done for a week or two. Meanwhile, he would have time to think."
Whisper Tiny,ls_clean_53,LibriSpeech (Clean),7.3,0.2539,0.0027,0.0348,4.35,1.68,95.65,95.65,95.65,HOW ABOUT THAT NOW HIS PAIN AT HER FAILURE TO MEET OR WRITE HIM RAPIDLY INCREASED AS HE DEVOTED HIMSELF TO THIS SUBJECT, How about that now? His pain at her failure to meet or write him rapidly increased as he devoted himself to the subject.
Whisper Tiny,ls_clean_54,LibriSpeech (Clean),6.75,0.2542,0.0043,0.0377,8.0,3.45,92.31,96.0,94.12,HE DECIDED TO WRITE HER CARE OF THE WEST SIDE POST OFFICE AND ASK FOR AN EXPLANATION AS WELL AS TO HAVE HER MEET HIM," He decided to write her a care of the West Side Post Office and asked for an explanation, as well as to have her meet him."
Whisper Tiny,ls_clean_55,LibriSpeech (Clean),4.85,0.1511,0.0073,0.0312,44.44,35.56,55.56,55.56,55.56,THREE O'CLOCK CAME FOUR FIVE SIX AND NO LETTER," 3 o'clock came, 4, 5, 6 and no letter."
Whisper Tiny,ls_clean_56,LibriSpeech (Clean),4.62,0.1737,0.0058,0.0376,0.0,0.0,100.0,100.0,100.0,THE HELPLESS MANAGER PACED THE FLOOR AND GRIMLY ENDURED THE GLOOM OF DEFEAT, The helpless manager paced the floor and grimly endured the gloom of defeat.
Whisper Tiny,ls_clean_57,LibriSpeech (Clean),4.68,0.1864,0.0035,0.0398,0.0,0.0,100.0,100.0,100.0,HE SAW A BUSY SATURDAY USHERED OUT THE SABBATH IN AND NOTHING DONE, He saw a busy Saturday ushered out the Sabbath in and nothing done.
Whisper Tiny,ls_clean_58,LibriSpeech (Clean),10.05,0.351,0.0091,0.0349,9.68,4.22,90.62,93.55,92.06,ALL DAY THE BAR BEING CLOSED HE BROODED ALONE SHUT OUT FROM HOME FROM THE EXCITEMENT OF HIS RESORT FROM CARRIE AND WITHOUT THE ABILITY TO ALTER HIS CONDITION ONE IOTA," All day, the bar being closed, he brewed it alone, shut out from home, from the excitement of his resort, from Carrie, and without the ability to alter his condition one Ioda."
Whisper Tiny,ls_clean_59,LibriSpeech (Clean),3.31,0.1837,0.025,0.0555,0.0,0.0,100.0,100.0,100.0,IT WAS THE WORST SUNDAY HE HAD SPENT IN HIS LIFE, It was the worst Sunday he had spent in his life.
Whisper Tiny,ls_clean_60,LibriSpeech (Clean),2.94,0.1584,0.004,0.0539,0.0,0.0,100.0,100.0,100.0,IT SEEMED AS IF HIS FAMILY TROUBLES WERE JUST BEGINNING, It seemed as if his family troubles were just beginning.
Whisper Tiny,ls_clean_61,LibriSpeech (Clean),4.29,0.2465,0.0123,0.0575,5.88,3.57,94.12,94.12,94.12,HE WAS QUITE CERTAIN NOW THAT SHE KNEW HE WAS MARRIED AND WAS ANGERED AT HIS PERFIDY, He was quite certain now that she knew he was married and was angered at his perfecty.
Whisper Tiny,ls_clean_62,LibriSpeech (Clean),6.82,0.3551,0.0291,0.0521,0.0,0.0,100.0,100.0,100.0,HE HAD LOVED HER EARNESTLY ENOUGH BUT NOW THAT THE POSSIBILITY OF LOSING HER STARED HIM IN THE FACE SHE SEEMED MUCH MORE ATTRACTIVE," He had loved her earnestly enough, but now that the possibility of losing her stared him in the face, she seemed much more attractive."
Whisper Tiny,ls_clean_63,LibriSpeech (Clean),3.52,0.1516,0.0046,0.0431,0.0,0.0,100.0,100.0,100.0,HE WOULD GO TO HER AND TELL HER ALL HIS FAMILY COMPLICATIONS, He would go to her and tell her all his family complications.
Whisper Tiny,ls_clean_64,LibriSpeech (Clean),3.62,0.1647,0.006,0.0455,0.0,0.0,100.0,100.0,100.0,HE WOULD EXPLAIN TO HER JUST WHERE HE STOOD AND HOW MUCH HE NEEDED HER, He would explain to her just where he stood and how much he needed her.
Whisper Tiny,ls_clean_65,LibriSpeech (Clean),7.64,0.3097,0.0087,0.0405,3.12,1.37,96.88,96.88,96.88,HE DID MANAGE TO BRING HIMSELF INTO THE MOOD TO GO OUT TO CARRIE BUT WHEN HE GOT IN OGDEN PLACE HE THOUGHT HE SAW A MAN WATCHING HIM AND WENT AWAY," He did manage to bring himself into the mood to go out to carry, but when he got in Ogden Place, he thought he saw a man watching him and went away."
Whisper Tiny,ls_clean_66,LibriSpeech (Clean),2.55,0.122,0.0058,0.0478,0.0,0.0,100.0,100.0,100.0,HE DID NOT GO WITHIN A BLOCK OF THE HOUSE, He did not go within a block of the house.
Whisper Tiny,ls_clean_67,LibriSpeech (Clean),4.41,0.1639,0.005,0.0372,9.09,6.76,90.91,90.91,90.91,HE TROUBLED OVER MANY LITTLE DETAILS AND TALKED PERFUNCTORILY TO EVERYBODY, He troubled over many little details and talked perfectly to everybody.
Whisper Tiny,ls_clean_68,LibriSpeech (Clean),8.69,0.3449,0.0168,0.0397,2.94,0.61,97.06,97.06,97.06,HE STAYED AT HIS DESK LONG AFTER ALL OTHERS HAD GONE AND ONLY QUITTED IT WHEN THE NIGHT WATCHMAN ON HIS ROUND PULLED AT THE FRONT DOOR TO SEE IF IT WAS SAFELY LOCKED," He stayed at his desk long after all others had gone, and only quitted it when the night watchmen on his round pulled at the front door to see if it was safely locked."
Whisper Tiny,ls_clean_69,LibriSpeech (Clean),5.07,0.183,0.0052,0.0361,13.33,1.23,92.86,86.67,89.66,ON WEDNESDAY HE RECEIVED ANOTHER POLITE NOTE FROM MC GREGOR JAMES AND HAY IT READ, On Wednesday he received another polite note from McGregor James and Hay. It read.
Whisper Tiny,ls_clean_70,LibriSpeech (Clean),12.16,0.3786,0.005,0.0311,14.29,4.74,88.24,85.71,86.96,DEAR SIR WE BEG TO INFORM YOU THAT WE ARE INSTRUCTED TO WAIT UNTIL TO MORROW THURSDAY AT ONE O'CLOCK BEFORE FILING SUIT AGAINST YOU ON BEHALF OF MISSUS JULIA HURSTWOOD FOR DIVORCE AND ALIMONY," Dear Sir, we beg to inform you that we are instructed to wait until tomorrow Thursday at 1 o'clock before filing suit against you on behalf of Mrs. Julia Herstwood for divorce and alimony."
Whisper Tiny,ls_clean_71,LibriSpeech (Clean),3.45,0.1121,0.001,0.0325,33.33,16.22,80.0,66.67,72.73,VERY TRULY YOURS ET CETERA COMPROMISE," very truly yours, etc. Compromise"
Whisper Tiny,ls_clean_72,LibriSpeech (Clean),4.42,0.1902,0.0064,0.043,6.25,2.74,93.75,93.75,93.75,SO HERE IT WAS SPREAD OUT CLEAR BEFORE HIM AND NOW HE KNEW WHAT TO EXPECT," So here it was, bread out clear before him, and now he knew what to expect."
Whisper Tiny,ls_clean_73,LibriSpeech (Clean),3.01,0.1491,0.0017,0.0495,0.0,0.0,100.0,100.0,100.0,IF HE DIDN'T GO AND SEE THEM THEY WOULD SUE HIM PROMPTLY," If he didn't go and see them, they would sue him promptly."
Whisper Tiny,ls_clean_74,LibriSpeech (Clean),15.51,0.5145,0.0151,0.0332,7.84,6.99,94.0,92.16,93.07,MINNIE'S FLAT AS THE ONE FLOOR RESIDENT APARTMENTS WERE THEN BEING CALLED WAS IN A PART OF WEST VAN BUREN STREET INHABITED BY FAMILIES OF LABOURERS AND CLERKS MEN WHO HAD COME AND WERE STILL COMING WITH THE RUSH OF POPULATION POURING IN AT THE RATE OF FIFTY THOUSAND A YEAR," Many's flat as the one floor resident apartments were then being called was in a part of West Van Buren Street inhabited by families of laborers and clerks. Men who had come and were still coming with the rush of population pouring in at the rate of 50,000 a year."
Whisper Tiny,ls_clean_75,LibriSpeech (Clean),7.04,0.2993,0.0112,0.0425,7.41,2.33,92.59,92.59,92.59,TO CARRIE THE SOUND OF THE LITTLE BELLS UPON THE HORSE CARS AS THEY TINKLED IN AND OUT OF HEARING WAS AS PLEASING AS IT WAS NOVEL, To carry the sound of the little bells upon the horse cars as they tingled in and out of hearing was as pleasing as it was novel.
Whisper Tiny,ls_clean_76,LibriSpeech (Clean),5.09,0.2076,0.0411,0.0408,0.0,0.0,100.0,100.0,100.0,TO HIM THE PRESENCE OR ABSENCE OF HIS WIFE'S SISTER WAS A MATTER OF INDIFFERENCE," To him, the presence or absence of his wife's sister was a matter of indifference."
Whisper Tiny,ls_clean_77,LibriSpeech (Clean),7.7,0.3235,0.0088,0.042,4.0,0.79,96.0,96.0,96.0,HE WAS OF A CLEAN SAVING DISPOSITION AND HAD ALREADY PAID A NUMBER OF MONTHLY INSTALMENTS ON TWO LOTS FAR OUT ON THE WEST SIDE," He was of a clean, saving disposition and had already paid a number of monthly installments on two lots far out on the west side."
Whisper Tiny,ls_clean_78,LibriSpeech (Clean),3.21,0.175,0.0045,0.0545,0.0,0.0,100.0,100.0,100.0,HIS AMBITION WAS SOME DAY TO BUILD A HOUSE ON THEM, His ambition was some day to build a house on them.
Whisper Tiny,ls_clean_79,LibriSpeech (Clean),6.37,0.2721,0.0391,0.0427,0.0,0.0,100.0,100.0,100.0,SHE HAD SOME SLIGHT GIFT OF OBSERVATION AND THAT SENSE SO RICH IN EVERY WOMAN INTUITION," She had some slight gift of observation, and that sense, so rich in every woman, intuition."
Whisper Tiny,ls_clean_80,LibriSpeech (Clean),2.75,0.138,0.0054,0.0502,0.0,0.0,100.0,100.0,100.0,THE WALLS OF THE ROOMS WERE DISCORDANTLY PAPERED, The walls of the rooms were discordantly papered.
Whisper Tiny,ls_clean_81,LibriSpeech (Clean),4.4,0.1768,0.0059,0.0402,0.0,0.0,100.0,100.0,100.0,THE FLOORS WERE COVERED WITH MATTING AND THE HALL LAID WITH A THIN RAG CARPET, The floors were covered with matting and the hall laid with a thin rag carpet.
Whisper Tiny,ls_clean_82,LibriSpeech (Clean),5.38,0.2039,0.0046,0.0379,5.88,1.18,94.12,94.12,94.12,THEN SHE WALKED AND SANG TO IT UNTIL HANSON DISTURBED IN HIS READING CAME AND TOOK IT," Then she walked and sang to it until Hansen, disturbed in his reading, came and took it."
Whisper Tiny,ls_clean_83,LibriSpeech (Clean),3.35,0.1468,0.001,0.0438,0.0,0.0,100.0,100.0,100.0,ONE COULD SEE THAT HE WAS VERY MUCH WRAPPED UP IN HIS OFFSPRING, One could see that he was very much wrapped up in his offspring.
Whisper Tiny,ls_clean_84,LibriSpeech (Clean),7.42,0.2043,0.0028,0.0275,0.0,0.0,100.0,100.0,100.0,NOW NOW HE SAID WALKING THERE THERE AND THERE WAS A CERTAIN SWEDISH ACCENT NOTICEABLE IN HIS VOICE," Now now he said walking there there, and there was a certain Swedish accent noticeable in his voice."
Whisper Tiny,ls_clean_85,LibriSpeech (Clean),2.46,0.1131,0.0059,0.046,0.0,0.0,100.0,100.0,100.0,HE SEEMED TO BE THINKING OF SOMETHING ELSE, He seemed to be thinking of something else.
Whisper Tiny,ls_clean_86,LibriSpeech (Clean),5.08,0.1796,0.0052,0.0354,6.67,4.71,93.33,93.33,93.33,MINNIE BEGAN TO EXPLAIN BUT HER HUSBAND TOOK THIS PART OF THE CONVERSATION TO HIMSELF," Many began to explain, but her husband took this part of the conversation to himself."
Whisper Tiny,ls_clean_87,LibriSpeech (Clean),3.16,0.1429,0.0019,0.0452,0.0,0.0,100.0,100.0,100.0,YOU COULD GET HOME EASY TOO IT ISN'T VERY FAR," You could get home easy, too. It isn't very far."
Whisper Tiny,ls_clean_88,LibriSpeech (Clean),8.6,0.3226,0.0134,0.0375,12.12,9.49,87.88,87.88,87.88,SHE ASKED MINNIE FOR INK AND PAPER WHICH WERE UPON THE MANTEL IN THE DINING ROOM AND WHEN THE LATTER HAD GONE TO BED AT TEN GOT OUT DROUET'S CARD AND WROTE HIM," She asked committee for ink and paper, which were upon the mantle in the dining room, and when the latter had gone to bed at 10, got out Joe's card and wrote him."
Whisper Tiny,ls_clean_89,LibriSpeech (Clean),4.73,0.1813,0.0087,0.0383,0.0,0.0,100.0,100.0,100.0,SHE WANTED TO MAKE SOME REFERENCE TO THEIR RELATIONS UPON THE TRAIN BUT WAS TOO TIMID," She wanted to make some reference to their relations upon the train, but was too timid."
Whisper Tiny,ls_clean_90,LibriSpeech (Clean),5.33,0.1958,0.0012,0.0367,11.76,14.81,93.75,88.24,90.91,ANYTHING WAS GOOD ENOUGH SO LONG AS IT PAID SAY FIVE DOLLARS A WEEK TO BEGIN WITH, Anything was good enough so long as it paid say $5 a week to begin with.
Whisper Tiny,ls_clean_91,LibriSpeech (Clean),3.36,0.1505,0.0038,0.0448,0.0,0.0,100.0,100.0,100.0,A SHOP GIRL WAS THE DESTINY PREFIGURED FOR THE NEWCOMER, A shop girl was the destiny pre-figured for the newcomer.
Whisper Tiny,ls_clean_92,LibriSpeech (Clean),5.02,0.1756,0.0064,0.035,0.0,0.0,100.0,100.0,100.0,IT WAS UNDER SUCH AUSPICIOUS CIRCUMSTANCES THAT SHE STARTED OUT THIS MORNING TO LOOK FOR WORK, It was under such auspicious circumstances that she started out this morning to look for work.
Whisper Tiny,ls_clean_93,LibriSpeech (Clean),8.45,0.2558,0.004,0.0303,18.18,4.0,90.0,81.82,85.71,NARROW BOARD WALKS EXTENDED OUT PASSING HERE A HOUSE AND THERE A STORE AT FAR INTERVALS EVENTUALLY ENDING ON THE OPEN PRAIRIE," Narrow boardwalks extended out passing here a house and their store at far intervals, eventually ending on the open prairie."
Whisper Tiny,ls_clean_94,LibriSpeech (Clean),7.38,0.2569,0.0073,0.0348,8.0,0.74,92.31,96.0,94.12,IT GAVE AN IMPOSING APPEARANCE TO MOST OF THE WHOLESALE HOUSES WHOSE OFFICES WERE UPON THE GROUND FLOOR AND IN PLAIN VIEW OF THE STREET, It gave an imposing appearance to most of the wholesale houses whose offices were up on the ground floor and in plain view of the street.
Whisper Tiny,ls_clean_95,LibriSpeech (Clean),2.98,0.0989,0.0009,0.0332,0.0,0.0,100.0,100.0,100.0,THESE VAST BUILDINGS WHAT WERE THEY," These vast buildings, what were they?"
Whisper Tiny,ls_clean_96,LibriSpeech (Clean),9.02,0.3438,0.051,0.0381,0.0,0.0,100.0,100.0,100.0,SHE WAS FOUR YEARS OLDER THAN I TO BE SURE AND HAD SEEN MORE OF THE WORLD BUT I WAS A BOY AND SHE WAS A GIRL AND I RESENTED HER PROTECTING MANNER," She was four years older than I, to be sure, and had seen more of the world. But I was a boy, and she was a girl, and I resented her protecting manner."
Whisper Tiny,ls_clean_97,LibriSpeech (Clean),3.92,0.1493,0.0133,0.0381,0.0,0.0,100.0,100.0,100.0,THIS CHANGE CAME ABOUT FROM AN ADVENTURE WE HAD TOGETHER, This change came about from an adventure we had together.
Whisper Tiny,ls_clean_98,LibriSpeech (Clean),8.84,0.4156,0.0256,0.047,11.54,4.38,88.89,92.31,90.57,ONE DAY WHEN I RODE OVER TO THE SHIMERDAS I FOUND ANTONIA STARTING OFF ON FOOT FOR RUSSIAN PETER'S HOUSE TO BORROW A SPADE AMBROSCH NEEDED," One day, when I rode over to the Schmerdas, I found Antonia starting off on foot for Russian Peter's house to borrow a spade and broach needed."
Whisper Tiny,ls_clean_99,LibriSpeech (Clean),5.84,0.2043,0.0213,0.035,11.11,4.4,88.89,88.89,88.89,THERE HAD BEEN ANOTHER BLACK FROST THE NIGHT BEFORE AND THE AIR WAS CLEAR AND HEADY AS WINE," There had been another black frost the night before, and the air was clear and he is wine."
Whisper Tiny,ls_clean_100,LibriSpeech (Clean),4.17,0.1419,0.0081,0.034,0.0,0.0,100.0,100.0,100.0,IT WAS ON ONE OF THESE GRAVEL BEDS THAT I MET MY ADVENTURE, It was on one of these gravel beds that I met my adventure.
Whisper Tiny,ls_other_1,LibriSpeech (Challenging),5.41,0.2159,0.0059,0.0399,25.0,15.29,75.0,75.0,75.0,GERAINT AS HE HAD BEEN USED TO DO WHEN HE WAS AT ARTHUR'S COURT FREQUENTED TOURNAMENTS," Duraint, as he had been used to do when he was at Athas Court, frequent determinants."
Whisper Tiny,ls_other_2,LibriSpeech (Challenging),8.45,0.2743,0.0112,0.0325,22.73,9.48,78.26,81.82,80.0,BEFORE GERAINT THE SCOURGE OF THE ENEMY I SAW STEEDS WHITE WITH FOAM AND AFTER THE SHOUT OF BATTLE A FEARFUL TORRENT," Before during the score to the enemy, I saw steeds white with foam, and after the shot of a battle, a fearful torrent."
Whisper Tiny,ls_other_3,LibriSpeech (Challenging),2.07,0.0868,0.002,0.0419,20.0,7.41,80.0,80.0,80.0,THESE TIDINGS CAME TO ERBIN, These tidings came to urban.
Whisper Tiny,ls_other_4,LibriSpeech (Challenging),6.06,0.2154,0.0069,0.0355,5.56,2.2,94.44,94.44,94.44,NOT I BY MY CONFESSION UNTO HEAVEN SAID SHE THERE IS NOTHING MORE HATEFUL UNTO ME THAN THIS," Not I, by my confession unto Heaven, said she, there was nothing more hateful unto me than this."
Whisper Tiny,ls_other_5,LibriSpeech (Challenging),3.58,0.139,0.0091,0.0388,38.46,21.31,61.54,61.54,61.54,AND THE TEARS SHE SHED AND THE WORDS SHE HAD SPOKEN AWOKE HIM, and the tears she said in the word she had spoken to welcome.
Whisper Tiny,ls_other_6,LibriSpeech (Challenging),8.63,0.3006,0.0048,0.0348,16.0,6.06,88.0,88.0,88.0,AND EVIL BETIDE ME SAID HE IF THOU RETURNEST HERE UNTIL THOU KNOWEST WHETHER I HAVE LOST MY STRENGTH SO COMPLETELY AS THOU DIDST SAY," And evil be tied me, said he, if thou returnest here, until thou knowest, whether I have lost my strength, so completely as thou disse."
Whisper Tiny,ls_other_7,LibriSpeech (Challenging),2.2,0.1074,0.0063,0.0488,16.67,6.67,83.33,83.33,83.33,THEN GERAINT WENT TO SEE ERBIN, Then Geraint went to see Urban.
Whisper Tiny,ls_other_8,LibriSpeech (Challenging),5.2,0.2058,0.0023,0.0396,26.32,9.09,82.35,73.68,77.78,SIR SAID HE I AM GOING UPON A QUEST AND I AM NOT CERTAIN WHEN I MAY COME BACK," Sir, said he, I'm going upon the quest and I'm not certain when I may come back."
Whisper Tiny,ls_other_9,LibriSpeech (Challenging),3.78,0.1429,0.0069,0.0378,22.22,7.14,77.78,77.78,77.78,TAKE HEED THEREFORE UNTO THY POSSESSIONS UNTIL MY RETURN, Take heed therefore onto their possessions until my return.
Whisper Tiny,ls_other_10,LibriSpeech (Challenging),2.63,0.1051,0.0023,0.0399,0.0,0.0,100.0,100.0,100.0,BUT ONE PERSON ONLY WILL GO WITH ME, But one person only will go with me.
Whisper Tiny,ls_other_11,LibriSpeech (Challenging),5.55,0.2081,0.0056,0.0375,10.0,3.26,90.48,95.0,92.68,AND HE DESIRED ENID TO MOUNT HER HORSE AND TO RIDE FORWARD AND TO KEEP A LONG WAY BEFORE HIM, And he desired in it to mount her horse and to ride forward and to keep a long way before him.
Whisper Tiny,ls_other_12,LibriSpeech (Challenging),4.59,0.1526,0.0027,0.0333,0.0,0.0,100.0,100.0,100.0,AND UNLESS I SPEAK UNTO THEE SAY NOT THOU ONE WORD EITHER," And unless I speak unto thee, say not thou one word either."
Whisper Tiny,ls_other_13,LibriSpeech (Challenging),7.15,0.244,0.0026,0.0341,8.33,3.64,91.67,91.67,91.67,AND THOUGH THOU SHOULDST DESIRE TO SEE MY DEFEAT AND MY DEATH BY THE HANDS OF THOSE MEN YET DO I FEEL NO DREAD," And though thou should desire to see my defeat in my death by the hands of those men, yet do I feel no dread."
Whisper Tiny,ls_other_14,LibriSpeech (Challenging),3.21,0.1212,0.0012,0.0378,37.5,15.38,62.5,62.5,62.5,AND HE RECEIVED HIM AND THAT NOT FEEBLY, and you receive them and that not feebly.
Whisper Tiny,ls_other_15,LibriSpeech (Challenging),4.89,0.1658,0.0046,0.0339,0.0,0.0,100.0,100.0,100.0,AND SAY NOT ONE WORD UNTO ME UNLESS I SPEAK FIRST UNTO THEE, and say not one word unto me unless I speak first unto thee.
Whisper Tiny,ls_other_16,LibriSpeech (Challenging),5.32,0.1933,0.0041,0.0363,0.0,0.0,100.0,100.0,100.0,I WILL DO AS FAR AS I CAN LORD SAID SHE ACCORDING TO THY DESIRE," I will do as far as I can, Lord, said she, according to thy desire."
Whisper Tiny,ls_other_17,LibriSpeech (Challenging),3.93,0.1401,0.0332,0.0356,36.36,15.52,66.67,72.73,69.57,AH MAIDEN SAID HE IT IS VAIN TO ATTEMPT PROCEEDING FORWARD, I made and said he had is vain to attempt proceeding forward.
Whisper Tiny,ls_other_18,LibriSpeech (Challenging),7.08,0.3066,0.005,0.0433,9.52,5.22,90.48,90.48,90.48,I CANNOT BY ANY MEANS REFRAIN FROM SLEEP THROUGH WEARINESS SAID HE DO THOU THEREFORE WATCH THE HORSES AND SLEEP NOT," I cannot by any means refrain from sleep through weariness that he, do thou therefore wash the horses and sleep not?"
Whisper Tiny,ls_other_19,LibriSpeech (Challenging),6.52,0.3582,0.0384,0.0549,17.39,5.56,84.0,91.3,87.5,AND WHEN SHE SAW THE DAWN OF DAY APPEAR SHE LOOKED AROUND HER TO SEE IF HE WERE WAKING AND THEREUPON HE WOKE," And when she saw the dawn of day up here, she looked around her to see if he were waking, and there upon he woke."
Whisper Tiny,ls_other_20,LibriSpeech (Challenging),5.88,0.2478,0.0185,0.0421,22.73,9.09,78.26,81.82,80.0,AND THEY LEFT THE WOOD AND THEY CAME TO AN OPEN COUNTRY WITH MEADOWS ON ONE HAND AND MOWERS MOWING THE MEADOWS, And they left the word and they came to an open country with medals on one hand and Mo is mowing the medals.
Whisper Tiny,ls_other_21,LibriSpeech (Challenging),5.46,0.2332,0.0063,0.0427,47.06,22.5,56.25,52.94,54.55,MY LORD HE ADDED WILL IT BE DISPLEASING TO THEE IF I ASK WHENCE THOU COMEST ALSO," My lord, he added, will it be displeasing to the FIS when Stalk comes down so?"
Whisper Tiny,ls_other_22,LibriSpeech (Challenging),4.39,0.1754,0.0019,0.0399,14.29,4.41,85.71,85.71,85.71,WILT THOU FOLLOW MY COUNSEL SAID THE YOUTH AND TAKE THY MEAL FROM ME," Will thou follow my counsel, said the youth, and take thy meal for me?"
Whisper Tiny,ls_other_23,LibriSpeech (Challenging),2.69,0.1033,0.0011,0.0384,0.0,0.0,100.0,100.0,100.0,WHAT SORT OF MEAL HE INQUIRED, What sort of meal he inquired?
Whisper Tiny,ls_other_24,LibriSpeech (Challenging),2.41,0.1056,0.0015,0.0438,28.57,7.89,71.43,71.43,71.43,THEN THEY WASHED AND TOOK THEIR REPAST, then they watched and took their repost.
Whisper Tiny,ls_other_25,LibriSpeech (Challenging),4.44,0.2074,0.0046,0.0467,23.53,9.46,76.47,76.47,76.47,I GO NOW LORD SAID HE TO MEET THE KNIGHT AND TO CONDUCT HIM TO HIS LODGING," I go now, Lord, said he to meet the night in the contact him to his lodging."
Whisper Tiny,ls_other_26,LibriSpeech (Challenging),3.52,0.1376,0.0023,0.0391,0.0,0.0,100.0,100.0,100.0,I WILL DO LORD SAID SHE AS THOU SAYEST," I will do Lord,"" said she, as thou sayest."
Whisper Tiny,ls_other_27,LibriSpeech (Challenging),5.03,0.2005,0.0105,0.0399,18.75,9.09,82.35,87.5,84.85,AND AFTER THEY HAD EATEN AND DRANK GERAINT WENT TO SLEEP AND SO DID ENID ALSO," And after they had eaten and drank, drain went to sleep, and so did he need also."
Whisper Tiny,ls_other_28,LibriSpeech (Challenging),6.72,0.2374,0.0079,0.0353,10.53,2.63,89.47,89.47,89.47,THE DATES SEEM UNIMPORTANT BUT THROUGHOUT THE PERIOD THE OFFICERS AND MEN OF THE SHIP HAVE BEEN UNREMITTINGLY BUSY," The date seemed unimportant, but throughout the period the officers and men of the ship have been unremittingly busy."
Whisper Tiny,ls_other_29,LibriSpeech (Challenging),9.12,0.3066,0.0089,0.0336,28.0,9.94,72.0,72.0,72.0,BOWERS ATTACKED THE SHIP'S STORES SURVEYED RELISTED AND RESTOWED THEM SAVING VERY MUCH SPACE BY UNSTOWING NUMEROUS CASES AND STOWING THE CONTENTS IN THE LAZARETTE," Bows attack the ship stores, surveyed, realistic, and restilled them, saving very much space by installing numerous cases and storing the contents in the Lazarette."
Whisper Tiny,ls_other_30,LibriSpeech (Challenging),7.08,0.2493,0.0087,0.0352,7.69,7.14,92.31,92.31,92.31,WITHOUT STEAM THE LEAK CAN NOW BE KEPT UNDER WITH THE HAND PUMP BY TWO DAILY EFFORTS OF A QUARTER OF AN HOUR TO TWENTY MINUTES," Without steam, the leak can now be kept under with the hand pump by 2 daily efforts of a quarter of an hour to 20 minutes."
Whisper Tiny,ls_other_31,LibriSpeech (Challenging),6.83,0.2506,0.0101,0.0367,13.64,3.42,90.48,86.36,88.37,AS THE SHIP WAS AND IN HER PRESENT HEAVILY LADEN CONDITION IT WOULD CERTAINLY HAVE TAKEN THREE TO FOUR HOURS EACH DAY," as the ship was, and in a present heavily-laden condition, it would certainly have taken three to four hours each day."
Whisper Tiny,ls_other_32,LibriSpeech (Challenging),3.96,0.1506,0.0031,0.038,0.0,0.0,100.0,100.0,100.0,THE LARGE GREEN TENT WAS PUT UP AND PROPER SUPPORTS MADE FOR IT, The large green tent was put up and proper supports made for it.
Whisper Tiny,ls_other_33,LibriSpeech (Challenging),10.48,0.3645,0.011,0.0348,18.18,5.29,87.1,81.82,84.38,THE ENGINE ROOM STAFF AND ANDERSON'S PEOPLE ON THE ENGINES SCIENTISTS WERE STOWING THEIR LABORATORIES THE COOK REFITTING HIS GALLEY AND SO FORTH NOT A SINGLE SPOT BUT HAD ITS BAND OF WORKERS," The interim staff and Anderson's people on the engines, scientists were storing their laboratories, the cook-refitting is galley, and so forth. Not a single spot, but had its band of workers."
Whisper Tiny,ls_other_34,LibriSpeech (Challenging),5.83,0.2328,0.002,0.0399,15.0,8.42,89.47,85.0,87.18,THE MEN'S SPACE SUCH AS IT IS THEREFORE EXTENDS FROM THE FORE HATCH TO THE STEM ON THE MAIN DECK," The men's base, such as it is, therefore extends from the forehead to the stem on the main deck."
Whisper Tiny,ls_other_35,LibriSpeech (Challenging),9.01,0.3833,0.0476,0.0425,20.0,12.24,83.33,80.0,81.63,UNDER THE FORECASTLE ARE STALLS FOR FIFTEEN PONIES THE MAXIMUM THE SPACE WOULD HOLD THE NARROW IRREGULAR SPACE IN FRONT IS PACKED TIGHT WITH FODDER," Under the four castler stalls of 15 ponies, the maximum space would hold. The narrow irregular space in front is packed tight with fodder."
Whisper Tiny,ls_other_36,LibriSpeech (Challenging),6.86,0.3602,0.0122,0.0525,28.57,12.3,73.91,80.95,77.27,IMMEDIATELY BEHIND THE FORECASTLE BULKHEAD IS THE SMALL BOOBY HATCH THE ONLY ENTRANCE TO THE MEN'S MESS DECK IN BAD WEATHER, Immediately behind the four castle bulkhead is a small booby hatch. The only hand just to the men's mess deck and bad weather.
Whisper Tiny,ls_other_37,LibriSpeech (Challenging),2.53,0.1904,0.0186,0.0753,50.0,35.14,57.14,50.0,53.33,ABAFT THE FORE HATCH IS THE ICE HOUSE, About the 4 hatch is the A-SOS.
Whisper Tiny,ls_other_38,LibriSpeech (Challenging),9.57,0.33,0.021,0.0345,30.0,16.97,78.57,73.33,75.86,WE MANAGED TO GET THREE TONS OF ICE ONE HUNDRED SIXTY TWO CARCASES OF MUTTON AND THREE CARCASES OF BEEF BESIDES SOME BOXES OF SWEETBREADS AND KIDNEYS INTO THIS SPACE," We managed to get three tons of ice, 162 carcasses of mud and three carcasses of beef. Besides some boxes of sweet breads and kidneys into this space."
Whisper Tiny,ls_other_39,LibriSpeech (Challenging),12.41,0.394,0.0073,0.0317,0.0,0.0,100.0,100.0,100.0,THE SACKS CONTAINING THIS LAST ADDED TO THE GOODS ALREADY MENTIONED MAKE A REALLY HEAVY DECK CARGO AND ONE IS NATURALLY ANXIOUS CONCERNING IT BUT EVERYTHING THAT CAN BE DONE BY LASHING AND SECURING HAS BEEN DONE," The sacks containing this last, added to the goods already mentioned, make a really heavy deck cargo. And one is naturally anxious concerning it. But everything that can be done by lashing and securing has been done."
Whisper Tiny,ls_other_40,LibriSpeech (Challenging),5.6,0.1594,0.0023,0.0285,25.0,16.67,75.0,75.0,75.0,FORAGE I ORIGINALLY ORDERED THIRTY TONS OF COMPRESSED OATEN HAY FROM MELBOURNE, 4. I originally ordered 30 tons of compressed outen hay from Melbourne.
Whisper Tiny,ls_other_41,LibriSpeech (Challenging),12.9,0.388,0.0086,0.0301,0.0,0.0,100.0,100.0,100.0,THE SCENE IS WHOLLY ENCHANTING AND SUCH A VIEW FROM SOME SHELTERED SUNNY CORNER IN A GARDEN WHICH BLAZES WITH MASSES OF RED AND GOLDEN FLOWERS TENDS TO FEELINGS OF INEXPRESSIBLE SATISFACTION WITH ALL THINGS," The scene is wholly enchanting, and such a view from some sheltered sunny corner in a garden which blazes with masses of red and golden flowers tends to feelings of inexpressible satisfaction with all things."
Whisper Tiny,ls_other_42,LibriSpeech (Challenging),2.29,0.0874,0.0084,0.0382,0.0,0.0,100.0,100.0,100.0,A GREAT MASS OF PEOPLE ASSEMBLED, A great mass of people assembled.
Whisper Tiny,ls_other_43,LibriSpeech (Challenging),4.2,0.1771,0.0057,0.0422,21.43,8.7,78.57,78.57,78.57,K AND I LUNCHED WITH A PARTY IN THE NEW ZEALAND COMPANY'S SHIP RUAPEHU, K and I lunch with a party in the New Zealand company ship Ruperhul.
Whisper Tiny,ls_other_44,LibriSpeech (Challenging),3.56,0.1477,0.0023,0.0415,11.11,1.96,88.89,88.89,88.89,TELEGRAM TO SAY TERRA NOVA HAD ARRIVED SUNDAY NIGHT," Telegram to say, Tera Nova had arrived Sunday night."
Whisper Tiny,ls_other_45,LibriSpeech (Challenging),6.07,0.2508,0.0057,0.0413,36.84,13.0,71.43,78.95,75.0,A THIRD SLEDGE STANDS ACROSS THE BREAK OF THE POOP IN THE SPACE HITHERTO OCCUPIED BY THE AFTER WINCH, A third sledge stands across the break of the poop and the space here the two are occupied by the after-winch.
Whisper Tiny,ls_other_46,LibriSpeech (Challenging),4.58,0.1533,0.0068,0.0335,30.77,19.72,90.0,69.23,78.26,THE QUANTITY IS TWO AND A HALF TONS AND THE SPACE OCCUPIED CONSIDERABLE, The quantity is 2.5 tons and the space occupied considerable.
Whisper Tiny,ls_other_47,LibriSpeech (Challenging),4.58,0.1808,0.0027,0.0395,0.0,0.0,100.0,100.0,100.0,THE SHIP WAS OVER TWO FEET BY THE STERN BUT THIS WILL SOON BE REMEDIED," The ship was over two feet by the stern, but this will soon be remedied."
Whisper Tiny,ls_other_48,LibriSpeech (Challenging),7.21,0.2599,0.0081,0.0361,4.55,4.2,95.45,95.45,95.45,THEY MUST PERFORCE BE CHAINED UP AND THEY ARE GIVEN WHAT SHELTER IS AFFORDED ON DECK BUT THEIR POSITION IS NOT ENVIABLE," They must propose be chained up and they are given what shelter is afforded on deck, but their position is not enviable."
Whisper Tiny,ls_other_49,LibriSpeech (Challenging),8.37,0.2521,0.0096,0.0301,15.0,3.33,85.0,85.0,85.0,IT IS A PATHETIC ATTITUDE DEEPLY SIGNIFICANT OF COLD AND MISERY OCCASIONALLY SOME POOR BEAST EMITS A LONG PATHETIC WHINE," It was a pathetic attitude, deeply significant of cold and misery. Occasionally, some poor beasts emits a long pathetic wine."
Whisper Tiny,ls_other_50,LibriSpeech (Challenging),4.72,0.2034,0.004,0.0431,6.25,2.56,93.75,93.75,93.75,THERE ARE GENERALLY ONE OR TWO ON WATCH WHICH EASES MATTERS BUT IT IS A SQUASH," There are generally one to two on watch, which eases matters, but it is a squash."
Whisper Tiny,ls_other_51,LibriSpeech (Challenging),4.8,0.1961,0.0034,0.0408,7.14,1.39,92.86,92.86,92.86,LATER IN THE DAY THE WIND HAS VEERED TO THE WESTWARD HEADING US SLIGHTLY," Later in the day, the wind has veered to the westward, heading as slightly."
Whisper Tiny,ls_other_52,LibriSpeech (Challenging),5.28,0.2336,0.046,0.0442,18.75,6.86,92.86,81.25,86.67,OATES AND ATKINSON WITH INTERMITTENT ASSISTANCE FROM OTHERS WERE BUSY KEEPING THE PONIES ON THEIR LEGS, Otson-Akinson with intermittent assistance from others were busy keeping the ponies on their legs.
Whisper Tiny,ls_other_53,LibriSpeech (Challenging),14.78,0.6593,0.0337,0.0446,12.5,4.41,91.3,87.5,89.36,THERE WAS NOTHING FOR IT BUT TO GRAPPLE WITH THE EVIL AND NEARLY ALL HANDS WERE LABOURING FOR HOURS IN THE WAIST OF THE SHIP HEAVING COAL SACKS OVERBOARD AND RE LASHING THE PETROL CASES ET CETERA IN THE BEST MANNER POSSIBLE UNDER SUCH DIFFICULT AND DANGEROUS CIRCUMSTANCES," There was nothing for it but to grapple with the evil, and nearly all hands were laboring for hours in the weights of the ship, heaving coal, sacks overboard, and relashing the petrol cases, etc., in the best manner possible under such difficult and dangerous circumstances."
Whisper Tiny,ls_other_54,LibriSpeech (Challenging),8.31,0.2958,0.0109,0.0356,3.57,1.97,96.43,96.43,96.43,NO SOONER WAS SOME SEMBLANCE OF ORDER RESTORED THAN SOME EXCEPTIONALLY HEAVY WAVE WOULD TEAR AWAY THE LASHING AND THE WORK HAD TO BE DONE ALL OVER AGAIN, No sooner with some semblance of order restored than some exceptionally heavy wave would tear away the lashing and the work had to be done all over again.
Whisper Tiny,ls_other_55,LibriSpeech (Challenging),5.38,0.1969,0.0074,0.0366,20.0,6.49,85.71,80.0,82.76,FROM THIS MOMENT ABOUT FOUR A M THE ENGINE ROOM BECAME THE CENTRE OF INTEREST," From this moment, about 4 am, the engine room became the centre of interest."
Whisper Tiny,ls_other_56,LibriSpeech (Challenging),2.4,0.1038,0.0012,0.0432,0.0,0.0,100.0,100.0,100.0,THE WATER GAINED IN SPITE OF EVERY EFFORT, The water gained in spite of every effort.
Whisper Tiny,ls_other_57,LibriSpeech (Challenging),1.92,0.1084,0.0017,0.0565,0.0,0.0,100.0,100.0,100.0,THE OUTLOOK APPEARED GRIM, The outlook appeared grim.
Whisper Tiny,ls_other_58,LibriSpeech (Challenging),5.49,0.1897,0.0069,0.0346,0.0,0.0,100.0,100.0,100.0,THE AMOUNT OF WATER WHICH WAS BEING MADE WITH THE SHIP SO ROUGHLY HANDLED WAS MOST UNCERTAIN, The amount of water which was being made with the ship so roughly handled was most uncertain.
Whisper Tiny,ls_other_59,LibriSpeech (Challenging),5.39,0.1872,0.0049,0.0347,0.0,0.0,100.0,100.0,100.0,WILLIAMS HAD TO CONFESS HE WAS BEATEN AND MUST DRAW FIRES WHAT WAS TO BE DONE, Williams had to confess he was beaten and must draw fires. What was to be done?
Whisper Tiny,ls_other_60,LibriSpeech (Challenging),2.78,0.1156,0.0022,0.0416,11.11,6.52,88.89,88.89,88.89,THE BILGE PUMP IS DEPENDENT ON THE MAIN ENGINE, The build pump is dependent on the main engine.
Whisper Tiny,ls_other_61,LibriSpeech (Challenging),4.26,0.1834,0.0042,0.043,13.33,1.43,92.86,86.67,89.66,ON ONE OCCASION I WAS WAIST DEEP WHEN STANDING ON THE RAIL OF THE POOP," On one occasion, I was waist-deep when standing on the rail of the poop."
Whisper Tiny,ls_other_62,LibriSpeech (Challenging),15.77,0.538,0.0094,0.0341,16.36,6.19,85.19,83.64,84.4,THE AFTERGUARD WERE ORGANISED IN TWO PARTIES BY EVANS TO WORK BUCKETS THE MEN WERE KEPT STEADILY GOING ON THE CHOKED HAND PUMPS THIS SEEMED ALL THAT COULD BE DONE FOR THE MOMENT AND WHAT A MEASURE TO COUNT AS THE SOLE SAFEGUARD OF THE SHIP FROM SINKING PRACTICALLY AN ATTEMPT TO BALE HER OUT," The after-guid were organized in two parties by evidence to work buckets. The men were kept steadily going on the choked hand pumps. This seemed all there could be done for the moment, and what a measured account is the sole safeguard of the ship from sinking. Practically an attempt to bail her out."
Whisper Tiny,ls_other_63,LibriSpeech (Challenging),5.44,0.2195,0.0072,0.0404,0.0,0.0,100.0,100.0,100.0,OCCASIONALLY A HEAVY SEA WOULD BEAR ONE OF THEM AWAY AND HE WAS ONLY SAVED BY HIS CHAIN," Occasionally, a heavy sea would bear one of them away, and he was only saved by his chain."
Whisper Tiny,ls_other_64,LibriSpeech (Challenging),2.87,0.1335,0.0013,0.0465,0.0,0.0,100.0,100.0,100.0,NOW THIS IS HOW ARTHUR HUNTED THE STAG, Now this is how Arthur hunted the stag.
Whisper Tiny,ls_other_65,LibriSpeech (Challenging),5.63,0.2181,0.0076,0.0387,11.11,4.65,88.89,88.89,88.89,AND THE LAST DOG THAT WAS LET LOOSE WAS THE FAVORITE DOG OF ARTHUR CAVALL WAS HIS NAME, And the last dog that was let loose was a favorite dog of Arthur. Caval was his name.
Whisper Tiny,ls_other_66,LibriSpeech (Challenging),4.6,0.1739,0.002,0.0378,23.08,6.94,78.57,84.62,81.48,THEN THEY SOUNDED THE DEATH HORN FOR SLAYING AND THEY ALL GATHERED ROUND," Then they sound of the death horn for slaying, and they all gather round."
Whisper Tiny,ls_other_67,LibriSpeech (Challenging),6.92,0.2477,0.0064,0.0358,4.35,1.83,95.65,95.65,95.65,ONE WISHED THAT IT SHOULD BE GIVEN TO THE LADY BEST BELOVED BY HIM AND ANOTHER TO THE LADY WHOM HE LOVED BEST, One wish that it should be given to the lady best beloved by him. And another to the lady whom he loved best.
Whisper Tiny,ls_other_68,LibriSpeech (Challenging),16.02,0.543,0.0674,0.0339,14.89,3.24,87.23,87.23,87.23,AND AFTER MIDDAY THEY BEHELD AN UNSHAPELY LITTLE MAN UPON A HORSE AND AFTER HIM A DAME OR A DAMSEL ALSO ON HORSEBACK AND AFTER HER A KNIGHT OF LARGE STATURE BOWED DOWN AND HANGING HIS HEAD LOW AND SORROWFULLY AND CLAD IN BROKEN AND WORTHLESS ARMOR," And after midday they be held an unshapedly little man upon a horse, and after him a day more damsel, also on horseback, and after her a night of large stature bowed down and hanging his head low and sorrowfully, and clad in broken and worthless armor."
Whisper Tiny,ls_other_69,LibriSpeech (Challenging),10.26,0.4872,0.0219,0.0475,12.5,1.96,87.88,90.62,89.23,I KNOW NOT WHO THEY ARE SAID HE BUT I KNOW SAID GUENEVER THIS IS THE KNIGHT WHOM GERAINT PURSUED AND METHINKS THAT HE COMES NOT HERE BY HIS OWN FREE WILL," I know not who they are, said he. But I know, said Gwenever. This is the night whom Geraint pursued. And me thinks that he comes not here by his own free will."
Whisper Tiny,ls_other_70,LibriSpeech (Challenging),4.76,0.2123,0.0325,0.0446,13.33,3.61,86.67,86.67,86.67,BUT GERAINT HAS OVERTAKEN HIM AND AVENGED THE INSULT TO THE MAIDEN TO THE UTTERMOST, but geraint has overtaken him and avenge the insult of the maiden to the uttermost.
Whisper Tiny,ls_other_71,LibriSpeech (Challenging),7.67,0.2791,0.0038,0.0364,11.54,3.74,88.46,88.46,88.46,LADY SAID HE AT THE GATE THERE IS A KNIGHT AND I SAW NEVER A MAN OF SO PITIFUL AN ASPECT TO LOOK UPON AS HE," Lady said he, at the gate there was a night, and I saw never a man of so pitiful and aspect to look upon as he."
Whisper Tiny,ls_other_72,LibriSpeech (Challenging),5.2,0.1993,0.0043,0.0383,13.33,6.9,86.67,86.67,86.67,I DO SAID HE HE TELLS ME THAT HE IS EDEYRN THE SON OF NUDD," I do, said he. He tells me that he is Edarin, the son of Nude."
Whisper Tiny,ls_other_73,LibriSpeech (Challenging),3.3,0.1042,0.0019,0.0316,0.0,0.0,100.0,100.0,100.0,THEN SHE REPLIED I KNOW HIM NOT," Then she replied, I know him not."
Whisper Tiny,ls_other_74,LibriSpeech (Challenging),3.38,0.1691,0.0018,0.05,8.33,3.64,91.67,91.67,91.67,SO GUENEVER WENT TO THE GATE TO MEET HIM AND HE ENTERED, So Gwynever went to the gate to meet him and he entered.
Whisper Tiny,ls_other_75,LibriSpeech (Challenging),9.73,0.3764,0.0024,0.0387,28.57,10.75,72.97,77.14,75.0,AND GERAINT GREETS THEE WELL AND IN GREETING THEE HE COMPELLED ME TO COME HITHER TO DO THY PLEASURE FOR THE INSULT WHICH THY MAIDEN RECEIVED FROM THE DWARF NOW WHERE DID HE OVERTAKE THEE," And Durain greets the well, and in greeting the he compelled me to come here that to do thy pleasure for the insult which thy maid and receive from the dwarf. No way did he overtake thee?"
Whisper Tiny,ls_other_76,LibriSpeech (Challenging),5.01,0.1674,0.0037,0.0334,36.36,17.54,66.67,72.73,69.57,SIR SAID SHE WHEN THINKEST THOU THAT GERAINT WILL BE HERE," Sir, said she, when think is down, that terrain will be here."
Whisper Tiny,ls_other_77,LibriSpeech (Challenging),3.35,0.1632,0.0041,0.0487,25.0,7.41,81.82,75.0,78.26,TO MORROW LADY I THINK HE WILL BE HERE WITH THE MAIDEN," Tomorrow, lady, I think you will be here with the maiden."
Whisper Tiny,ls_other_78,LibriSpeech (Challenging),6.28,0.2103,0.0036,0.0335,12.5,5.95,87.5,87.5,87.5,I AM LORD SAID HE AND I HAVE MET WITH MUCH TROUBLE AND RECEIVED WOUNDS UNSUPPORTABLE," I am Lloyd, so he and I have met with much trouble and received wounds unsupportable."
Whisper Tiny,ls_other_79,LibriSpeech (Challenging),5.49,0.201,0.0045,0.0366,26.67,14.63,75.0,80.0,77.42,WELL SAID ARTHUR FROM WHAT I HEAR IT BEHOOVES GUENEVER TO BE MERCIFUL TOWARDS THEE," Well, that other from what I hear it behooves whenever it to be merciful towards thee."
Whisper Tiny,ls_other_80,LibriSpeech (Challenging),10.18,0.3199,0.0104,0.0314,9.68,4.03,93.55,93.55,93.55,THE MERCY WHICH THOU DESIREST LORD SAID SHE WILL I GRANT TO HIM SINCE IT IS AS INSULTING TO THEE THAT AN INSULT SHOULD BE OFFERED TO ME AS TO THYSELF, The mercy which thou desire as Lord said she will I grant to him. Since it is insulting to thee that an insult should be offered to me as to thyself.
Whisper Tiny,ls_other_81,LibriSpeech (Challenging),6.6,0.2489,0.0063,0.0377,21.74,13.08,82.61,82.61,82.61,THUS WILL IT BE BEST TO DO SAID ARTHUR LET THIS MAN HAVE MEDICAL CARE UNTIL IT BE KNOWN WHETHER HE MAY LIVE, Those will be best to do. Set out there. Let this man have medical care until it be known whether he may live.
Whisper Tiny,ls_other_82,LibriSpeech (Challenging),2.44,0.1253,0.0023,0.0513,57.14,20.51,50.0,57.14,53.33,TO GUENEVER AND HER HANDMAIDENS SAID HE," To quiver in her hand, maiden said he."
Whisper Tiny,ls_other_83,LibriSpeech (Challenging),2.83,0.1236,0.0027,0.0437,0.0,0.0,100.0,100.0,100.0,AND THE STEWARD OF THE HOUSEHOLD SO ORDERED HER, and the steward of the household so ordered her.
Whisper Tiny,ls_other_84,LibriSpeech (Challenging),12.28,0.3737,0.0082,0.0304,5.88,1.76,94.12,94.12,94.12,AND BEING YOUNG HE CHANGED HIMSELF AND GREW TO HATE THE SIN THAT SEEM'D SO LIKE HIS OWN OF MODRED ARTHUR'S NEPHEW AND FELL AT LAST IN THE GREAT BATTLE FIGHTING FOR THE KING," And being young, he changed himself and grew to hate the sin that seemed so like his own. Of Maudred, Arthur's nephew, and fell at last, in the great battle fighting for the King."
Whisper Tiny,ls_other_85,LibriSpeech (Challenging),4.21,0.2461,0.0237,0.0584,38.46,23.53,66.67,76.92,71.43,AND WHEN GERAINT CAME TO THE PLACE WHERE GUENEVER WAS HE SALUTED HER," And when Jiren came to the place with one of her was, he saluted her."
Whisper Tiny,ls_other_86,LibriSpeech (Challenging),2.21,0.1501,0.0027,0.0679,0.0,0.0,100.0,100.0,100.0,THEN THEY WENT IN AND DISMOUNTED, Then they went in and dismounted.
Whisper Tiny,ls_other_87,LibriSpeech (Challenging),4.58,0.2099,0.0054,0.0458,7.69,2.86,92.31,92.31,92.31,HEAVEN PROTECT THEE SAID ARTHUR AND THE WELCOME OF HEAVEN BE UNTO THEE," Heaven protect thee, say, Arthur, and the welcome of heaven be unto thee."
Whisper Tiny,ls_other_88,LibriSpeech (Challenging),7.38,0.3247,0.047,0.044,29.41,8.6,73.68,82.35,77.78,AND INASMUCH AS THOU HAST VANQUISHED EDEYRN THE SON OF NUDD THOU HAST HAD A PROSPEROUS CAREER," And, and as much as thou hast vanquished Edward, the son of Nud, thou hast had a prosperous career."
Whisper Tiny,ls_other_89,LibriSpeech (Challenging),2.54,0.1149,0.0016,0.0452,0.0,0.0,100.0,100.0,100.0,AND FROM THAT TIME SHE BECAME HIS WIFE, And from that time she became his wife.
Whisper Tiny,ls_other_90,LibriSpeech (Challenging),9.85,0.3459,0.0093,0.0351,6.06,2.42,93.94,93.94,93.94,AND THE MAIDEN TOOK UP HER ABODE IN THE PALACE AND SHE HAD MANY COMPANIONS BOTH MEN AND WOMEN AND THERE WAS NO MAIDEN MORE ESTEEMED THAN SHE IN THE ISLAND OF BRITAIN," and the maiden took up her abode in the palace and she had many companions, both men and women, and there was no maiden more steamed than she and the island of Britain."
Whisper Tiny,ls_other_91,LibriSpeech (Challenging),6.79,0.2452,0.0034,0.0361,0.0,0.0,100.0,100.0,100.0,AND A YEAR AND A SECOND AND A THIRD HE PROCEEDED THUS UNTIL HIS FAME HAD FLOWN OVER THE FACE OF THE KINGDOM," And a year, and a second, and a third he proceeded thus, until his fame had flown over the face of the kingdom."
Whisper Tiny,ls_other_92,LibriSpeech (Challenging),6.55,0.2377,0.005,0.0363,5.0,1.03,95.0,95.0,95.0,AND HE GREETS THEE WELL AS AN UNCLE SHOULD GREET HIS NEPHEW AND AS A VASSAL SHOULD GREET HIS LORD," And he greets the well as an uncle should greet his nephew, and as a vassal should greet his lord."
Whisper Tiny,ls_other_93,LibriSpeech (Challenging),6.11,0.1851,0.0026,0.0303,18.75,5.0,81.25,81.25,81.25,AND THE NEIGHBORING CHIEFS KNOWING THIS GROW INSOLENT TOWARDS HIM AND COVET HIS LAND AND POSSESSIONS, and the neighboring chiefs knowing this grow insulin toward him and cover his land and possessions.
Whisper Tiny,ls_other_94,LibriSpeech (Challenging),13.56,0.4731,0.0059,0.0349,7.14,5.31,92.86,92.86,92.86,AND ARTHUR TOLD GERAINT THE CAUSE OF THE MISSION AND OF THE COMING OF THE AMBASSADORS TO HIM OUT OF CORNWALL TRULY SAID GERAINT BE IT TO MY ADVANTAGE OR DISADVANTAGE LORD I WILL DO ACCORDING TO THY WILL CONCERNING THIS EMBASSY," and Arthur told Jiren the cause of the mission, and of the coming of the ambassadors to him out of Cornwall. Truly said Jiren. Be it to my advantage or disadvantage, Lord. I will do according to thy will concerning the embassy."
Whisper Tiny,ls_other_95,LibriSpeech (Challenging),3.85,0.1369,0.0023,0.0356,11.11,4.0,88.89,88.89,88.89,WHAT DISCOURSE SAID GUENEVER DO I HEAR BETWEEN YOU, What discourse said whenever do I hear between you?
Whisper Tiny,ls_other_96,LibriSpeech (Challenging),5.33,0.1978,0.0076,0.0371,6.25,1.23,93.75,93.75,93.75,SAID GERAINT I THINK I SHALL HAVE ENOUGH OF KNIGHTHOOD WITH ME AND THEY SET FORTH," said Geraint, I think I shall have enough of nighthood with me, and they set forth."
Whisper Tiny,ls_other_97,LibriSpeech (Challenging),4.16,0.1585,0.002,0.0381,33.33,14.71,66.67,66.67,66.67,AND NEVER WAS THERE SEEN A FAIRER HOST JOURNEYING TOWARDS THE SEVERN, and never was there seeing a fair host journeying towards a severance.
Whisper Tiny,ls_other_98,LibriSpeech (Challenging),10.09,0.3414,0.0111,0.0338,10.0,7.58,90.0,90.0,90.0,AND HE SAID TO GERAINT I AM A FEEBLE AND AN AGED MAN AND WHILST I WAS ABLE TO MAINTAIN THE DOMINION FOR THEE AND FOR MYSELF I DID SO," And he said to Durant, I am a feeble and an aged man. And whilst I was able to maintain the demands for thee in for myself, I did so."
Whisper Tiny,ls_other_99,LibriSpeech (Challenging),2.24,0.0985,0.0069,0.044,62.5,17.07,42.86,37.5,40.0,AND EVERY ONE ASKED THAT WHICH HE DESIRED, and everyone asks that what she desired.
Whisper Tiny,ls_other_100,LibriSpeech (Challenging),8.81,0.2633,0.0016,0.0299,15.38,3.03,88.0,84.62,86.27,AND THEY WERE NOT LONG IN GIVING SO EAGER WAS EVERY ONE TO BESTOW GIFTS AND OF THOSE WHO CAME TO ASK GIFTS NONE DEPARTED UNSATISFIED," and they were not long and giving so eager was everyone to bestow gifts. And if those who came to ask gifts, none departed unsatisfied."
Whisper Base,ls_clean_1,LibriSpeech (Clean),6.59,0.3681,0.0549,0.0559,9.09,0.89,91.3,95.45,93.33,HE WAS IN A FEVERED STATE OF MIND OWING TO THE BLIGHT HIS WIFE'S ACTION THREATENED TO CAST UPON HIS ENTIRE FUTURE," He was in a fevered state of mind, owing to the blight his wife's action threatened to cast up on his entire future."
Whisper Base,ls_clean_2,LibriSpeech (Clean),7.14,0.4404,0.0119,0.0617,0.0,0.0,100.0,100.0,100.0,HE WOULD HAVE TO PAY HER THE MONEY WHICH SHE WOULD NOW REGULARLY DEMAND OR THERE WOULD BE TROUBLE IT DID NOT MATTER WHAT HE DID," He would have to pay her the money which she would now regularly demand, or there would be trouble. It did not matter what he did."
Whisper Base,ls_clean_3,LibriSpeech (Clean),4.83,0.2298,0.0591,0.0476,0.0,0.0,100.0,100.0,100.0,HURSTWOOD WALKED THE FLOOR MENTALLY ARRANGING THE CHIEF POINTS OF HIS SITUATION," Hurstwood walked the floor, mentally arranging the chief points of his situation."
Whisper Base,ls_clean_4,LibriSpeech (Clean),2.84,0.1399,0.0032,0.0492,0.0,0.0,100.0,100.0,100.0,HE ALSO THOUGHT OF HIS MANAGERIAL POSITION, He also thought of his managerial position.
Whisper Base,ls_clean_5,LibriSpeech (Clean),1.96,0.1208,0.0084,0.0616,0.0,0.0,100.0,100.0,100.0,HOW WOULD THE PAPERS TALK ABOUT IT, How would the papers talk about it?
Whisper Base,ls_clean_6,LibriSpeech (Clean),5.6,0.2281,0.0033,0.0407,6.67,1.08,93.33,93.33,93.33,MANY LITTLE WRINKLES GATHERED BETWEEN HIS EYES AS HE CONTEMPLATED THIS AND HIS BROW MOISTENED, Many little wrinkles gathered between his eyes as he contemplated this and his brown moistened.
Whisper Base,ls_clean_7,LibriSpeech (Clean),4.97,0.223,0.0042,0.0449,0.0,0.0,100.0,100.0,100.0,HE COULD ARRANGE THAT SATISFACTORILY FOR CARRIE WOULD BE GLAD TO WAIT IF NECESSARY, He could arrange that satisfactorily for Carrie would be glad to wait if necessary.
Whisper Base,ls_clean_8,LibriSpeech (Clean),5.38,0.292,0.0092,0.0543,8.7,0.93,95.45,91.3,93.33,HE WOULD SEE HOW THINGS TURNED OUT TO MORROW AND THEN HE WOULD TALK TO HER THEY WERE GOING TO MEET AS USUAL, He would see how things turned out tomorrow and then he would talk to her. They were going to meet as usual.
Whisper Base,ls_clean_9,LibriSpeech (Clean),6.94,0.358,0.0029,0.0516,0.0,0.0,100.0,100.0,100.0,FOR SOME REASON HE FELT AS IF SOMETHING MIGHT COME THAT WAY AND WAS RELIEVED WHEN ALL THE ENVELOPES HAD BEEN SCANNED AND NOTHING SUSPICIOUS NOTICED," For some reason, he felt as if something might come that way and was relieved when all the envelopes had been scanned and nothing suspicious noticed."
Whisper Base,ls_clean_10,LibriSpeech (Clean),5.82,0.3085,0.0086,0.053,5.0,1.01,95.0,95.0,95.0,WHILE THE DANGER HAD NOT LESSENED IT HAD NOT AS YET MATERIALISED AND WITH HIM NO NEWS WAS GOOD NEWS," While the danger had not lessened, it had not as yet materialized, and with him no news was good news."
Whisper Base,ls_clean_11,LibriSpeech (Clean),5.28,0.2738,0.0081,0.0519,5.26,3.06,94.74,94.74,94.74,SO LITTLE DID HE CONSIDER DROUET THAT IT NEVER ONCE OCCURRED TO HIM TO WORRY ABOUT HIS FINDING OUT, So little did he consider Druah that it never once occurred to him to worry about his finding out.
Whisper Base,ls_clean_12,LibriSpeech (Clean),4.46,0.2214,0.0054,0.0496,7.14,3.9,92.86,92.86,92.86,HE GREW RESTLESS AS HE RUMINATED AND THEN DECIDED THAT PERHAPS IT WAS NOTHING, He grew restless as he remininated and then decided that perhaps it was nothing.
Whisper Base,ls_clean_13,LibriSpeech (Clean),2.5,0.1547,0.0062,0.0619,0.0,0.0,100.0,100.0,100.0,SHE HAD NOT BEEN ABLE TO GET AWAY THIS MORNING, She had not been able to get away this morning.
Whisper Base,ls_clean_14,LibriSpeech (Clean),6.09,0.3207,0.0037,0.0527,8.33,0.98,95.65,91.67,93.62,HE WOULD GET ONE TO DAY IT WOULD PROBABLY BE ON HIS DESK WHEN HE GOT BACK HE WOULD LOOK FOR IT AT ONCE, He would get one today. It would probably be on his desk when he got back. He would look for it at once.
Whisper Base,ls_clean_15,LibriSpeech (Clean),4.07,0.2164,0.0036,0.0532,7.14,8.45,92.86,92.86,92.86,AFTER A TIME HE GAVE UP WAITING AND DREARILY HEADED FOR THE MADISON CAR," After a time, he gave up waiting and generally headed for the Madison car."
Whisper Base,ls_clean_16,LibriSpeech (Clean),3.67,0.2051,0.0014,0.0559,7.69,5.8,92.31,92.31,92.31,HE WENT IN AND EXAMINED HIS LETTERS BUT THERE WAS NOTHING FROM CARRIE," He went in and examined his letters, but there was nothing from Kerry."
Whisper Base,ls_clean_17,LibriSpeech (Clean),2.79,0.1539,0.029,0.0551,0.0,0.0,100.0,100.0,100.0,FORTUNATELY THERE WAS NOTHING FROM HIS WIFE EITHER," Fortunately, there was nothing from his wife either."
Whisper Base,ls_clean_18,LibriSpeech (Clean),4.99,0.3724,0.0127,0.0746,10.53,10.53,94.44,89.47,91.89,AT ONE THIRTY HE WENT TO RECTOR'S FOR LUNCH AND WHEN HE RETURNED A MESSENGER WAS WAITING FOR HIM," At 130, he went to Rector's for lunch, and when he returned, a messenger was waiting for him."
Whisper Base,ls_clean_19,LibriSpeech (Clean),4.54,0.2921,0.0167,0.0643,0.0,0.0,100.0,100.0,100.0,HIS FIRST IMPULSE WAS TO WRITE BUT FOUR WORDS IN REPLY GO TO THE DEVIL, His first impulse was to write but four words in reply. Go to the devil.
Whisper Base,ls_clean_20,LibriSpeech (Clean),3.56,0.2048,0.0167,0.0575,0.0,0.0,100.0,100.0,100.0,BUT HE COMPROMISED BY TELLING THE BOY THAT THERE WOULD BE NO REPLY, but he compromised by telling the boy that there would be no reply.
Whisper Base,ls_clean_21,LibriSpeech (Clean),5.29,0.2586,0.0042,0.0489,0.0,0.0,100.0,100.0,100.0,THEN HE SAT DOWN IN HIS CHAIR AND GAZED WITHOUT SEEING CONTEMPLATING THE RESULT OF HIS WORK," Then he sat down in his chair and gazed without seeing, contemplating the result of his work."
Whisper Base,ls_clean_22,LibriSpeech (Clean),3.37,0.1963,0.0045,0.0582,0.0,0.0,100.0,100.0,100.0,WHAT WOULD SHE DO ABOUT THAT THE CONFOUNDED WRETCH, What would she do about that? The confounded wretch.
Whisper Base,ls_clean_23,LibriSpeech (Clean),3.38,0.1544,0.0039,0.0457,0.0,0.0,100.0,100.0,100.0,LATER HOWEVER HIS OLD DISCRETION ASSERTED ITSELF," Later, however, his old discretion asserted itself."
Whisper Base,ls_clean_24,LibriSpeech (Clean),3.89,0.228,0.0051,0.0586,0.0,0.0,100.0,100.0,100.0,SOMETHING HAD TO BE DONE A CLIMAX WAS NEAR AND SHE WOULD NOT SIT IDLE, Something had to be done. A climax was near and she would not sit idle.
Whisper Base,ls_clean_25,LibriSpeech (Clean),4.5,0.2564,0.0091,0.057,0.0,0.0,100.0,100.0,100.0,HE KNEW HER WELL ENOUGH TO KNOW THAT WHEN SHE HAD DECIDED UPON A PLAN SHE WOULD FOLLOW IT UP," He knew her well enough to know that when she had decided upon a plan, she would follow it up."
Whisper Base,ls_clean_26,LibriSpeech (Clean),3.4,0.1936,0.0031,0.0569,0.0,0.0,100.0,100.0,100.0,HE AROSE FROM HIS CHAIR AND WENT AND LOOKED OUT INTO THE STREET, He arose from his chair and went and looked out into the street.
Whisper Base,ls_clean_27,LibriSpeech (Clean),4.92,0.2384,0.004,0.0484,0.0,0.0,100.0,100.0,100.0,THE LONG DRIZZLE HAD BEGUN PEDESTRIANS HAD TURNED UP COLLARS AND TROUSERS AT THE BOTTOM, The long drizzle had begun. Pedestrians had turned up collars and trousers at the bottom.
Whisper Base,ls_clean_28,LibriSpeech (Clean),3.6,0.216,0.0029,0.06,9.09,1.49,90.91,90.91,90.91,HURSTWOOD ALMOST EXCLAIMED OUT LOUD AT THE INSISTENCY OF THIS THING, Hirstwood almost exclaimed out loud at the insistency of this thing.
Whisper Base,ls_clean_29,LibriSpeech (Clean),2.9,0.1702,0.0068,0.0587,0.0,0.0,100.0,100.0,100.0,HE PUT ON HIS HAT AND LOOKED AROUND FOR HIS UMBRELLA, He put on his hat and looked around for his umbrella.
Whisper Base,ls_clean_30,LibriSpeech (Clean),2.6,0.128,0.0016,0.0492,0.0,0.0,100.0,100.0,100.0,HE WOULD HAVE SOME ARRANGEMENT OF THIS THING, he would have some arrangement of this thing.
Whisper Base,ls_clean_31,LibriSpeech (Clean),6.3,0.3536,0.0094,0.0561,0.0,0.0,100.0,100.0,100.0,HE BEGAN TO WISH THAT HE HAD COMPROMISED IN SOME WAY OR OTHER THAT HE HAD SENT THE MONEY PERHAPS HE COULD DO IT UP HERE, He began to wish that he had compromised in some way or other that he had sent the money. Perhaps he could do it up here.
Whisper Base,ls_clean_32,LibriSpeech (Clean),3.61,0.1826,0.0038,0.0506,0.0,0.0,100.0,100.0,100.0,HE WOULD GO IN AND SEE ANYHOW HE WOULD HAVE NO ROW, He would go in and see anyhow. He would have no row.
Whisper Base,ls_clean_33,LibriSpeech (Clean),10.77,0.4579,0.0125,0.0425,0.0,0.0,100.0,100.0,100.0,BY THE TIME HE REACHED HIS OWN STREET HE WAS KEENLY ALIVE TO THE DIFFICULTIES OF HIS SITUATION AND WISHED OVER AND OVER THAT SOME SOLUTION WOULD OFFER ITSELF THAT HE COULD SEE HIS WAY OUT," By the time he reached his own street, he was keenly alive to the difficulties of his situation and wished over and over that some solution would offer itself, that he could see his way out."
Whisper Base,ls_clean_34,LibriSpeech (Clean),2.85,0.1427,0.0376,0.0501,0.0,0.0,100.0,100.0,100.0,THEN HE RANG THE BELL NO ANSWER, Then he rang the bell. No answer.
Whisper Base,ls_clean_35,LibriSpeech (Clean),4.0,0.2178,0.0106,0.0545,0.0,0.0,100.0,100.0,100.0,HE RANG AGAIN THIS TIME HARDER STILL NO ANSWER, He rang again this time harder. Still no answer.
Whisper Base,ls_clean_36,LibriSpeech (Clean),4.39,0.3068,0.0158,0.0699,6.25,1.22,93.75,93.75,93.75,WHEN HURSTWOOD GOT BACK TO HIS OFFICE AGAIN HE WAS IN A GREATER QUANDARY THAN EVER," When Hirstwood got back to his office again, he was in a greater quandary than ever."
Whisper Base,ls_clean_37,LibriSpeech (Clean),2.75,0.2132,0.0194,0.0775,30.0,8.16,77.78,70.0,73.68,HE COULD HARDLY REALISE HOW IT HAD ALL COME ABOUT, He could hardly realize how it'd all come about.
Whisper Base,ls_clean_38,LibriSpeech (Clean),6.54,0.3626,0.0087,0.0554,0.0,0.0,100.0,100.0,100.0,NO LETTER HAD COME NO WORD OF ANY KIND AND YET HERE IT WAS LATE IN THE EVENING AND SHE HAD AGREED TO MEET HIM THAT MORNING," No letter had come, no word of any kind, and yet here it was late in the evening, and she had agreed to meet him that morning."
Whisper Base,ls_clean_39,LibriSpeech (Clean),4.84,0.2509,0.0035,0.0518,0.0,0.0,100.0,100.0,100.0,HE SAW THAT IN THE EXCITEMENT OF RECENT EVENTS HE HAD NOT FORMULATED A PLAN UPON THAT SCORE," He saw that in the excitement of recent events, he had not formulated a plan upon that score."
Whisper Base,ls_clean_40,LibriSpeech (Clean),5.74,0.3181,0.0057,0.0554,4.55,3.77,95.45,95.45,95.45,HE WAS GETTING SOME VAGUE COMFORT OUT OF A GOOD CIGAR BUT IT WAS NO PANACEA FOR THE ILL WHICH AFFECTED HIM," He was getting some big comfort out of a good cigar, but it was no panacea for the ill which affected him."
Whisper Base,ls_clean_41,LibriSpeech (Clean),11.46,0.4433,0.0161,0.0387,2.78,0.52,97.22,97.22,97.22,IT WAS WITH GREAT OPPOSITION AFTER TWO OR THREE HOURS OF THE MOST URGENT MENTAL AFFIRMATION AND DENIAL THAT AT LAST HE GOT AN ENVELOPE PLACED IN IT THE REQUESTED AMOUNT AND SLOWLY SEALED IT UP, It was with great opposition after two or three hours of the most urgent mental affirmation and denial that at last he got a envelope placed in it the requested amount and slowly sealed it up.
Whisper Base,ls_clean_42,LibriSpeech (Clean),3.38,0.1968,0.0083,0.0582,0.0,0.0,100.0,100.0,100.0,THEN HE CALLED HARRY THE BOY OF ALL WORK AROUND THE PLACE," Then he called Harry, the boy of all work around the place."
Whisper Base,ls_clean_43,LibriSpeech (Clean),7.86,0.3935,0.0069,0.0501,8.7,4.35,91.3,91.3,91.3,YOU TAKE THIS TO THIS ADDRESS HE SAID HANDING HIM THE ENVELOPE AND GIVE IT TO MISSUS HURSTWOOD YES SIR SAID THE BOY," You take this to this address,"" he said, handing him the envelope, and give it to Mrs. Herstwood. Yes, sir,"" said the boy."
Whisper Base,ls_clean_44,LibriSpeech (Clean),2.88,0.1106,0.0021,0.0384,0.0,0.0,100.0,100.0,100.0,ANY ANSWER I GUESS NOT, Any answer? I guess not.
Whisper Base,ls_clean_45,LibriSpeech (Clean),3.73,0.1976,0.009,0.053,0.0,0.0,100.0,100.0,100.0,THE BOY HASTENED AWAY AND THE MANAGER FELL TO HIS MUSINGS, The boy hastened away and the manager fell to his musings.
Whisper Base,ls_clean_46,LibriSpeech (Clean),3.62,0.2166,0.006,0.0598,11.76,1.39,93.75,88.24,90.91,HE WAS BEATEN FOR TO NIGHT AND HE MIGHT JUST AS WELL MAKE THE BEST OF IT, He was beaten for tonight and he might just as well make the best of it.
Whisper Base,ls_clean_47,LibriSpeech (Clean),3.3,0.1827,0.0015,0.0554,0.0,0.0,100.0,100.0,100.0,SHE WOULD TAKE THE ENVELOPE AND KNOW THAT SHE HAD TRIUMPHED, She would take the envelope and know that she had triumphed.
Whisper Base,ls_clean_48,LibriSpeech (Clean),3.09,0.1891,0.0012,0.0612,0.0,0.0,100.0,100.0,100.0,IF HE ONLY HAD THAT LETTER BACK HE WOULDN'T SEND IT," If he only had that letter back, he wouldn't send it."
Whisper Base,ls_clean_49,LibriSpeech (Clean),4.42,0.2292,0.0008,0.0519,6.67,4.82,93.75,100.0,96.77,FOR RELIEF HE AROSE AND JOINED IN CONVERSATION WITH A FEW FRIENDS WHO WERE DRINKING," For relief, he arose and joined in the conversation with a few friends who were drinking."
Whisper Base,ls_clean_50,LibriSpeech (Clean),4.62,0.2617,0.0547,0.0566,11.11,3.3,89.47,94.44,91.89,ALL THE TIME HIS THOUGHTS WOULD RUN OUT TO HIS HOME AND SEE THE SCENE BEING THEREIN ENACTED," All the time, his thoughts would run out to his home and see the scene being there and enacted."
Whisper Base,ls_clean_51,LibriSpeech (Clean),3.04,0.2158,0.0138,0.071,0.0,0.0,100.0,100.0,100.0,IN ABOUT AN HOUR AND THREE QUARTERS THE BOY RETURNED," In about an hour and three quarters, the boy returned."
Whisper Base,ls_clean_52,LibriSpeech (Clean),6.54,0.4712,0.0176,0.072,0.0,0.0,100.0,100.0,100.0,HE FANCIED AS HE SAT AT HIS DESK THAT NOTHING WOULD BE DONE FOR A WEEK OR TWO MEANWHILE HE WOULD HAVE TIME TO THINK," He fancied as he sat at his desk that nothing would be done for a week or two. Meanwhile, he would have time to think."
Whisper Base,ls_clean_53,LibriSpeech (Clean),7.3,0.2956,0.0138,0.0405,4.35,1.68,95.65,95.65,95.65,HOW ABOUT THAT NOW HIS PAIN AT HER FAILURE TO MEET OR WRITE HIM RAPIDLY INCREASED AS HE DEVOTED HIMSELF TO THIS SUBJECT, How about that now? His pain at her failure to meet or write him rapidly increased as he devoted himself to the subject.
Whisper Base,ls_clean_54,LibriSpeech (Clean),6.75,0.3211,0.0098,0.0476,0.0,0.0,100.0,100.0,100.0,HE DECIDED TO WRITE HER CARE OF THE WEST SIDE POST OFFICE AND ASK FOR AN EXPLANATION AS WELL AS TO HAVE HER MEET HIM," He decided to write her care of the West Side Post Office and ask for an explanation, as well as to have her meet him."
Whisper Base,ls_clean_55,LibriSpeech (Clean),4.85,0.1992,0.0109,0.0411,0.0,0.0,100.0,100.0,100.0,THREE O'CLOCK CAME FOUR FIVE SIX AND NO LETTER," Three o'clock came, four, five, six, and no letter."
Whisper Base,ls_clean_56,LibriSpeech (Clean),4.62,0.2249,0.0041,0.0487,0.0,0.0,100.0,100.0,100.0,THE HELPLESS MANAGER PACED THE FLOOR AND GRIMLY ENDURED THE GLOOM OF DEFEAT, The helpless manager paced the floor and grimly endured the gloom of defeat.
Whisper Base,ls_clean_57,LibriSpeech (Clean),4.68,0.2205,0.011,0.0471,0.0,0.0,100.0,100.0,100.0,HE SAW A BUSY SATURDAY USHERED OUT THE SABBATH IN AND NOTHING DONE," He saw a busy Saturday ushered out, the Sabbath in, and nothing done."
Whisper Base,ls_clean_58,LibriSpeech (Clean),10.05,0.4372,0.0169,0.0435,9.68,5.42,90.32,90.32,90.32,ALL DAY THE BAR BEING CLOSED HE BROODED ALONE SHUT OUT FROM HOME FROM THE EXCITEMENT OF HIS RESORT FROM CARRIE AND WITHOUT THE ABILITY TO ALTER HIS CONDITION ONE IOTA," All day, the bar being closed, Hebrew did alone, shut out from home, from the excitement of his resort, from Kerry, and without the ability to alter his condition, one Iota."
Whisper Base,ls_clean_59,LibriSpeech (Clean),3.31,0.1708,0.0062,0.0516,0.0,0.0,100.0,100.0,100.0,IT WAS THE WORST SUNDAY HE HAD SPENT IN HIS LIFE, It was the worst Sunday he had spent in his life.
Whisper Base,ls_clean_60,LibriSpeech (Clean),2.94,0.1497,0.0025,0.0509,0.0,0.0,100.0,100.0,100.0,IT SEEMED AS IF HIS FAMILY TROUBLES WERE JUST BEGINNING, It seemed as if his family troubles were just beginning.
Whisper Base,ls_clean_61,LibriSpeech (Clean),4.29,0.2587,0.0063,0.0603,0.0,0.0,100.0,100.0,100.0,HE WAS QUITE CERTAIN NOW THAT SHE KNEW HE WAS MARRIED AND WAS ANGERED AT HIS PERFIDY, He was quite certain now that she knew he was married and was angered at his perfidy.
Whisper Base,ls_clean_62,LibriSpeech (Clean),6.82,0.3383,0.0197,0.0496,0.0,0.0,100.0,100.0,100.0,HE HAD LOVED HER EARNESTLY ENOUGH BUT NOW THAT THE POSSIBILITY OF LOSING HER STARED HIM IN THE FACE SHE SEEMED MUCH MORE ATTRACTIVE," He had loved her earnestly enough, but now that the possibility of losing her stared him in the face, she seemed much more attractive."
Whisper Base,ls_clean_63,LibriSpeech (Clean),3.52,0.1826,0.0056,0.0519,0.0,0.0,100.0,100.0,100.0,HE WOULD GO TO HER AND TELL HER ALL HIS FAMILY COMPLICATIONS, He would go to her and tell her all his family complications.
Whisper Base,ls_clean_64,LibriSpeech (Clean),3.62,0.2203,0.0056,0.0609,0.0,0.0,100.0,100.0,100.0,HE WOULD EXPLAIN TO HER JUST WHERE HE STOOD AND HOW MUCH HE NEEDED HER, He would explain to her just where he stood and how much he needed her.
Whisper Base,ls_clean_65,LibriSpeech (Clean),7.64,0.474,0.0483,0.062,3.12,1.37,96.88,96.88,96.88,HE DID MANAGE TO BRING HIMSELF INTO THE MOOD TO GO OUT TO CARRIE BUT WHEN HE GOT IN OGDEN PLACE HE THOUGHT HE SAW A MAN WATCHING HIM AND WENT AWAY," He did manage to bring himself into the mood to go out to carry. But when he got in Ogden Place, he thought he saw a man watching him and went away."
Whisper Base,ls_clean_66,LibriSpeech (Clean),2.55,0.1954,0.0062,0.0766,0.0,0.0,100.0,100.0,100.0,HE DID NOT GO WITHIN A BLOCK OF THE HOUSE, He did not go within a block of the house.
Whisper Base,ls_clean_67,LibriSpeech (Clean),4.41,0.2783,0.0131,0.0631,18.18,10.81,81.82,81.82,81.82,HE TROUBLED OVER MANY LITTLE DETAILS AND TALKED PERFUNCTORILY TO EVERYBODY, He traveled over many little details and talked profanctorally to everybody.
Whisper Base,ls_clean_68,LibriSpeech (Clean),8.69,0.4332,0.0222,0.0499,0.0,0.0,100.0,100.0,100.0,HE STAYED AT HIS DESK LONG AFTER ALL OTHERS HAD GONE AND ONLY QUITTED IT WHEN THE NIGHT WATCHMAN ON HIS ROUND PULLED AT THE FRONT DOOR TO SEE IF IT WAS SAFELY LOCKED," He stayed at his desk long after all others had gone, and only quitted it when the night watchman on his round pulled at the front door to see if it was safely locked."
Whisper Base,ls_clean_69,LibriSpeech (Clean),5.07,0.2441,0.0041,0.0481,13.33,1.23,92.86,86.67,89.66,ON WEDNESDAY HE RECEIVED ANOTHER POLITE NOTE FROM MC GREGOR JAMES AND HAY IT READ," On Wednesday, he received another polite note from McGregor James and Hay. It read."
Whisper Base,ls_clean_70,LibriSpeech (Clean),12.16,0.5327,0.0056,0.0438,14.29,5.26,88.24,85.71,86.96,DEAR SIR WE BEG TO INFORM YOU THAT WE ARE INSTRUCTED TO WAIT UNTIL TO MORROW THURSDAY AT ONE O'CLOCK BEFORE FILING SUIT AGAINST YOU ON BEHALF OF MISSUS JULIA HURSTWOOD FOR DIVORCE AND ALIMONY," Dear Sir, we beg to inform you that we are instructed to wait until tomorrow Thursday at 1 o'clock before filing suit against you on behalf of Mrs. Julia Hearstwood for divorce and alimony."
Whisper Base,ls_clean_71,LibriSpeech (Clean),3.45,0.1549,0.0064,0.0449,33.33,16.22,80.0,66.67,72.73,VERY TRULY YOURS ET CETERA COMPROMISE," very truly yours, etc. Compromise"
Whisper Base,ls_clean_72,LibriSpeech (Clean),4.42,0.2443,0.0055,0.0553,0.0,0.0,100.0,100.0,100.0,SO HERE IT WAS SPREAD OUT CLEAR BEFORE HIM AND NOW HE KNEW WHAT TO EXPECT," So here it was, spread out clear before him, and now he knew what to expect."
Whisper Base,ls_clean_73,LibriSpeech (Clean),3.01,0.1964,0.0055,0.0653,0.0,0.0,100.0,100.0,100.0,IF HE DIDN'T GO AND SEE THEM THEY WOULD SUE HIM PROMPTLY," If he didn't go and see them, they would sue him promptly."
Whisper Base,ls_clean_74,LibriSpeech (Clean),15.51,0.6849,0.0053,0.0442,9.8,5.88,93.88,90.2,92.0,MINNIE'S FLAT AS THE ONE FLOOR RESIDENT APARTMENTS WERE THEN BEING CALLED WAS IN A PART OF WEST VAN BUREN STREET INHABITED BY FAMILIES OF LABOURERS AND CLERKS MEN WHO HAD COME AND WERE STILL COMING WITH THE RUSH OF POPULATION POURING IN AT THE RATE OF FIFTY THOUSAND A YEAR," Minnie's flat, as the one-floor resident apartments were then being called, was in a part of West Van Buren Street inhabited by families of laborers and clerks, men who had come and were still coming with the rush of population pouring in at the rate of 50,000 a year."
Whisper Base,ls_clean_75,LibriSpeech (Clean),7.04,0.3484,0.0146,0.0495,7.41,2.33,92.59,92.59,92.59,TO CARRIE THE SOUND OF THE LITTLE BELLS UPON THE HORSE CARS AS THEY TINKLED IN AND OUT OF HEARING WAS AS PLEASING AS IT WAS NOVEL, To carry the sound of the little bells upon the horse cars as they tingled in and out of hearing was as pleasing as it was novel.
Whisper Base,ls_clean_76,LibriSpeech (Clean),5.09,0.235,0.0053,0.0462,0.0,0.0,100.0,100.0,100.0,TO HIM THE PRESENCE OR ABSENCE OF HIS WIFE'S SISTER WAS A MATTER OF INDIFFERENCE," To him, the presence or absence of his wife's sister was a matter of indifference."
Whisper Base,ls_clean_77,LibriSpeech (Clean),7.7,0.3322,0.0527,0.0431,4.0,0.79,96.0,96.0,96.0,HE WAS OF A CLEAN SAVING DISPOSITION AND HAD ALREADY PAID A NUMBER OF MONTHLY INSTALMENTS ON TWO LOTS FAR OUT ON THE WEST SIDE," He was of a clean, saving disposition and had already paid a number of monthly installments on two lots far out on the west side."
Whisper Base,ls_clean_78,LibriSpeech (Clean),3.21,0.2063,0.0065,0.0643,18.18,2.0,90.0,81.82,85.71,HIS AMBITION WAS SOME DAY TO BUILD A HOUSE ON THEM, His ambition was someday to build a house on them.
Whisper Base,ls_clean_79,LibriSpeech (Clean),6.37,0.3296,0.004,0.0517,6.25,2.3,93.75,93.75,93.75,SHE HAD SOME SLIGHT GIFT OF OBSERVATION AND THAT SENSE SO RICH IN EVERY WOMAN INTUITION," She had some slight gift of observation in that sense, so rich in every woman, intuition."
Whisper Base,ls_clean_80,LibriSpeech (Clean),2.75,0.1762,0.0513,0.0641,0.0,0.0,100.0,100.0,100.0,THE WALLS OF THE ROOMS WERE DISCORDANTLY PAPERED, The walls of the rooms were discordantly papered.
Whisper Base,ls_clean_81,LibriSpeech (Clean),4.4,0.2269,0.0038,0.0516,0.0,0.0,100.0,100.0,100.0,THE FLOORS WERE COVERED WITH MATTING AND THE HALL LAID WITH A THIN RAG CARPET, The floors were covered with matting and the hall laid with a thin rag carpet.
Whisper Base,ls_clean_82,LibriSpeech (Clean),5.38,0.2653,0.0029,0.0493,0.0,0.0,100.0,100.0,100.0,THEN SHE WALKED AND SANG TO IT UNTIL HANSON DISTURBED IN HIS READING CAME AND TOOK IT," Then she walked and sang to it until Hanson, disturbed in his reading, came and took it."
Whisper Base,ls_clean_83,LibriSpeech (Clean),3.35,0.1821,0.0049,0.0544,0.0,0.0,100.0,100.0,100.0,ONE COULD SEE THAT HE WAS VERY MUCH WRAPPED UP IN HIS OFFSPRING, One could see that he was very much wrapped up in his offspring.
Whisper Base,ls_clean_84,LibriSpeech (Clean),7.42,0.2779,0.0026,0.0374,0.0,0.0,100.0,100.0,100.0,NOW NOW HE SAID WALKING THERE THERE AND THERE WAS A CERTAIN SWEDISH ACCENT NOTICEABLE IN HIS VOICE," Now, now, he said walking there there, and there was a certain Swedish accent noticeable in his voice."
Whisper Base,ls_clean_85,LibriSpeech (Clean),2.46,0.1273,0.0019,0.0517,0.0,0.0,100.0,100.0,100.0,HE SEEMED TO BE THINKING OF SOMETHING ELSE, he seemed to be thinking of something else.
Whisper Base,ls_clean_86,LibriSpeech (Clean),5.08,0.2169,0.0134,0.0427,6.67,4.71,93.33,93.33,93.33,MINNIE BEGAN TO EXPLAIN BUT HER HUSBAND TOOK THIS PART OF THE CONVERSATION TO HIMSELF," Many began to explain, but her husband took this part of the conversation to himself."
Whisper Base,ls_clean_87,LibriSpeech (Clean),3.16,0.1788,0.0035,0.0566,0.0,0.0,100.0,100.0,100.0,YOU COULD GET HOME EASY TOO IT ISN'T VERY FAR, You could get home easy too. It isn't very far.
Whisper Base,ls_clean_88,LibriSpeech (Clean),8.6,0.4384,0.021,0.051,12.12,7.59,87.88,87.88,87.88,SHE ASKED MINNIE FOR INK AND PAPER WHICH WERE UPON THE MANTEL IN THE DINING ROOM AND WHEN THE LATTER HAD GONE TO BED AT TEN GOT OUT DROUET'S CARD AND WROTE HIM," She asked many for ink and paper, which were upon the mantle in the dining room, and when the latter had gone to bed at 10, got out Drew's card and wrote him."
Whisper Base,ls_clean_89,LibriSpeech (Clean),4.73,0.2298,0.0053,0.0486,0.0,0.0,100.0,100.0,100.0,SHE WANTED TO MAKE SOME REFERENCE TO THEIR RELATIONS UPON THE TRAIN BUT WAS TOO TIMID," She wanted to make some reference to their relations upon the train, but was too timid."
Whisper Base,ls_clean_90,LibriSpeech (Clean),5.33,0.2488,0.005,0.0467,11.76,14.81,93.75,88.24,90.91,ANYTHING WAS GOOD ENOUGH SO LONG AS IT PAID SAY FIVE DOLLARS A WEEK TO BEGIN WITH," Anything was good enough, so long as it paid, say, $5 a week to begin with."
Whisper Base,ls_clean_91,LibriSpeech (Clean),3.36,0.181,0.003,0.0539,20.0,1.82,88.89,80.0,84.21,A SHOP GIRL WAS THE DESTINY PREFIGURED FOR THE NEWCOMER, A shopgirl was the destiny prefigured for the newcomer.
Whisper Base,ls_clean_92,LibriSpeech (Clean),5.02,0.2213,0.0085,0.0441,0.0,0.0,100.0,100.0,100.0,IT WAS UNDER SUCH AUSPICIOUS CIRCUMSTANCES THAT SHE STARTED OUT THIS MORNING TO LOOK FOR WORK, It was under such auspicious circumstances that she started out this morning to look for work.
Whisper Base,ls_clean_93,LibriSpeech (Clean),8.45,0.3345,0.0088,0.0396,13.64,2.4,90.48,86.36,88.37,NARROW BOARD WALKS EXTENDED OUT PASSING HERE A HOUSE AND THERE A STORE AT FAR INTERVALS EVENTUALLY ENDING ON THE OPEN PRAIRIE," Narrow boardwalks extended out, passing here a house and their a store at far intervals, eventually ending on the open prairie."
Whisper Base,ls_clean_94,LibriSpeech (Clean),7.38,0.4215,0.0286,0.0571,8.0,0.74,92.31,96.0,94.12,IT GAVE AN IMPOSING APPEARANCE TO MOST OF THE WHOLESALE HOUSES WHOSE OFFICES WERE UPON THE GROUND FLOOR AND IN PLAIN VIEW OF THE STREET, It gave an imposing appearance to most of the wholesale houses whose offices were up on the ground floor and in plain view of the street.
Whisper Base,ls_clean_95,LibriSpeech (Clean),2.98,0.1665,0.005,0.0559,0.0,0.0,100.0,100.0,100.0,THESE VAST BUILDINGS WHAT WERE THEY," These vast buildings, what were they?"
Whisper Base,ls_clean_96,LibriSpeech (Clean),9.02,0.4873,0.0709,0.054,0.0,0.0,100.0,100.0,100.0,SHE WAS FOUR YEARS OLDER THAN I TO BE SURE AND HAD SEEN MORE OF THE WORLD BUT I WAS A BOY AND SHE WAS A GIRL AND I RESENTED HER PROTECTING MANNER," She was four years older than I, to be sure, and had seen more of the world. But I was a boy, and she was a girl, and I resented her protecting manner."
Whisper Base,ls_clean_97,LibriSpeech (Clean),3.92,0.1601,0.0052,0.0408,0.0,0.0,100.0,100.0,100.0,THIS CHANGE CAME ABOUT FROM AN ADVENTURE WE HAD TOGETHER, This change came about from an adventure we had together.
Whisper Base,ls_clean_98,LibriSpeech (Clean),8.84,0.4193,0.0079,0.0474,15.38,8.03,85.19,88.46,86.79,ONE DAY WHEN I RODE OVER TO THE SHIMERDAS I FOUND ANTONIA STARTING OFF ON FOOT FOR RUSSIAN PETER'S HOUSE TO BORROW A SPADE AMBROSCH NEEDED," One day, when I rode over to the Shimmerdas, I found Nia starting off on foot for Russian Peter's house to borrow a spade and broached needed."
Whisper Base,ls_clean_99,LibriSpeech (Clean),5.84,0.2562,0.0022,0.0439,5.56,1.1,94.44,94.44,94.44,THERE HAD BEEN ANOTHER BLACK FROST THE NIGHT BEFORE AND THE AIR WAS CLEAR AND HEADY AS WINE," There had been another black frost the night before, and the air was clear and heady is wine."
Whisper Base,ls_clean_100,LibriSpeech (Clean),4.17,0.1885,0.0016,0.0452,0.0,0.0,100.0,100.0,100.0,IT WAS ON ONE OF THESE GRAVEL BEDS THAT I MET MY ADVENTURE, It was on one of these gravel beds that I met my adventure.
Whisper Base,ls_other_1,LibriSpeech (Challenging),5.41,0.2669,0.0049,0.0493,6.25,2.35,93.75,93.75,93.75,GERAINT AS HE HAD BEEN USED TO DO WHEN HE WAS AT ARTHUR'S COURT FREQUENTED TOURNAMENTS," Duraint, as he had been used to do when he was at Arthur's court, frequented tournaments."
Whisper Base,ls_other_2,LibriSpeech (Challenging),8.45,0.3885,0.0097,0.046,13.64,5.17,86.96,90.91,88.89,BEFORE GERAINT THE SCOURGE OF THE ENEMY I SAW STEEDS WHITE WITH FOAM AND AFTER THE SHOUT OF BATTLE A FEARFUL TORRENT," Before durant, the scourge of the enemy, I saw steeds white with foam, and after the shot of a battle, a fearful torrent."
Whisper Base,ls_other_3,LibriSpeech (Challenging),2.07,0.11,0.0013,0.0531,20.0,7.41,80.0,80.0,80.0,THESE TIDINGS CAME TO ERBIN, These tidings came to urban.
Whisper Base,ls_other_4,LibriSpeech (Challenging),6.06,0.294,0.0128,0.0485,5.56,2.2,94.44,94.44,94.44,NOT I BY MY CONFESSION UNTO HEAVEN SAID SHE THERE IS NOTHING MORE HATEFUL UNTO ME THAN THIS," Not I, by my confession unto heaven, said she, there was nothing more hateful unto me than this."
Whisper Base,ls_other_5,LibriSpeech (Challenging),3.58,0.1935,0.0082,0.0541,15.38,6.56,84.62,84.62,84.62,AND THE TEARS SHE SHED AND THE WORDS SHE HAD SPOKEN AWOKE HIM, And the tears she said in the words she had spoken awoke him.
Whisper Base,ls_other_6,LibriSpeech (Challenging),8.63,0.3939,0.0106,0.0456,16.0,4.55,88.0,88.0,88.0,AND EVIL BETIDE ME SAID HE IF THOU RETURNEST HERE UNTIL THOU KNOWEST WHETHER I HAVE LOST MY STRENGTH SO COMPLETELY AS THOU DIDST SAY," And evil be tide me, said he, If thou returnest here until thou knowest, whether I have lost my strength, so completely as thou dissaid."""
Whisper Base,ls_other_7,LibriSpeech (Challenging),2.2,0.1303,0.0031,0.0592,50.0,23.33,57.14,66.67,61.54,THEN GERAINT WENT TO SEE ERBIN, Then your aunt went to see urban.
Whisper Base,ls_other_8,LibriSpeech (Challenging),5.2,0.3112,0.028,0.0598,10.53,2.6,94.44,89.47,91.89,SIR SAID HE I AM GOING UPON A QUEST AND I AM NOT CERTAIN WHEN I MAY COME BACK," Sir, said he, I'm going upon a quest and I am not certain when I may come back."
Whisper Base,ls_other_9,LibriSpeech (Challenging),3.78,0.2231,0.0093,0.059,0.0,0.0,100.0,100.0,100.0,TAKE HEED THEREFORE UNTO THY POSSESSIONS UNTIL MY RETURN," Take heed, therefore, unto thy possessions, until my return."
Whisper Base,ls_other_10,LibriSpeech (Challenging),2.63,0.1626,0.0027,0.0618,0.0,0.0,100.0,100.0,100.0,BUT ONE PERSON ONLY WILL GO WITH ME, But one person only will go with me.
Whisper Base,ls_other_11,LibriSpeech (Challenging),5.55,0.3982,0.0554,0.0717,0.0,0.0,100.0,100.0,100.0,AND HE DESIRED ENID TO MOUNT HER HORSE AND TO RIDE FORWARD AND TO KEEP A LONG WAY BEFORE HIM, and he desired Enid to mount her horse and to ride forward and to keep a long way before him.
Whisper Base,ls_other_12,LibriSpeech (Challenging),4.59,0.201,0.011,0.0438,0.0,0.0,100.0,100.0,100.0,AND UNLESS I SPEAK UNTO THEE SAY NOT THOU ONE WORD EITHER," And unless I speak unto thee, say not thou one word either."
Whisper Base,ls_other_13,LibriSpeech (Challenging),7.15,0.3211,0.0073,0.0449,8.33,5.45,91.67,91.67,91.67,AND THOUGH THOU SHOULDST DESIRE TO SEE MY DEFEAT AND MY DEATH BY THE HANDS OF THOSE MEN YET DO I FEEL NO DREAD," And though thou shalt desire to see my defeat in my death by the hands of those men, yet do I feel no dread."""
Whisper Base,ls_other_14,LibriSpeech (Challenging),3.21,0.1508,0.0023,0.047,0.0,0.0,100.0,100.0,100.0,AND HE RECEIVED HIM AND THAT NOT FEEBLY," and he received him, and that not feebly."
Whisper Base,ls_other_15,LibriSpeech (Challenging),4.89,0.1892,0.01,0.0387,0.0,0.0,100.0,100.0,100.0,AND SAY NOT ONE WORD UNTO ME UNLESS I SPEAK FIRST UNTO THEE, and say not one word unto me unless I speak first unto thee.
Whisper Base,ls_other_16,LibriSpeech (Challenging),5.32,0.2366,0.0107,0.0445,0.0,0.0,100.0,100.0,100.0,I WILL DO AS FAR AS I CAN LORD SAID SHE ACCORDING TO THY DESIRE," I will do as far as I can, Lord,"" said she, according to thy desire."
Whisper Base,ls_other_17,LibriSpeech (Challenging),3.93,0.1978,0.0055,0.0503,9.09,3.45,90.91,90.91,90.91,AH MAIDEN SAID HE IT IS VAIN TO ATTEMPT PROCEEDING FORWARD," I, maiden, said he, it is vain to attempt proceeding forward."
Whisper Base,ls_other_18,LibriSpeech (Challenging),7.08,0.3059,0.0046,0.0432,9.52,5.22,90.48,90.48,90.48,I CANNOT BY ANY MEANS REFRAIN FROM SLEEP THROUGH WEARINESS SAID HE DO THOU THEREFORE WATCH THE HORSES AND SLEEP NOT," I cannot, by any means, refrain from sleep through weariness that he, do thou therefore wash the horses and sleep not."
Whisper Base,ls_other_19,LibriSpeech (Challenging),6.52,0.3346,0.0056,0.0513,8.7,4.63,91.67,95.65,93.62,AND WHEN SHE SAW THE DAWN OF DAY APPEAR SHE LOOKED AROUND HER TO SEE IF HE WERE WAKING AND THEREUPON HE WOKE," And when she saw the dawn of day up here, she looked around her to see if he were waking, and thereupon he woke."
Whisper Base,ls_other_20,LibriSpeech (Challenging),5.88,0.3456,0.0112,0.0588,9.09,3.64,91.3,95.45,93.33,AND THEY LEFT THE WOOD AND THEY CAME TO AN OPEN COUNTRY WITH MEADOWS ON ONE HAND AND MOWERS MOWING THE MEADOWS, and they left the wood and they came to an open country with meadows on one hand and Moe was mowing the meadows.
Whisper Base,ls_other_21,LibriSpeech (Challenging),5.46,0.2711,0.0056,0.0497,29.41,8.75,80.0,70.59,75.0,MY LORD HE ADDED WILL IT BE DISPLEASING TO THEE IF I ASK WHENCE THOU COMEST ALSO," My lord, he added. Will it be displeasing to the IFIS whenst thou comest also?"
Whisper Base,ls_other_22,LibriSpeech (Challenging),4.39,0.2363,0.0017,0.0538,14.29,5.88,85.71,85.71,85.71,WILT THOU FOLLOW MY COUNSEL SAID THE YOUTH AND TAKE THY MEAL FROM ME," Will thou fowl my counsel, said the youth, and take thy meal from me?"
Whisper Base,ls_other_23,LibriSpeech (Challenging),2.69,0.1311,0.0059,0.0487,0.0,0.0,100.0,100.0,100.0,WHAT SORT OF MEAL HE INQUIRED, What sort of meal he inquired?
Whisper Base,ls_other_24,LibriSpeech (Challenging),2.41,0.135,0.0035,0.056,0.0,0.0,100.0,100.0,100.0,THEN THEY WASHED AND TOOK THEIR REPAST, then they washed and took their repast.
Whisper Base,ls_other_25,LibriSpeech (Challenging),4.44,0.2818,0.0524,0.0635,5.88,1.35,94.12,94.12,94.12,I GO NOW LORD SAID HE TO MEET THE KNIGHT AND TO CONDUCT HIM TO HIS LODGING," I go now, Lord, said he to meet the night and to conduct him to his lodging."
Whisper Base,ls_other_26,LibriSpeech (Challenging),3.52,0.2372,0.006,0.0674,0.0,0.0,100.0,100.0,100.0,I WILL DO LORD SAID SHE AS THOU SAYEST," I will do, Lord,"" said she, as thou sayest."
Whisper Base,ls_other_27,LibriSpeech (Challenging),5.03,0.3548,0.0302,0.0705,12.5,7.79,87.5,87.5,87.5,AND AFTER THEY HAD EATEN AND DRANK GERAINT WENT TO SLEEP AND SO DID ENID ALSO," And after they had eaten and drank, Drain went to sleep, and so did Enoch also."
Whisper Base,ls_other_28,LibriSpeech (Challenging),6.72,0.3188,0.0071,0.0474,10.53,2.63,89.47,89.47,89.47,THE DATES SEEM UNIMPORTANT BUT THROUGHOUT THE PERIOD THE OFFICERS AND MEN OF THE SHIP HAVE BEEN UNREMITTINGLY BUSY," The date seemed unimportant, but throughout the period the officers and men of the ship have been unremittingly busy."
Whisper Base,ls_other_29,LibriSpeech (Challenging),9.12,0.4505,0.0096,0.0494,8.0,2.48,92.0,92.0,92.0,BOWERS ATTACKED THE SHIP'S STORES SURVEYED RELISTED AND RESTOWED THEM SAVING VERY MUCH SPACE BY UNSTOWING NUMEROUS CASES AND STOWING THE CONTENTS IN THE LAZARETTE," Bowers attacked the ship's doors, surveyed, relisted and restowed them, saving very much space by un-storing numerous cases and stowing the contents in the Lazarette."
Whisper Base,ls_other_30,LibriSpeech (Challenging),7.08,0.3421,0.0046,0.0483,0.0,0.0,100.0,100.0,100.0,WITHOUT STEAM THE LEAK CAN NOW BE KEPT UNDER WITH THE HAND PUMP BY TWO DAILY EFFORTS OF A QUARTER OF AN HOUR TO TWENTY MINUTES," Without steam, the leak can now be kept under, with the hand pump by two daily efforts of a quarter of an hour to twenty minutes."
Whisper Base,ls_other_31,LibriSpeech (Challenging),6.83,0.3204,0.0084,0.0469,13.64,5.13,86.96,90.91,88.89,AS THE SHIP WAS AND IN HER PRESENT HEAVILY LADEN CONDITION IT WOULD CERTAINLY HAVE TAKEN THREE TO FOUR HOURS EACH DAY," as the ship was, and in a present heavily laid in condition, it would certainly have taken three to four hours each day."
Whisper Base,ls_other_32,LibriSpeech (Challenging),3.96,0.1889,0.0045,0.0477,0.0,0.0,100.0,100.0,100.0,THE LARGE GREEN TENT WAS PUT UP AND PROPER SUPPORTS MADE FOR IT, The large green tent was put up and proper supports made for it.
Whisper Base,ls_other_33,LibriSpeech (Challenging),10.48,0.4575,0.0047,0.0437,3.03,1.59,96.97,96.97,96.97,THE ENGINE ROOM STAFF AND ANDERSON'S PEOPLE ON THE ENGINES SCIENTISTS WERE STOWING THEIR LABORATORIES THE COOK REFITTING HIS GALLEY AND SO FORTH NOT A SINGLE SPOT BUT HAD ITS BAND OF WORKERS," The engine room staff and Anderson's people on the engines, scientists were stolen their laboratories, the cook refitting his galley, and so forth. Not a single spot but had its band of workers."
Whisper Base,ls_other_34,LibriSpeech (Challenging),5.83,0.2866,0.006,0.0492,15.0,6.32,89.47,85.0,87.18,THE MEN'S SPACE SUCH AS IT IS THEREFORE EXTENDS FROM THE FORE HATCH TO THE STEM ON THE MAIN DECK," The man's space, such as it is, therefore extends from the forehead to the stem on the main deck."
Whisper Base,ls_other_35,LibriSpeech (Challenging),9.01,0.3621,0.003,0.0402,16.0,9.52,84.62,88.0,86.27,UNDER THE FORECASTLE ARE STALLS FOR FIFTEEN PONIES THE MAXIMUM THE SPACE WOULD HOLD THE NARROW IRREGULAR SPACE IN FRONT IS PACKED TIGHT WITH FODDER," Under the forecast there are stalls of 15 ponies, the maximum the space would hold. The narrow irregular space in front is packed tight with fodder."
Whisper Base,ls_other_36,LibriSpeech (Challenging),6.86,0.327,0.0083,0.0477,19.05,11.48,80.95,80.95,80.95,IMMEDIATELY BEHIND THE FORECASTLE BULKHEAD IS THE SMALL BOOBY HATCH THE ONLY ENTRANCE TO THE MEN'S MESS DECK IN BAD WEATHER," Immediately behind the forecastle bulkhead is a small booby hatch, the only inches to the men's nest deck and bad weather."
Whisper Base,ls_other_37,LibriSpeech (Challenging),2.53,0.158,0.0024,0.0625,37.5,16.22,62.5,62.5,62.5,ABAFT THE FORE HATCH IS THE ICE HOUSE, A bath before hatch is the ice house.
Whisper Base,ls_other_38,LibriSpeech (Challenging),9.57,0.5401,0.0103,0.0564,26.67,17.58,81.48,73.33,77.19,WE MANAGED TO GET THREE TONS OF ICE ONE HUNDRED SIXTY TWO CARCASES OF MUTTON AND THREE CARCASES OF BEEF BESIDES SOME BOXES OF SWEETBREADS AND KIDNEYS INTO THIS SPACE," We manage to get three tons of ice, 162 coccuses of mutton, and three coccuses of beef, besides some boxes of sweetbreads and kidneys into the space."
Whisper Base,ls_other_39,LibriSpeech (Challenging),12.41,0.5906,0.0774,0.0476,0.0,0.0,100.0,100.0,100.0,THE SACKS CONTAINING THIS LAST ADDED TO THE GOODS ALREADY MENTIONED MAKE A REALLY HEAVY DECK CARGO AND ONE IS NATURALLY ANXIOUS CONCERNING IT BUT EVERYTHING THAT CAN BE DONE BY LASHING AND SECURING HAS BEEN DONE," The sacks containing this last, added to the goods already mentioned, make a really heavy deck cargo, and one is naturally anxious concerning it. But everything that can be done by lashing and securing has been done."
Whisper Base,ls_other_40,LibriSpeech (Challenging),5.6,0.2149,0.0042,0.0384,25.0,11.54,76.92,83.33,80.0,FORAGE I ORIGINALLY ORDERED THIRTY TONS OF COMPRESSED OATEN HAY FROM MELBOURNE, Forage. I originally ordered 30 tons of compressed oat and hay from Melbourne.
Whisper Base,ls_other_41,LibriSpeech (Challenging),12.9,0.4918,0.0085,0.0381,2.86,0.97,97.14,97.14,97.14,THE SCENE IS WHOLLY ENCHANTING AND SUCH A VIEW FROM SOME SHELTERED SUNNY CORNER IN A GARDEN WHICH BLAZES WITH MASSES OF RED AND GOLDEN FLOWERS TENDS TO FEELINGS OF INEXPRESSIBLE SATISFACTION WITH ALL THINGS," The scene is wholly enchanting. In such a view, from some sheltered sunny corner in a garden which blazes with masses of red and golden flowers, tends to feelings of inexpressible satisfaction with all things."
Whisper Base,ls_other_42,LibriSpeech (Challenging),2.29,0.1121,0.0124,0.049,0.0,0.0,100.0,100.0,100.0,A GREAT MASS OF PEOPLE ASSEMBLED, A great mass of people assembled.
Whisper Base,ls_other_43,LibriSpeech (Challenging),4.2,0.2243,0.0051,0.0534,28.57,10.14,73.33,78.57,75.86,K AND I LUNCHED WITH A PARTY IN THE NEW ZEALAND COMPANY'S SHIP RUAPEHU, K and I lunch with a party in the New Zealand company ship Rupa Ho.
Whisper Base,ls_other_44,LibriSpeech (Challenging),3.56,0.174,0.0075,0.0489,44.44,13.73,62.5,55.56,58.82,TELEGRAM TO SAY TERRA NOVA HAD ARRIVED SUNDAY NIGHT," Telegram to say, Teran Overhead arrives Sunday night."
Whisper Base,ls_other_45,LibriSpeech (Challenging),6.07,0.2903,0.0063,0.0478,26.32,7.0,80.0,84.21,82.05,A THIRD SLEDGE STANDS ACROSS THE BREAK OF THE POOP IN THE SPACE HITHERTO OCCUPIED BY THE AFTER WINCH, A third sledge stands across the break of the poop in the space here the two occupied by the afterwinch.
Whisper Base,ls_other_46,LibriSpeech (Challenging),4.58,0.2211,0.0064,0.0483,0.0,0.0,100.0,100.0,100.0,THE QUANTITY IS TWO AND A HALF TONS AND THE SPACE OCCUPIED CONSIDERABLE, The quantity is two and a half tons and the space occupied considerable.
Whisper Base,ls_other_47,LibriSpeech (Challenging),4.58,0.216,0.0008,0.0472,0.0,0.0,100.0,100.0,100.0,THE SHIP WAS OVER TWO FEET BY THE STERN BUT THIS WILL SOON BE REMEDIED," The ship was over two feet by the stern, but this will soon be remedied."
Whisper Base,ls_other_48,LibriSpeech (Challenging),7.21,0.3521,0.0102,0.0488,13.64,7.56,87.5,95.45,91.3,THEY MUST PERFORCE BE CHAINED UP AND THEY ARE GIVEN WHAT SHELTER IS AFFORDED ON DECK BUT THEIR POSITION IS NOT ENVIABLE," They must prefer us to be chained up, and they are given what shelter is afforded on deck. But their position is not enviable."
Whisper Base,ls_other_49,LibriSpeech (Challenging),8.37,0.3247,0.0113,0.0388,10.0,2.5,90.0,90.0,90.0,IT IS A PATHETIC ATTITUDE DEEPLY SIGNIFICANT OF COLD AND MISERY OCCASIONALLY SOME POOR BEAST EMITS A LONG PATHETIC WHINE," It is a pathetic attitude, deeply significant of cold and misery. Occasionally some poor beast admits a long, pathetic wine."
Whisper Base,ls_other_50,LibriSpeech (Challenging),4.72,0.2464,0.0103,0.0522,0.0,0.0,100.0,100.0,100.0,THERE ARE GENERALLY ONE OR TWO ON WATCH WHICH EASES MATTERS BUT IT IS A SQUASH," There are generally one or two on watch, which eases matters, but it is a squash."
Whisper Base,ls_other_51,LibriSpeech (Challenging),4.8,0.2402,0.0363,0.05,7.14,2.78,92.86,92.86,92.86,LATER IN THE DAY THE WIND HAS VEERED TO THE WESTWARD HEADING US SLIGHTLY," Later in the day, the wind has veered to the westwood, heading us slightly."
Whisper Base,ls_other_52,LibriSpeech (Challenging),5.28,0.3483,0.0099,0.066,6.25,0.98,93.75,93.75,93.75,OATES AND ATKINSON WITH INTERMITTENT ASSISTANCE FROM OTHERS WERE BUSY KEEPING THE PONIES ON THEIR LEGS," Oats and Atkinson, with intermittent assistance from others, were busy keeping the ponies on their legs."
Whisper Base,ls_other_53,LibriSpeech (Challenging),14.78,0.6472,0.1049,0.0438,16.67,6.25,86.96,83.33,85.11,THERE WAS NOTHING FOR IT BUT TO GRAPPLE WITH THE EVIL AND NEARLY ALL HANDS WERE LABOURING FOR HOURS IN THE WAIST OF THE SHIP HEAVING COAL SACKS OVERBOARD AND RE LASHING THE PETROL CASES ET CETERA IN THE BEST MANNER POSSIBLE UNDER SUCH DIFFICULT AND DANGEROUS CIRCUMSTANCES," There was nothing for it but to grapple with the evil, and nearly all hands were laboring for hours in the weights of the ship, heaving coal sacks overboard and relashing the petrol cases, etc., and the best man possible under such difficult and dangerous circumstances."
Whisper Base,ls_other_54,LibriSpeech (Challenging),8.31,0.3734,0.0073,0.0449,0.0,0.0,100.0,100.0,100.0,NO SOONER WAS SOME SEMBLANCE OF ORDER RESTORED THAN SOME EXCEPTIONALLY HEAVY WAVE WOULD TEAR AWAY THE LASHING AND THE WORK HAD TO BE DONE ALL OVER AGAIN, No sooner was some semblance of order restored than some exceptionally heavy wave would tear away the lashing and the work had to be done all over again.
Whisper Base,ls_other_55,LibriSpeech (Challenging),5.38,0.2316,0.0062,0.043,26.67,9.09,78.57,73.33,75.86,FROM THIS MOMENT ABOUT FOUR A M THE ENGINE ROOM BECAME THE CENTRE OF INTEREST," From this moment, about 4 a.m., the engine room became the center of interest."
Whisper Base,ls_other_56,LibriSpeech (Challenging),2.4,0.1327,0.007,0.0553,12.5,2.44,87.5,87.5,87.5,THE WATER GAINED IN SPITE OF EVERY EFFORT, The water gained is spite of every effort.
Whisper Base,ls_other_57,LibriSpeech (Challenging),1.92,0.1006,0.0011,0.0524,0.0,0.0,100.0,100.0,100.0,THE OUTLOOK APPEARED GRIM, The Outlook appeared grim.
Whisper Base,ls_other_58,LibriSpeech (Challenging),5.49,0.2449,0.0058,0.0446,0.0,0.0,100.0,100.0,100.0,THE AMOUNT OF WATER WHICH WAS BEING MADE WITH THE SHIP SO ROUGHLY HANDLED WAS MOST UNCERTAIN, The amount of water which was being made with the ship so roughly handled was most uncertain.
Whisper Base,ls_other_59,LibriSpeech (Challenging),5.39,0.2434,0.0046,0.0452,0.0,0.0,100.0,100.0,100.0,WILLIAMS HAD TO CONFESS HE WAS BEATEN AND MUST DRAW FIRES WHAT WAS TO BE DONE, Williams had to confess he was beaten and must draw fires. What was to be done?
Whisper Base,ls_other_60,LibriSpeech (Challenging),2.78,0.1403,0.0029,0.0505,11.11,6.52,88.89,88.89,88.89,THE BILGE PUMP IS DEPENDENT ON THE MAIN ENGINE, The build pump is dependent on the main engine.
Whisper Base,ls_other_61,LibriSpeech (Challenging),4.26,0.2236,0.0013,0.0525,13.33,5.71,86.67,86.67,86.67,ON ONE OCCASION I WAS WAIST DEEP WHEN STANDING ON THE RAIL OF THE POOP," On one occasion, I was way steep when standing on the rail of the poop."
Whisper Base,ls_other_62,LibriSpeech (Challenging),15.77,0.7109,0.0073,0.0451,16.36,4.12,86.79,83.64,85.19,THE AFTERGUARD WERE ORGANISED IN TWO PARTIES BY EVANS TO WORK BUCKETS THE MEN WERE KEPT STEADILY GOING ON THE CHOKED HAND PUMPS THIS SEEMED ALL THAT COULD BE DONE FOR THE MOMENT AND WHAT A MEASURE TO COUNT AS THE SOLE SAFEGUARD OF THE SHIP FROM SINKING PRACTICALLY AN ATTEMPT TO BALE HER OUT," The after-god were organized in two parties by Evans to work buckets. The men were kept steadily going on the choked hand-pumps. This seemed all that could be done for the moment, and what a measured account is the sole safeguard of the ship from sinking. Practically an attempt to bail her out."
Whisper Base,ls_other_63,LibriSpeech (Challenging),5.44,0.2825,0.0055,0.0519,0.0,0.0,100.0,100.0,100.0,OCCASIONALLY A HEAVY SEA WOULD BEAR ONE OF THEM AWAY AND HE WAS ONLY SAVED BY HIS CHAIN," Occasionally a heavy sea would bear one of them away, and he was only saved by his chain."
Whisper Base,ls_other_64,LibriSpeech (Challenging),2.87,0.1517,0.0086,0.0528,12.5,5.26,87.5,87.5,87.5,NOW THIS IS HOW ARTHUR HUNTED THE STAG, Now this is how author hunted the stag.
Whisper Base,ls_other_65,LibriSpeech (Challenging),5.63,0.3367,0.0343,0.0598,11.11,4.65,88.89,88.89,88.89,AND THE LAST DOG THAT WAS LET LOOSE WAS THE FAVORITE DOG OF ARTHUR CAVALL WAS HIS NAME, And the last dog that was let loose was a favorite dog of Arthur. Caval was his name.
Whisper Base,ls_other_66,LibriSpeech (Challenging),4.6,0.2727,0.0157,0.0593,23.08,5.56,78.57,84.62,81.48,THEN THEY SOUNDED THE DEATH HORN FOR SLAYING AND THEY ALL GATHERED ROUND," Then they sound of the death horn for slaying, and they all gathered around."
Whisper Base,ls_other_67,LibriSpeech (Challenging),6.92,0.3645,0.0419,0.0527,8.7,0.92,91.67,95.65,93.62,ONE WISHED THAT IT SHOULD BE GIVEN TO THE LADY BEST BELOVED BY HIM AND ANOTHER TO THE LADY WHOM HE LOVED BEST," One wished that it should be given to the lady best be loved by him, and another to the lady whom he loved best."
Whisper Base,ls_other_68,LibriSpeech (Challenging),16.02,0.6977,0.0062,0.0436,2.13,0.4,97.87,97.87,97.87,AND AFTER MIDDAY THEY BEHELD AN UNSHAPELY LITTLE MAN UPON A HORSE AND AFTER HIM A DAME OR A DAMSEL ALSO ON HORSEBACK AND AFTER HER A KNIGHT OF LARGE STATURE BOWED DOWN AND HANGING HIS HEAD LOW AND SORROWFULLY AND CLAD IN BROKEN AND WORTHLESS ARMOR," And after midday they beheld an unshapely little man upon a horse, and after him a dame or a damsel, also on horseback, and after her a night of large stature bowed down and hanging his head low and sorrowfully, and clad in broken and worthless armor."
Whisper Base,ls_other_69,LibriSpeech (Challenging),10.26,0.4859,0.0059,0.0474,15.62,3.92,84.85,87.5,86.15,I KNOW NOT WHO THEY ARE SAID HE BUT I KNOW SAID GUENEVER THIS IS THE KNIGHT WHOM GERAINT PURSUED AND METHINKS THAT HE COMES NOT HERE BY HIS OWN FREE WILL," ""'I know not who they are,' said he. But I know,' said Gweniver, ""'this is the night whom geraint pursuit, and me thinks that he comes not here by his own free will.'"
Whisper Base,ls_other_70,LibriSpeech (Challenging),4.76,0.2427,0.0121,0.051,6.67,1.2,93.33,93.33,93.33,BUT GERAINT HAS OVERTAKEN HIM AND AVENGED THE INSULT TO THE MAIDEN TO THE UTTERMOST, But Geraint has overtaken him and avenge the insult to the maiden to the uttermost.
Whisper Base,ls_other_71,LibriSpeech (Challenging),7.67,0.3515,0.0139,0.0458,11.54,6.54,88.89,92.31,90.57,LADY SAID HE AT THE GATE THERE IS A KNIGHT AND I SAW NEVER A MAN OF SO PITIFUL AN ASPECT TO LOOK UPON AS HE," The lady said he, at the gate there was a knight, and I saw never a man of so pitiful and aspect to look upon as he."
Whisper Base,ls_other_72,LibriSpeech (Challenging),5.2,0.2635,0.0051,0.0507,13.33,6.9,86.67,86.67,86.67,I DO SAID HE HE TELLS ME THAT HE IS EDEYRN THE SON OF NUDD," I do,"" said he. He tells me that he is Edarin, the son of Nud."
Whisper Base,ls_other_73,LibriSpeech (Challenging),3.3,0.1284,0.0036,0.0389,0.0,0.0,100.0,100.0,100.0,THEN SHE REPLIED I KNOW HIM NOT," Then she replied, I know him not."
Whisper Base,ls_other_74,LibriSpeech (Challenging),3.38,0.1951,0.0066,0.0577,8.33,3.64,91.67,91.67,91.67,SO GUENEVER WENT TO THE GATE TO MEET HIM AND HE ENTERED, So whenever went to the gate to meet him and he entered.
Whisper Base,ls_other_75,LibriSpeech (Challenging),9.73,0.5033,0.0129,0.0517,8.57,4.84,91.67,94.29,92.96,AND GERAINT GREETS THEE WELL AND IN GREETING THEE HE COMPELLED ME TO COME HITHER TO DO THY PLEASURE FOR THE INSULT WHICH THY MAIDEN RECEIVED FROM THE DWARF NOW WHERE DID HE OVERTAKE THEE," and Durant greets thee well, and in greeting thee he compelled me to come here that to do thy pleasure for the insult which thy maiden received from the dwarf. Now where did he overtake thee?"
Whisper Base,ls_other_76,LibriSpeech (Challenging),5.01,0.2251,0.0091,0.0449,27.27,17.54,80.0,72.73,76.19,SIR SAID SHE WHEN THINKEST THOU THAT GERAINT WILL BE HERE," Sir, Sachi, when thinkest thou that Jarendt will be here?"
Whisper Base,ls_other_77,LibriSpeech (Challenging),3.35,0.2581,0.0155,0.077,33.33,11.11,80.0,66.67,72.73,TO MORROW LADY I THINK HE WILL BE HERE WITH THE MAIDEN," Tomorrow, lady, I think you'll be here with the maiden."
Whisper Base,ls_other_78,LibriSpeech (Challenging),6.28,0.3506,0.0223,0.0558,0.0,0.0,100.0,100.0,100.0,I AM LORD SAID HE AND I HAVE MET WITH MUCH TROUBLE AND RECEIVED WOUNDS UNSUPPORTABLE," I am Lord,"" said he, and I have met with much trouble and received wounds unsupportable."
Whisper Base,ls_other_79,LibriSpeech (Challenging),5.49,0.3284,0.0513,0.0598,33.33,18.29,70.59,80.0,75.0,WELL SAID ARTHUR FROM WHAT I HEAR IT BEHOOVES GUENEVER TO BE MERCIFUL TOWARDS THEE," Well, that out there from what I hear it behooves whenever it to be merciful towards thee."
Whisper Base,ls_other_80,LibriSpeech (Challenging),10.18,0.4117,0.0118,0.0404,9.68,4.03,93.55,93.55,93.55,THE MERCY WHICH THOU DESIREST LORD SAID SHE WILL I GRANT TO HIM SINCE IT IS AS INSULTING TO THEE THAT AN INSULT SHOULD BE OFFERED TO ME AS TO THYSELF," The mercy which thou desire as Lord said she, will I grant to him, since it is insulting to thee that an insult should be offered to me as to thyself."
Whisper Base,ls_other_81,LibriSpeech (Challenging),6.6,0.3083,0.0038,0.0467,4.35,1.87,95.65,95.65,95.65,THUS WILL IT BE BEST TO DO SAID ARTHUR LET THIS MAN HAVE MEDICAL CARE UNTIL IT BE KNOWN WHETHER HE MAY LIVE," Thus will it be best to do?"" said author. Let this man have medical care until it be known whether he may live."
Whisper Base,ls_other_82,LibriSpeech (Challenging),2.44,0.1805,0.0022,0.074,85.71,28.21,40.0,57.14,47.06,TO GUENEVER AND HER HANDMAIDENS SAID HE, to Gwent over in her hand made and said he.
Whisper Base,ls_other_83,LibriSpeech (Challenging),2.83,0.158,0.0088,0.0558,0.0,0.0,100.0,100.0,100.0,AND THE STEWARD OF THE HOUSEHOLD SO ORDERED HER, and the steward of the household so ordered her.
Whisper Base,ls_other_84,LibriSpeech (Challenging),12.28,0.508,0.0128,0.0414,5.88,1.76,94.12,94.12,94.12,AND BEING YOUNG HE CHANGED HIMSELF AND GREW TO HATE THE SIN THAT SEEM'D SO LIKE HIS OWN OF MODRED ARTHUR'S NEPHEW AND FELL AT LAST IN THE GREAT BATTLE FIGHTING FOR THE KING," And being young, he changed himself and grew, to hate the sin that seemed so like his own. Of Maudred, Arthur's nephew, and fell at last, in the great battle fighting for the King."
Whisper Base,ls_other_85,LibriSpeech (Challenging),4.21,0.2326,0.0068,0.0552,30.77,17.65,71.43,76.92,74.07,AND WHEN GERAINT CAME TO THE PLACE WHERE GUENEVER WAS HE SALUTED HER," And when Durant came to the place with whenever it was, he saluted her."
Whisper Base,ls_other_86,LibriSpeech (Challenging),2.21,0.1481,0.0052,0.067,0.0,0.0,100.0,100.0,100.0,THEN THEY WENT IN AND DISMOUNTED, then they went in and dismounted.
Whisper Base,ls_other_87,LibriSpeech (Challenging),4.58,0.2026,0.0052,0.0442,0.0,0.0,100.0,100.0,100.0,HEAVEN PROTECT THEE SAID ARTHUR AND THE WELCOME OF HEAVEN BE UNTO THEE," Heaven protect thee,"" said Arthur, and the welcome of heaven be unto thee."
Whisper Base,ls_other_88,LibriSpeech (Challenging),7.38,0.3364,0.0069,0.0456,5.88,3.23,94.12,94.12,94.12,AND INASMUCH AS THOU HAST VANQUISHED EDEYRN THE SON OF NUDD THOU HAST HAD A PROSPEROUS CAREER," And, inasmuch as thou hast vanquished Ednerin, the son of Nudd, thou hast had a prosperous career."
Whisper Base,ls_other_89,LibriSpeech (Challenging),2.54,0.1437,0.0076,0.0566,0.0,0.0,100.0,100.0,100.0,AND FROM THAT TIME SHE BECAME HIS WIFE, And from that time she became his wife.
Whisper Base,ls_other_90,LibriSpeech (Challenging),9.85,0.4367,0.0113,0.0443,3.03,1.21,96.97,96.97,96.97,AND THE MAIDEN TOOK UP HER ABODE IN THE PALACE AND SHE HAD MANY COMPANIONS BOTH MEN AND WOMEN AND THERE WAS NO MAIDEN MORE ESTEEMED THAN SHE IN THE ISLAND OF BRITAIN," and the maiden took up her abode in the palace, and she had many companions, both men and women, and there was no maiden more steamed than she in the island of Britain."
Whisper Base,ls_other_91,LibriSpeech (Challenging),6.79,0.4119,0.0473,0.0607,0.0,0.0,100.0,100.0,100.0,AND A YEAR AND A SECOND AND A THIRD HE PROCEEDED THUS UNTIL HIS FAME HAD FLOWN OVER THE FACE OF THE KINGDOM," And a year, and a second, and a third, he proceeded thus, until his fame had flown over the face of the kingdom."
Whisper Base,ls_other_92,LibriSpeech (Challenging),6.55,0.4242,0.0257,0.0648,0.0,0.0,100.0,100.0,100.0,AND HE GREETS THEE WELL AS AN UNCLE SHOULD GREET HIS NEPHEW AND AS A VASSAL SHOULD GREET HIS LORD," And he greets thee well, as an uncle should greet his nephew, and as a vassal should greet his lord."
Whisper Base,ls_other_93,LibriSpeech (Challenging),6.11,0.2762,0.0243,0.0452,31.25,8.0,68.75,68.75,68.75,AND THE NEIGHBORING CHIEFS KNOWING THIS GROW INSOLENT TOWARDS HIM AND COVET HIS LAND AND POSSESSIONS," and the neighbouring chiefs, knowing this, grow insulin toward him and cover his land in possessions."
Whisper Base,ls_other_94,LibriSpeech (Challenging),13.56,0.5584,0.0068,0.0412,4.76,2.65,95.35,97.62,96.47,AND ARTHUR TOLD GERAINT THE CAUSE OF THE MISSION AND OF THE COMING OF THE AMBASSADORS TO HIM OUT OF CORNWALL TRULY SAID GERAINT BE IT TO MY ADVANTAGE OR DISADVANTAGE LORD I WILL DO ACCORDING TO THY WILL CONCERNING THIS EMBASSY," and out the told Geraint the cause of the mission, and of the coming of the ambassadors to him out of Cornwall. Truly said Geraint, be it to my advantage or disadvantage, Lord, I will do according to thy will concerning this embassy."
Whisper Base,ls_other_95,LibriSpeech (Challenging),3.85,0.1914,0.0163,0.0497,11.11,4.0,88.89,88.89,88.89,WHAT DISCOURSE SAID GUENEVER DO I HEAR BETWEEN YOU, What discourse said whenever do I hear between you?
Whisper Base,ls_other_96,LibriSpeech (Challenging),5.33,0.2545,0.0046,0.0478,6.25,3.7,93.75,93.75,93.75,SAID GERAINT I THINK I SHALL HAVE ENOUGH OF KNIGHTHOOD WITH ME AND THEY SET FORTH," said Geraint, I think I should have enough of knighthood with me, and they set forth."
Whisper Base,ls_other_97,LibriSpeech (Challenging),4.16,0.212,0.0049,0.051,16.67,5.88,83.33,83.33,83.33,AND NEVER WAS THERE SEEN A FAIRER HOST JOURNEYING TOWARDS THE SEVERN, and never was this seen a fairer host journeying towards the Severin.
Whisper Base,ls_other_98,LibriSpeech (Challenging),10.09,0.4243,0.0145,0.0421,6.67,3.03,93.33,93.33,93.33,AND HE SAID TO GERAINT I AM A FEEBLE AND AN AGED MAN AND WHILST I WAS ABLE TO MAINTAIN THE DOMINION FOR THEE AND FOR MYSELF I DID SO," And he said to Durant, I am a feeble and an aged man, and whilst I was able to maintain the dominions for thee, and for myself, I did so."
Whisper Base,ls_other_99,LibriSpeech (Challenging),2.24,0.1313,0.0092,0.0586,62.5,17.07,42.86,37.5,40.0,AND EVERY ONE ASKED THAT WHICH HE DESIRED, and everyone asks that what she desired.
Whisper Base,ls_other_100,LibriSpeech (Challenging),8.81,0.3759,0.0028,0.0427,7.69,3.03,92.31,92.31,92.31,AND THEY WERE NOT LONG IN GIVING SO EAGER WAS EVERY ONE TO BESTOW GIFTS AND OF THOSE WHO CAME TO ASK GIFTS NONE DEPARTED UNSATISFIED," And they were not long in giving, so Ego was every one to bestow gifts. And if those who came to ask gifts, none departed unsatisfied."
Whisper Large-v3,ls_clean_1,LibriSpeech (Clean),6.59,1.7758,0.1407,0.2695,0.0,0.0,100.0,100.0,100.0,HE WAS IN A FEVERED STATE OF MIND OWING TO THE BLIGHT HIS WIFE'S ACTION THREATENED TO CAST UPON HIS ENTIRE FUTURE," He was in a fevered state of mind, owing to the blight his wife's action threatened to cast upon his entire future."
Whisper Large-v3,ls_clean_2,LibriSpeech (Clean),7.14,1.8074,0.0098,0.2531,0.0,0.0,100.0,100.0,100.0,HE WOULD HAVE TO PAY HER THE MONEY WHICH SHE WOULD NOW REGULARLY DEMAND OR THERE WOULD BE TROUBLE IT DID NOT MATTER WHAT HE DID," He would have to pay her the money which she would now regularly demand, or there would be trouble. It did not matter what he did."
Whisper Large-v3,ls_clean_3,LibriSpeech (Clean),4.83,1.4621,0.1027,0.3027,0.0,0.0,100.0,100.0,100.0,HURSTWOOD WALKED THE FLOOR MENTALLY ARRANGING THE CHIEF POINTS OF HIS SITUATION," Hurstwood walked the floor, mentally arranging the chief points of his situation."
Whisper Large-v3,ls_clean_4,LibriSpeech (Clean),2.84,0.7921,0.0092,0.2789,0.0,0.0,100.0,100.0,100.0,HE ALSO THOUGHT OF HIS MANAGERIAL POSITION, He also thought of his managerial position.
Whisper Large-v3,ls_clean_5,LibriSpeech (Clean),1.96,0.7416,0.006,0.3783,0.0,0.0,100.0,100.0,100.0,HOW WOULD THE PAPERS TALK ABOUT IT, How would the papers talk about it?
Whisper Large-v3,ls_clean_6,LibriSpeech (Clean),5.6,1.5222,0.0679,0.2718,0.0,0.0,100.0,100.0,100.0,MANY LITTLE WRINKLES GATHERED BETWEEN HIS EYES AS HE CONTEMPLATED THIS AND HIS BROW MOISTENED," Many little wrinkles gathered between his eyes as he contemplated this, and his brow moistened."
Whisper Large-v3,ls_clean_7,LibriSpeech (Clean),4.97,1.3563,0.1155,0.2729,0.0,0.0,100.0,100.0,100.0,HE COULD ARRANGE THAT SATISFACTORILY FOR CARRIE WOULD BE GLAD TO WAIT IF NECESSARY," He could arrange that satisfactorily, for Carrie would be glad to wait, if necessary."
Whisper Large-v3,ls_clean_8,LibriSpeech (Clean),5.38,1.8641,0.0143,0.3465,8.7,0.93,95.45,91.3,93.33,HE WOULD SEE HOW THINGS TURNED OUT TO MORROW AND THEN HE WOULD TALK TO HER THEY WERE GOING TO MEET AS USUAL," He would see how things turned out tomorrow, and then he would talk to her. They were going to meet as usual."
Whisper Large-v3,ls_clean_9,LibriSpeech (Clean),6.94,2.0942,0.124,0.3018,0.0,0.0,100.0,100.0,100.0,FOR SOME REASON HE FELT AS IF SOMETHING MIGHT COME THAT WAY AND WAS RELIEVED WHEN ALL THE ENVELOPES HAD BEEN SCANNED AND NOTHING SUSPICIOUS NOTICED," For some reason he felt as if something might come that way, and was relieved when all the envelopes had been scanned and nothing suspicious noticed."
Whisper Large-v3,ls_clean_10,LibriSpeech (Clean),5.82,1.7026,0.0072,0.2925,5.0,1.01,95.0,95.0,95.0,WHILE THE DANGER HAD NOT LESSENED IT HAD NOT AS YET MATERIALISED AND WITH HIM NO NEWS WAS GOOD NEWS," While the danger had not lessened, it had not as yet materialized, and with him no news was good news."
Whisper Large-v3,ls_clean_11,LibriSpeech (Clean),5.28,1.6444,0.104,0.3114,5.26,3.06,94.74,94.74,94.74,SO LITTLE DID HE CONSIDER DROUET THAT IT NEVER ONCE OCCURRED TO HIM TO WORRY ABOUT HIS FINDING OUT, So little did he consider Drua that it never once occurred to him to worry about his finding out.
Whisper Large-v3,ls_clean_12,LibriSpeech (Clean),4.46,1.2458,0.0088,0.2793,0.0,0.0,100.0,100.0,100.0,HE GREW RESTLESS AS HE RUMINATED AND THEN DECIDED THAT PERHAPS IT WAS NOTHING," He grew restless as he ruminated, and then decided that perhaps it was nothing."
Whisper Large-v3,ls_clean_13,LibriSpeech (Clean),2.5,0.8979,0.0156,0.3592,0.0,0.0,100.0,100.0,100.0,SHE HAD NOT BEEN ABLE TO GET AWAY THIS MORNING, She had not been able to get away this morning.
Whisper Large-v3,ls_clean_14,LibriSpeech (Clean),6.09,1.9362,0.1274,0.3179,8.33,0.98,95.65,91.67,93.62,HE WOULD GET ONE TO DAY IT WOULD PROBABLY BE ON HIS DESK WHEN HE GOT BACK HE WOULD LOOK FOR IT AT ONCE, He would get one today. It would probably be on his desk when he got back. He would look for it at once.
Whisper Large-v3,ls_clean_15,LibriSpeech (Clean),4.07,1.2483,0.0156,0.3067,0.0,0.0,100.0,100.0,100.0,AFTER A TIME HE GAVE UP WAITING AND DREARILY HEADED FOR THE MADISON CAR, After a time he gave up waiting and drearily headed for the Madison car.
Whisper Large-v3,ls_clean_16,LibriSpeech (Clean),3.67,1.1762,0.0085,0.3205,0.0,0.0,100.0,100.0,100.0,HE WENT IN AND EXAMINED HIS LETTERS BUT THERE WAS NOTHING FROM CARRIE," He went in and examined his letters, but there was nothing from Carrie."
Whisper Large-v3,ls_clean_17,LibriSpeech (Clean),2.79,0.9231,0.0518,0.3308,0.0,0.0,100.0,100.0,100.0,FORTUNATELY THERE WAS NOTHING FROM HIS WIFE EITHER," Fortunately, there was nothing from his wife, either."
Whisper Large-v3,ls_clean_18,LibriSpeech (Clean),4.99,1.6957,0.1439,0.3398,10.53,10.53,94.44,89.47,91.89,AT ONE THIRTY HE WENT TO RECTOR'S FOR LUNCH AND WHEN HE RETURNED A MESSENGER WAS WAITING FOR HIM," At 1.30 he went to Rector's for lunch, and when he returned a messenger was waiting for him."
Whisper Large-v3,ls_clean_19,LibriSpeech (Clean),4.54,1.2842,0.0092,0.2829,0.0,0.0,100.0,100.0,100.0,HIS FIRST IMPULSE WAS TO WRITE BUT FOUR WORDS IN REPLY GO TO THE DEVIL," His first impulse was to write but four words in reply, Go to the devil."
Whisper Large-v3,ls_clean_20,LibriSpeech (Clean),3.56,1.1173,0.075,0.3139,0.0,0.0,100.0,100.0,100.0,BUT HE COMPROMISED BY TELLING THE BOY THAT THERE WOULD BE NO REPLY, But he compromised by telling the boy that there would be no reply.
Whisper Large-v3,ls_clean_21,LibriSpeech (Clean),5.29,1.5262,0.0954,0.2885,0.0,0.0,100.0,100.0,100.0,THEN HE SAT DOWN IN HIS CHAIR AND GAZED WITHOUT SEEING CONTEMPLATING THE RESULT OF HIS WORK," Then he sat down in his chair and gazed without seeing, contemplating the result of his work."
Whisper Large-v3,ls_clean_22,LibriSpeech (Clean),3.37,1.143,0.0068,0.3392,0.0,0.0,100.0,100.0,100.0,WHAT WOULD SHE DO ABOUT THAT THE CONFOUNDED WRETCH," ""'What would she do about that, the confounded wretch?'"
Whisper Large-v3,ls_clean_23,LibriSpeech (Clean),3.38,0.9224,0.0252,0.2729,0.0,0.0,100.0,100.0,100.0,LATER HOWEVER HIS OLD DISCRETION ASSERTED ITSELF," Later, however, his old discretion asserted itself."
Whisper Large-v3,ls_clean_24,LibriSpeech (Clean),3.89,1.4468,0.0865,0.3719,0.0,0.0,100.0,100.0,100.0,SOMETHING HAD TO BE DONE A CLIMAX WAS NEAR AND SHE WOULD NOT SIT IDLE, Something had to be done. A climax was near and she would not sit idle.
Whisper Large-v3,ls_clean_25,LibriSpeech (Clean),4.5,1.6395,0.0265,0.3643,0.0,0.0,100.0,100.0,100.0,HE KNEW HER WELL ENOUGH TO KNOW THAT WHEN SHE HAD DECIDED UPON A PLAN SHE WOULD FOLLOW IT UP," He knew her well enough to know that when she had decided upon a plan, she would follow it up."
Whisper Large-v3,ls_clean_26,LibriSpeech (Clean),3.4,1.1857,0.0053,0.3487,0.0,0.0,100.0,100.0,100.0,HE AROSE FROM HIS CHAIR AND WENT AND LOOKED OUT INTO THE STREET, He arose from his chair and went and looked out into the street.
Whisper Large-v3,ls_clean_27,LibriSpeech (Clean),4.92,2.3715,0.1806,0.482,0.0,0.0,100.0,100.0,100.0,THE LONG DRIZZLE HAD BEGUN PEDESTRIANS HAD TURNED UP COLLARS AND TROUSERS AT THE BOTTOM, The long drizzle had begun. Pedestrians had turned up collars and trousers at the bottom.
Whisper Large-v3,ls_clean_28,LibriSpeech (Clean),3.6,1.2715,0.0235,0.3532,0.0,0.0,100.0,100.0,100.0,HURSTWOOD ALMOST EXCLAIMED OUT LOUD AT THE INSISTENCY OF THIS THING, Hurstwood almost exclaimed out loud at the insistency of this thing.
Whisper Large-v3,ls_clean_29,LibriSpeech (Clean),2.9,1.1446,0.0242,0.3947,0.0,0.0,100.0,100.0,100.0,HE PUT ON HIS HAT AND LOOKED AROUND FOR HIS UMBRELLA, He put on his hat and looked around for his umbrella.
Whisper Large-v3,ls_clean_30,LibriSpeech (Clean),2.6,0.8696,0.0051,0.3345,0.0,0.0,100.0,100.0,100.0,HE WOULD HAVE SOME ARRANGEMENT OF THIS THING," ""'he would have some arrangement of this thing.'"
Whisper Large-v3,ls_clean_31,LibriSpeech (Clean),6.3,2.0539,0.0181,0.326,0.0,0.0,100.0,100.0,100.0,HE BEGAN TO WISH THAT HE HAD COMPROMISED IN SOME WAY OR OTHER THAT HE HAD SENT THE MONEY PERHAPS HE COULD DO IT UP HERE," ""'He began to wish that he had compromised in some way or other, ""'that he had sent the money. ""'Perhaps he could do it up here.'"
Whisper Large-v3,ls_clean_32,LibriSpeech (Clean),3.61,1.2746,0.0536,0.3531,0.0,0.0,100.0,100.0,100.0,HE WOULD GO IN AND SEE ANYHOW HE WOULD HAVE NO ROW," He would go in and see, anyhow. He would have no row."
Whisper Large-v3,ls_clean_33,LibriSpeech (Clean),10.77,2.5108,0.0261,0.2331,0.0,0.0,100.0,100.0,100.0,BY THE TIME HE REACHED HIS OWN STREET HE WAS KEENLY ALIVE TO THE DIFFICULTIES OF HIS SITUATION AND WISHED OVER AND OVER THAT SOME SOLUTION WOULD OFFER ITSELF THAT HE COULD SEE HIS WAY OUT, by the time he reached his own street he was keenly alive to the difficulties of his situation and wished over and over that some solution would offer itself that he could see his way out
Whisper Large-v3,ls_clean_34,LibriSpeech (Clean),2.85,0.9583,0.0508,0.3362,0.0,0.0,100.0,100.0,100.0,THEN HE RANG THE BELL NO ANSWER, Then he rang the bell. No answer.
Whisper Large-v3,ls_clean_35,LibriSpeech (Clean),4.0,1.0322,0.077,0.2581,0.0,0.0,100.0,100.0,100.0,HE RANG AGAIN THIS TIME HARDER STILL NO ANSWER," He rang again, this time harder. Still no answer."
Whisper Large-v3,ls_clean_36,LibriSpeech (Clean),4.39,1.5413,0.0141,0.3511,0.0,0.0,100.0,100.0,100.0,WHEN HURSTWOOD GOT BACK TO HIS OFFICE AGAIN HE WAS IN A GREATER QUANDARY THAN EVER," When Hurstwood got back to his office again, he was in a greater quandary than ever."
Whisper Large-v3,ls_clean_37,LibriSpeech (Clean),2.75,0.9768,0.0144,0.3552,10.0,2.04,90.0,90.0,90.0,HE COULD HARDLY REALISE HOW IT HAD ALL COME ABOUT, He could hardly realize how it had all come about.
Whisper Large-v3,ls_clean_38,LibriSpeech (Clean),6.54,2.1502,0.1956,0.3288,0.0,0.0,100.0,100.0,100.0,NO LETTER HAD COME NO WORD OF ANY KIND AND YET HERE IT WAS LATE IN THE EVENING AND SHE HAD AGREED TO MEET HIM THAT MORNING," No letter had come, no word of any kind, and yet here it was late in the evening, and she had agreed to meet him that morning."
Whisper Large-v3,ls_clean_39,LibriSpeech (Clean),4.84,1.4407,0.0042,0.2977,0.0,0.0,100.0,100.0,100.0,HE SAW THAT IN THE EXCITEMENT OF RECENT EVENTS HE HAD NOT FORMULATED A PLAN UPON THAT SCORE, He saw that in the excitement of recent events he had not formulated a plan upon that score.
Whisper Large-v3,ls_clean_40,LibriSpeech (Clean),5.74,1.9347,0.1092,0.3371,0.0,0.0,100.0,100.0,100.0,HE WAS GETTING SOME VAGUE COMFORT OUT OF A GOOD CIGAR BUT IT WAS NO PANACEA FOR THE ILL WHICH AFFECTED HIM," He was getting some vague comfort out of a good cigar, but it was no panacea for the ill which affected him."
Whisper Large-v3,ls_clean_41,LibriSpeech (Clean),11.46,2.296,0.0268,0.2004,0.0,0.0,100.0,100.0,100.0,IT WAS WITH GREAT OPPOSITION AFTER TWO OR THREE HOURS OF THE MOST URGENT MENTAL AFFIRMATION AND DENIAL THAT AT LAST HE GOT AN ENVELOPE PLACED IN IT THE REQUESTED AMOUNT AND SLOWLY SEALED IT UP, it was with great opposition after two or three hours of the most urgent mental affirmation and denial that at last he got an envelope placed in it the requested amount and slowly sealed it up
Whisper Large-v3,ls_clean_42,LibriSpeech (Clean),3.38,1.2377,0.0263,0.3662,0.0,0.0,100.0,100.0,100.0,THEN HE CALLED HARRY THE BOY OF ALL WORK AROUND THE PLACE," Then he called Harry, the boy of all work around the place."
Whisper Large-v3,ls_clean_43,LibriSpeech (Clean),7.86,2.2331,0.0115,0.2841,4.35,3.48,95.65,95.65,95.65,YOU TAKE THIS TO THIS ADDRESS HE SAID HANDING HIM THE ENVELOPE AND GIVE IT TO MISSUS HURSTWOOD YES SIR SAID THE BOY," ""'You take this to this address,' he said, handing him the envelope, ""'and give it to Mrs. Hurstwood.' ""'Yes, sir,' said the boy."""
Whisper Large-v3,ls_clean_44,LibriSpeech (Clean),2.88,0.868,0.0101,0.3014,0.0,0.0,100.0,100.0,100.0,ANY ANSWER I GUESS NOT, Any answer? I guess not.
Whisper Large-v3,ls_clean_45,LibriSpeech (Clean),3.73,1.3378,0.0797,0.3586,0.0,0.0,100.0,100.0,100.0,THE BOY HASTENED AWAY AND THE MANAGER FELL TO HIS MUSINGS," The boy hastened away, and the manager fell to his musings."
Whisper Large-v3,ls_clean_46,LibriSpeech (Clean),3.62,1.2914,0.0045,0.3567,11.76,1.39,93.75,88.24,90.91,HE WAS BEATEN FOR TO NIGHT AND HE MIGHT JUST AS WELL MAKE THE BEST OF IT," He was beaten for tonight, and he might just as well make the best of it."
Whisper Large-v3,ls_clean_47,LibriSpeech (Clean),3.3,1.086,0.0067,0.3291,0.0,0.0,100.0,100.0,100.0,SHE WOULD TAKE THE ENVELOPE AND KNOW THAT SHE HAD TRIUMPHED, She would take the envelope and know that she had triumphed.
Whisper Large-v3,ls_clean_48,LibriSpeech (Clean),3.09,1.2824,0.0868,0.415,0.0,0.0,100.0,100.0,100.0,IF HE ONLY HAD THAT LETTER BACK HE WOULDN'T SEND IT," If he only had that letter back, he wouldn't send it."
Whisper Large-v3,ls_clean_49,LibriSpeech (Clean),4.42,1.3513,0.006,0.3057,6.67,4.82,93.75,100.0,96.77,FOR RELIEF HE AROSE AND JOINED IN CONVERSATION WITH A FEW FRIENDS WHO WERE DRINKING," For relief, he arose and joined in the conversation with a few friends who were drinking."
Whisper Large-v3,ls_clean_50,LibriSpeech (Clean),4.62,1.5193,0.0057,0.3288,0.0,0.0,100.0,100.0,100.0,ALL THE TIME HIS THOUGHTS WOULD RUN OUT TO HIS HOME AND SEE THE SCENE BEING THEREIN ENACTED, All the time his thoughts would run out to his home and see the scene being therein enacted.
Whisper Large-v3,ls_clean_51,LibriSpeech (Clean),3.04,1.201,0.0792,0.3951,20.0,1.92,88.89,80.0,84.21,IN ABOUT AN HOUR AND THREE QUARTERS THE BOY RETURNED," In about an hour and three-quarters the boy returned,"
Whisper Large-v3,ls_clean_52,LibriSpeech (Clean),6.54,2.3192,0.0159,0.3546,0.0,0.0,100.0,100.0,100.0,HE FANCIED AS HE SAT AT HIS DESK THAT NOTHING WOULD BE DONE FOR A WEEK OR TWO MEANWHILE HE WOULD HAVE TIME TO THINK," He fancied, as he sat at his desk, that nothing would be done for a week or two. Meanwhile, he would have time to think."
Whisper Large-v3,ls_clean_53,LibriSpeech (Clean),7.3,2.11,0.1204,0.289,4.35,1.68,95.65,95.65,95.65,HOW ABOUT THAT NOW HIS PAIN AT HER FAILURE TO MEET OR WRITE HIM RAPIDLY INCREASED AS HE DEVOTED HIMSELF TO THIS SUBJECT, How about that now? His pain at her failure to meet or write him rapidly increased as he devoted himself to the subject.
Whisper Large-v3,ls_clean_54,LibriSpeech (Clean),6.75,1.7632,0.0136,0.2612,0.0,0.0,100.0,100.0,100.0,HE DECIDED TO WRITE HER CARE OF THE WEST SIDE POST OFFICE AND ASK FOR AN EXPLANATION AS WELL AS TO HAVE HER MEET HIM," He decided to write her care of the West Side Post Office and ask for an explanation, as well as to have her meet him."
Whisper Large-v3,ls_clean_55,LibriSpeech (Clean),4.85,1.1973,0.0039,0.2469,44.44,35.56,55.56,55.56,55.56,THREE O'CLOCK CAME FOUR FIVE SIX AND NO LETTER," 3 o'clock came, 4, 5, 6, and no letter."
Whisper Large-v3,ls_clean_56,LibriSpeech (Clean),4.62,1.5603,0.097,0.3377,0.0,0.0,100.0,100.0,100.0,THE HELPLESS MANAGER PACED THE FLOOR AND GRIMLY ENDURED THE GLOOM OF DEFEAT, The helpless manager paced the floor and grimly endured the gloom of defeat.
Whisper Large-v3,ls_clean_57,LibriSpeech (Clean),4.68,1.4197,0.0234,0.3034,0.0,0.0,100.0,100.0,100.0,HE SAW A BUSY SATURDAY USHERED OUT THE SABBATH IN AND NOTHING DONE," He saw a busy Saturday ushered out, the Sabbath in, and nothing done."
Whisper Large-v3,ls_clean_58,LibriSpeech (Clean),10.05,2.2676,0.1236,0.2256,6.45,3.01,93.55,93.55,93.55,ALL DAY THE BAR BEING CLOSED HE BROODED ALONE SHUT OUT FROM HOME FROM THE EXCITEMENT OF HIS RESORT FROM CARRIE AND WITHOUT THE ABILITY TO ALTER HIS CONDITION ONE IOTA, all day the bar being closed he rooted alone shut out from home from the excitement of his resort from carey and without the ability to alter his condition one iota
Whisper Large-v3,ls_clean_59,LibriSpeech (Clean),3.31,1.0512,0.0099,0.3176,0.0,0.0,100.0,100.0,100.0,IT WAS THE WORST SUNDAY HE HAD SPENT IN HIS LIFE, It was the worst Sunday he had spent in his life.
Whisper Large-v3,ls_clean_60,LibriSpeech (Clean),2.94,0.9922,0.0156,0.3375,0.0,0.0,100.0,100.0,100.0,IT SEEMED AS IF HIS FAMILY TROUBLES WERE JUST BEGINNING, It seemed as if his family troubles were just beginning.
Whisper Large-v3,ls_clean_61,LibriSpeech (Clean),4.29,1.4695,0.0954,0.3425,0.0,0.0,100.0,100.0,100.0,HE WAS QUITE CERTAIN NOW THAT SHE KNEW HE WAS MARRIED AND WAS ANGERED AT HIS PERFIDY," He was quite certain now that she knew he was married, and was angered at his perfidy."
Whisper Large-v3,ls_clean_62,LibriSpeech (Clean),6.82,1.9993,0.0634,0.2932,0.0,0.0,100.0,100.0,100.0,HE HAD LOVED HER EARNESTLY ENOUGH BUT NOW THAT THE POSSIBILITY OF LOSING HER STARED HIM IN THE FACE SHE SEEMED MUCH MORE ATTRACTIVE," He had loved her earnestly enough, but now that the possibility of losing her stared him in the face, she seemed much more attractive."
Whisper Large-v3,ls_clean_63,LibriSpeech (Clean),3.52,1.0899,0.0137,0.3096,0.0,0.0,100.0,100.0,100.0,HE WOULD GO TO HER AND TELL HER ALL HIS FAMILY COMPLICATIONS, He would go to her and tell her all his family complications.
Whisper Large-v3,ls_clean_64,LibriSpeech (Clean),3.62,1.3992,0.0769,0.3865,0.0,0.0,100.0,100.0,100.0,HE WOULD EXPLAIN TO HER JUST WHERE HE STOOD AND HOW MUCH HE NEEDED HER, He would explain to her just where he stood and how much he needed her.
Whisper Large-v3,ls_clean_65,LibriSpeech (Clean),7.64,2.3098,0.0153,0.3023,3.12,1.37,96.88,96.88,96.88,HE DID MANAGE TO BRING HIMSELF INTO THE MOOD TO GO OUT TO CARRIE BUT WHEN HE GOT IN OGDEN PLACE HE THOUGHT HE SAW A MAN WATCHING HIM AND WENT AWAY," He did manage to bring himself into the mood to go out to carry, but when he got in Ogden Place he thought he saw a man watching him and went away."
Whisper Large-v3,ls_clean_66,LibriSpeech (Clean),2.55,0.9922,0.0537,0.3891,0.0,0.0,100.0,100.0,100.0,HE DID NOT GO WITHIN A BLOCK OF THE HOUSE, He did not go within a block of the house.
Whisper Large-v3,ls_clean_67,LibriSpeech (Clean),4.41,1.3117,0.0993,0.2974,9.09,2.7,90.91,90.91,90.91,HE TROUBLED OVER MANY LITTLE DETAILS AND TALKED PERFUNCTORILY TO EVERYBODY," He trebled over many little details, and talked perfunctorily to everybody."
Whisper Large-v3,ls_clean_68,LibriSpeech (Clean),8.69,2.6415,0.0471,0.304,0.0,0.0,100.0,100.0,100.0,HE STAYED AT HIS DESK LONG AFTER ALL OTHERS HAD GONE AND ONLY QUITTED IT WHEN THE NIGHT WATCHMAN ON HIS ROUND PULLED AT THE FRONT DOOR TO SEE IF IT WAS SAFELY LOCKED, he stayed at his desk long after all others had gone and only quitted it when the night watchman on his round pulled at the front door to see if it was safely locked
Whisper Large-v3,ls_clean_69,LibriSpeech (Clean),5.07,1.5107,0.0816,0.298,13.33,1.23,92.86,86.67,89.66,ON WEDNESDAY HE RECEIVED ANOTHER POLITE NOTE FROM MC GREGOR JAMES AND HAY IT READ," On Wednesday, he received another polite note from McGregor, James, and Hay. It read,"
Whisper Large-v3,ls_clean_70,LibriSpeech (Clean),12.16,2.8362,0.0977,0.2332,8.57,2.63,94.12,91.43,92.75,DEAR SIR WE BEG TO INFORM YOU THAT WE ARE INSTRUCTED TO WAIT UNTIL TO MORROW THURSDAY AT ONE O'CLOCK BEFORE FILING SUIT AGAINST YOU ON BEHALF OF MISSUS JULIA HURSTWOOD FOR DIVORCE AND ALIMONY, dear sir we beg to inform you that we are instructed to wait until to-morrow thursday at one o'clock before filing suit against you on behalf of mrs julia hurstwood for divorce and alimony
Whisper Large-v3,ls_clean_71,LibriSpeech (Clean),3.45,0.9444,0.0865,0.2738,33.33,16.22,80.0,66.67,72.73,VERY TRULY YOURS ET CETERA COMPROMISE," very truly yours, etc. Compromise"
Whisper Large-v3,ls_clean_72,LibriSpeech (Clean),4.42,1.4709,0.0199,0.3328,0.0,0.0,100.0,100.0,100.0,SO HERE IT WAS SPREAD OUT CLEAR BEFORE HIM AND NOW HE KNEW WHAT TO EXPECT," So here it was spread out clear before him, and now he knew what to expect."
Whisper Large-v3,ls_clean_73,LibriSpeech (Clean),3.01,1.141,0.0044,0.3791,0.0,0.0,100.0,100.0,100.0,IF HE DIDN'T GO AND SEE THEM THEY WOULD SUE HIM PROMPTLY," If he didn't go and see them, they would sue him promptly."
Whisper Large-v3,ls_clean_74,LibriSpeech (Clean),15.51,3.4526,0.1855,0.2226,5.88,0.74,96.0,94.12,95.05,MINNIE'S FLAT AS THE ONE FLOOR RESIDENT APARTMENTS WERE THEN BEING CALLED WAS IN A PART OF WEST VAN BUREN STREET INHABITED BY FAMILIES OF LABOURERS AND CLERKS MEN WHO HAD COME AND WERE STILL COMING WITH THE RUSH OF POPULATION POURING IN AT THE RATE OF FIFTY THOUSAND A YEAR, minnie's flat as the one-floor resident apartments were then being called was in a part of west van buren street inhabited by families of laborers and clerks men who had come and were still coming with the rush of population pouring in at the rate of fifty thousand a year
Whisper Large-v3,ls_clean_75,LibriSpeech (Clean),7.04,2.3569,0.1252,0.3348,7.41,0.78,96.15,92.59,94.34,TO CARRIE THE SOUND OF THE LITTLE BELLS UPON THE HORSE CARS AS THEY TINKLED IN AND OUT OF HEARING WAS AS PLEASING AS IT WAS NOVEL," To Carrie the sound of the little bells upon the horse-cars, as they tinkled in and out of hearing, was as pleasing as it was novel."
Whisper Large-v3,ls_clean_76,LibriSpeech (Clean),5.09,1.3978,0.0025,0.2746,0.0,0.0,100.0,100.0,100.0,TO HIM THE PRESENCE OR ABSENCE OF HIS WIFE'S SISTER WAS A MATTER OF INDIFFERENCE, To him the presence or absence of his wife's sister was a matter of indifference.
Whisper Large-v3,ls_clean_77,LibriSpeech (Clean),7.7,2.0095,0.1098,0.261,0.0,0.0,100.0,100.0,100.0,HE WAS OF A CLEAN SAVING DISPOSITION AND HAD ALREADY PAID A NUMBER OF MONTHLY INSTALMENTS ON TWO LOTS FAR OUT ON THE WEST SIDE, he was of a clean saving disposition and had already paid a number of monthly instalments on two lots far out on the west side
Whisper Large-v3,ls_clean_78,LibriSpeech (Clean),3.21,1.0275,0.0033,0.3201,0.0,0.0,100.0,100.0,100.0,HIS AMBITION WAS SOME DAY TO BUILD A HOUSE ON THEM, His ambition was some day to build a house on them.
Whisper Large-v3,ls_clean_79,LibriSpeech (Clean),6.37,1.4089,0.0017,0.2212,6.25,2.3,93.75,93.75,93.75,SHE HAD SOME SLIGHT GIFT OF OBSERVATION AND THAT SENSE SO RICH IN EVERY WOMAN INTUITION," She had some slight gift of observation, in that sense so rich in every woman, intuition."
Whisper Large-v3,ls_clean_80,LibriSpeech (Clean),2.75,0.9208,0.0829,0.3348,0.0,0.0,100.0,100.0,100.0,THE WALLS OF THE ROOMS WERE DISCORDANTLY PAPERED," The walls of the rooms were discordantly papered,"
Whisper Large-v3,ls_clean_81,LibriSpeech (Clean),4.4,1.2903,0.1112,0.2932,0.0,0.0,100.0,100.0,100.0,THE FLOORS WERE COVERED WITH MATTING AND THE HALL LAID WITH A THIN RAG CARPET," The floors were covered with matting, and the hall laid with a thin rag carpet."
Whisper Large-v3,ls_clean_82,LibriSpeech (Clean),5.38,1.5029,0.0043,0.2793,0.0,0.0,100.0,100.0,100.0,THEN SHE WALKED AND SANG TO IT UNTIL HANSON DISTURBED IN HIS READING CAME AND TOOK IT," Then she walked and sang to it, until Hanson, disturbed in his reading, came and took it."
Whisper Large-v3,ls_clean_83,LibriSpeech (Clean),3.35,1.1071,0.0651,0.3305,0.0,0.0,100.0,100.0,100.0,ONE COULD SEE THAT HE WAS VERY MUCH WRAPPED UP IN HIS OFFSPRING, one could see that he was very much wrapped up in his offspring.
Whisper Large-v3,ls_clean_84,LibriSpeech (Clean),7.42,1.7822,0.1196,0.2402,0.0,0.0,100.0,100.0,100.0,NOW NOW HE SAID WALKING THERE THERE AND THERE WAS A CERTAIN SWEDISH ACCENT NOTICEABLE IN HIS VOICE," ""'Now, now,' he said, walking, ""'there, there.' And there was a certain Swedish accent noticeable in his voice."
Whisper Large-v3,ls_clean_85,LibriSpeech (Clean),2.46,0.8804,0.005,0.3579,0.0,0.0,100.0,100.0,100.0,HE SEEMED TO BE THINKING OF SOMETHING ELSE, He seemed to be thinking of something else.
Whisper Large-v3,ls_clean_86,LibriSpeech (Clean),5.08,1.2962,0.0673,0.2552,6.67,4.71,93.33,93.33,93.33,MINNIE BEGAN TO EXPLAIN BUT HER HUSBAND TOOK THIS PART OF THE CONVERSATION TO HIMSELF," Many began to explain, but her husband took this part of the conversation to himself."
Whisper Large-v3,ls_clean_87,LibriSpeech (Clean),3.16,1.2036,0.0915,0.3809,0.0,0.0,100.0,100.0,100.0,YOU COULD GET HOME EASY TOO IT ISN'T VERY FAR," ""'You could get home easy, too. It isn't very far.'"
Whisper Large-v3,ls_clean_88,LibriSpeech (Clean),8.6,2.7727,0.0632,0.3224,18.18,7.59,84.38,81.82,83.08,SHE ASKED MINNIE FOR INK AND PAPER WHICH WERE UPON THE MANTEL IN THE DINING ROOM AND WHEN THE LATTER HAD GONE TO BED AT TEN GOT OUT DROUET'S CARD AND WROTE HIM," ""'She asked many for ink and paper, ""'which were upon the mantel in the dining-room, ""'and when the latter had gone to bed at ten, ""'God outdrew his card and wrote him.'"
Whisper Large-v3,ls_clean_89,LibriSpeech (Clean),4.73,1.3496,0.1063,0.2853,0.0,0.0,100.0,100.0,100.0,SHE WANTED TO MAKE SOME REFERENCE TO THEIR RELATIONS UPON THE TRAIN BUT WAS TOO TIMID," She wanted to make some reference to their relations upon the train, but was too timid."
Whisper Large-v3,ls_clean_90,LibriSpeech (Clean),5.33,1.4538,0.01,0.2728,11.76,14.81,93.75,88.24,90.91,ANYTHING WAS GOOD ENOUGH SO LONG AS IT PAID SAY FIVE DOLLARS A WEEK TO BEGIN WITH," Anything was good enough so long as it paid, say, $5 a week to begin with."
Whisper Large-v3,ls_clean_91,LibriSpeech (Clean),3.36,1.1558,0.0415,0.344,0.0,0.0,100.0,100.0,100.0,A SHOP GIRL WAS THE DESTINY PREFIGURED FOR THE NEWCOMER, A shop girl was the destiny prefigured for the newcomer.
Whisper Large-v3,ls_clean_92,LibriSpeech (Clean),5.02,1.409,0.1257,0.2807,0.0,0.0,100.0,100.0,100.0,IT WAS UNDER SUCH AUSPICIOUS CIRCUMSTANCES THAT SHE STARTED OUT THIS MORNING TO LOOK FOR WORK, It was under such auspicious circumstances that she started out this morning to look for work.
Whisper Large-v3,ls_clean_93,LibriSpeech (Clean),8.45,1.909,0.0066,0.2259,0.0,0.0,100.0,100.0,100.0,NARROW BOARD WALKS EXTENDED OUT PASSING HERE A HOUSE AND THERE A STORE AT FAR INTERVALS EVENTUALLY ENDING ON THE OPEN PRAIRIE, narrow board walks extended out passing here a house and there a store at far intervals eventually ending on the open prairie
Whisper Large-v3,ls_clean_94,LibriSpeech (Clean),7.38,1.9623,0.1426,0.2659,0.0,0.0,100.0,100.0,100.0,IT GAVE AN IMPOSING APPEARANCE TO MOST OF THE WHOLESALE HOUSES WHOSE OFFICES WERE UPON THE GROUND FLOOR AND IN PLAIN VIEW OF THE STREET, it gave an imposing appearance to most of the wholesale houses whose offices were upon the ground floor and in plain view of the street
Whisper Large-v3,ls_clean_95,LibriSpeech (Clean),2.98,0.8218,0.0028,0.2758,0.0,0.0,100.0,100.0,100.0,THESE VAST BUILDINGS WHAT WERE THEY," These vast buildings, what were they?"
Whisper Large-v3,ls_clean_96,LibriSpeech (Clean),9.02,2.6772,0.1688,0.2968,0.0,0.0,100.0,100.0,100.0,SHE WAS FOUR YEARS OLDER THAN I TO BE SURE AND HAD SEEN MORE OF THE WORLD BUT I WAS A BOY AND SHE WAS A GIRL AND I RESENTED HER PROTECTING MANNER," ""'She was four years older than I, to be sure, ""'and had seen more of the world. ""'But I was a boy and she was a girl, ""'and I resented her protecting manner.'"
Whisper Large-v3,ls_clean_97,LibriSpeech (Clean),3.92,0.9421,0.0037,0.2403,0.0,0.0,100.0,100.0,100.0,THIS CHANGE CAME ABOUT FROM AN ADVENTURE WE HAD TOGETHER, This change came about from an adventure we had together.
Whisper Large-v3,ls_clean_98,LibriSpeech (Clean),8.84,2.4806,0.0766,0.2806,7.69,2.19,92.31,92.31,92.31,ONE DAY WHEN I RODE OVER TO THE SHIMERDAS I FOUND ANTONIA STARTING OFF ON FOOT FOR RUSSIAN PETER'S HOUSE TO BORROW A SPADE AMBROSCH NEEDED," One day when I rode over to the Shemerdas, I found Antonia starting off on foot for Russian Peter's house to borrow a spade Ambrose needed."
Whisper Large-v3,ls_clean_99,LibriSpeech (Clean),5.84,1.5807,0.0965,0.2707,0.0,0.0,100.0,100.0,100.0,THERE HAD BEEN ANOTHER BLACK FROST THE NIGHT BEFORE AND THE AIR WAS CLEAR AND HEADY AS WINE," There had been another black frost the night before, and the air was clear and heady as wine."
Whisper Large-v3,ls_clean_100,LibriSpeech (Clean),4.17,1.1907,0.0035,0.2855,0.0,0.0,100.0,100.0,100.0,IT WAS ON ONE OF THESE GRAVEL BEDS THAT I MET MY ADVENTURE, It was on one of these gravel beds that I met my adventure.
Whisper Large-v3,ls_other_1,LibriSpeech (Challenging),5.41,1.6152,0.1084,0.2986,6.25,3.53,93.75,93.75,93.75,GERAINT AS HE HAD BEEN USED TO DO WHEN HE WAS AT ARTHUR'S COURT FREQUENTED TOURNAMENTS," Durant, as he had been used to do when he was at Arthur's Court, frequented tournaments."
Whisper Large-v3,ls_other_2,LibriSpeech (Challenging),8.45,2.049,0.0127,0.2425,4.55,1.72,95.65,100.0,97.78,BEFORE GERAINT THE SCOURGE OF THE ENEMY I SAW STEEDS WHITE WITH FOAM AND AFTER THE SHOUT OF BATTLE A FEARFUL TORRENT, before geraint the scourge of the enemy i saw steeds white with foam and after the shout of a battle a fearful torrent
Whisper Large-v3,ls_other_3,LibriSpeech (Challenging),2.07,0.7627,0.0066,0.3684,20.0,7.41,80.0,80.0,80.0,THESE TIDINGS CAME TO ERBIN, These tidings came to Urban.
Whisper Large-v3,ls_other_4,LibriSpeech (Challenging),6.06,1.6886,0.1161,0.2787,0.0,0.0,100.0,100.0,100.0,NOT I BY MY CONFESSION UNTO HEAVEN SAID SHE THERE IS NOTHING MORE HATEFUL UNTO ME THAN THIS," ""'Not I, by my confession unto Heaven,' said she. ""'There is nothing more hateful unto me than this.'"
Whisper Large-v3,ls_other_5,LibriSpeech (Challenging),3.58,1.3046,0.004,0.3644,15.38,9.84,84.62,84.62,84.62,AND THE TEARS SHE SHED AND THE WORDS SHE HAD SPOKEN AWOKE HIM," And the tiz she said, and the words she had spoken, awoke him."
Whisper Large-v3,ls_other_6,LibriSpeech (Challenging),8.63,2.1736,0.1768,0.2519,0.0,0.0,100.0,100.0,100.0,AND EVIL BETIDE ME SAID HE IF THOU RETURNEST HERE UNTIL THOU KNOWEST WHETHER I HAVE LOST MY STRENGTH SO COMPLETELY AS THOU DIDST SAY," And evil betide me, said he, if thou returnest here until thou knowest whether I have lost my strength so completely as thou didst say."
Whisper Large-v3,ls_other_7,LibriSpeech (Challenging),2.2,0.8284,0.0031,0.3765,33.33,13.33,66.67,66.67,66.67,THEN GERAINT WENT TO SEE ERBIN, Then Duraint went to see Urban.
Whisper Large-v3,ls_other_8,LibriSpeech (Challenging),5.2,1.7296,0.0141,0.3326,0.0,0.0,100.0,100.0,100.0,SIR SAID HE I AM GOING UPON A QUEST AND I AM NOT CERTAIN WHEN I MAY COME BACK," ""'Sir,' said he, ""'I am going upon a quest, and I am not certain when I may come back.'"
Whisper Large-v3,ls_other_9,LibriSpeech (Challenging),3.78,1.045,0.0625,0.2764,0.0,0.0,100.0,100.0,100.0,TAKE HEED THEREFORE UNTO THY POSSESSIONS UNTIL MY RETURN," Take heed, therefore, unto thy possessions until my return."
Whisper Large-v3,ls_other_10,LibriSpeech (Challenging),2.63,1.0052,0.0695,0.3822,0.0,0.0,100.0,100.0,100.0,BUT ONE PERSON ONLY WILL GO WITH ME," ""'But one person only will go with me.'"
Whisper Large-v3,ls_other_11,LibriSpeech (Challenging),5.55,1.612,0.0086,0.2905,0.0,0.0,100.0,100.0,100.0,AND HE DESIRED ENID TO MOUNT HER HORSE AND TO RIDE FORWARD AND TO KEEP A LONG WAY BEFORE HIM, and he desired enid to mount her horse and to ride forward and to keep a long way before him
Whisper Large-v3,ls_other_12,LibriSpeech (Challenging),4.59,1.0929,0.0018,0.2381,0.0,0.0,100.0,100.0,100.0,AND UNLESS I SPEAK UNTO THEE SAY NOT THOU ONE WORD EITHER," And unless I speak unto thee, say not thou one word either."
Whisper Large-v3,ls_other_13,LibriSpeech (Challenging),7.15,1.9124,0.134,0.2675,0.0,0.0,100.0,100.0,100.0,AND THOUGH THOU SHOULDST DESIRE TO SEE MY DEFEAT AND MY DEATH BY THE HANDS OF THOSE MEN YET DO I FEEL NO DREAD," And though thou shouldst desire to see my defeat and my death by the hands of those men, yet do I feel no dread."
Whisper Large-v3,ls_other_14,LibriSpeech (Challenging),3.21,0.9817,0.0082,0.3058,0.0,0.0,100.0,100.0,100.0,AND HE RECEIVED HIM AND THAT NOT FEEBLY," And he received him, and that not feebly."
Whisper Large-v3,ls_other_15,LibriSpeech (Challenging),4.89,1.1449,0.001,0.2341,0.0,0.0,100.0,100.0,100.0,AND SAY NOT ONE WORD UNTO ME UNLESS I SPEAK FIRST UNTO THEE," And say not one word unto me, unless I speak first unto thee."
Whisper Large-v3,ls_other_16,LibriSpeech (Challenging),5.32,1.5847,0.0863,0.2979,0.0,0.0,100.0,100.0,100.0,I WILL DO AS FAR AS I CAN LORD SAID SHE ACCORDING TO THY DESIRE," ""'I will do as far as I can, Lord,' said she, ""'according to thy desire.'"
Whisper Large-v3,ls_other_17,LibriSpeech (Challenging),3.93,1.2996,0.0057,0.3307,0.0,0.0,100.0,100.0,100.0,AH MAIDEN SAID HE IT IS VAIN TO ATTEMPT PROCEEDING FORWARD," ""'Ah, maiden,' said he, ""'it is vain to attempt proceeding forward.'"
Whisper Large-v3,ls_other_18,LibriSpeech (Challenging),7.08,1.8468,0.1429,0.2608,0.0,0.0,100.0,100.0,100.0,I CANNOT BY ANY MEANS REFRAIN FROM SLEEP THROUGH WEARINESS SAID HE DO THOU THEREFORE WATCH THE HORSES AND SLEEP NOT," ""'I cannot by any means refrain from sleep through weariness,' said he. ""'Do thou therefore watch the horses and sleep not?'"
Whisper Large-v3,ls_other_19,LibriSpeech (Challenging),6.52,1.8311,0.0133,0.2808,0.0,0.0,100.0,100.0,100.0,AND WHEN SHE SAW THE DAWN OF DAY APPEAR SHE LOOKED AROUND HER TO SEE IF HE WERE WAKING AND THEREUPON HE WOKE, and when she saw the dawn of day appear she looked around her to see if he were waking and thereupon he woke
Whisper Large-v3,ls_other_20,LibriSpeech (Challenging),5.88,1.9383,0.1095,0.3296,4.55,2.73,95.45,95.45,95.45,AND THEY LEFT THE WOOD AND THEY CAME TO AN OPEN COUNTRY WITH MEADOWS ON ONE HAND AND MOWERS MOWING THE MEADOWS, and they left the wood and they came to an open country with meadows on one hand and moas mowing the meadows
Whisper Large-v3,ls_other_21,LibriSpeech (Challenging),5.46,1.7582,0.0515,0.322,0.0,0.0,100.0,100.0,100.0,MY LORD HE ADDED WILL IT BE DISPLEASING TO THEE IF I ASK WHENCE THOU COMEST ALSO," My lord, he added, will it be displeasing to thee if I ask whence thou comest also?"
Whisper Large-v3,ls_other_22,LibriSpeech (Challenging),4.39,1.4059,0.0066,0.3203,0.0,0.0,100.0,100.0,100.0,WILT THOU FOLLOW MY COUNSEL SAID THE YOUTH AND TAKE THY MEAL FROM ME," Wilt thou follow my counsel, said the youth, and take thy meal from me?"
Whisper Large-v3,ls_other_23,LibriSpeech (Challenging),2.69,0.9871,0.0609,0.367,0.0,0.0,100.0,100.0,100.0,WHAT SORT OF MEAL HE INQUIRED," ""'What sort of meal?' he inquired."
Whisper Large-v3,ls_other_24,LibriSpeech (Challenging),2.41,0.8853,0.0256,0.3674,0.0,0.0,100.0,100.0,100.0,THEN THEY WASHED AND TOOK THEIR REPAST, Then they washed and took their repast.
Whisper Large-v3,ls_other_25,LibriSpeech (Challenging),4.44,1.6629,0.0064,0.3745,0.0,0.0,100.0,100.0,100.0,I GO NOW LORD SAID HE TO MEET THE KNIGHT AND TO CONDUCT HIM TO HIS LODGING, i go now lord said he to meet the knight and to conduct him to his lodging
Whisper Large-v3,ls_other_26,LibriSpeech (Challenging),3.52,1.202,0.0814,0.3415,0.0,0.0,100.0,100.0,100.0,I WILL DO LORD SAID SHE AS THOU SAYEST," ""'I will do, Lord,' said she, as thou sayest."
Whisper Large-v3,ls_other_27,LibriSpeech (Challenging),5.03,1.4733,0.0914,0.2929,6.25,1.3,93.75,93.75,93.75,AND AFTER THEY HAD EATEN AND DRANK GERAINT WENT TO SLEEP AND SO DID ENID ALSO," and after they had eaten and drank, Gerain went to sleep, and so did Enid also."
Whisper Large-v3,ls_other_28,LibriSpeech (Challenging),6.72,1.7122,0.0129,0.2548,0.0,0.0,100.0,100.0,100.0,THE DATES SEEM UNIMPORTANT BUT THROUGHOUT THE PERIOD THE OFFICERS AND MEN OF THE SHIP HAVE BEEN UNREMITTINGLY BUSY," The dates seem unimportant, but throughout the period the officers and men of the ship have been unremittingly busy."
Whisper Large-v3,ls_other_29,LibriSpeech (Challenging),9.12,2.6867,0.0841,0.2946,4.0,1.86,96.0,96.0,96.0,BOWERS ATTACKED THE SHIP'S STORES SURVEYED RELISTED AND RESTOWED THEM SAVING VERY MUCH SPACE BY UNSTOWING NUMEROUS CASES AND STOWING THE CONTENTS IN THE LAZARETTE," Bowers attacked the ship's doors, surveyed, relisted, and restowed them, saving very much space by unstowing numerous cases and stowing the contents in the lazarette."
Whisper Large-v3,ls_other_30,LibriSpeech (Challenging),7.08,1.8677,0.0317,0.2638,3.85,4.76,96.15,96.15,96.15,WITHOUT STEAM THE LEAK CAN NOW BE KEPT UNDER WITH THE HAND PUMP BY TWO DAILY EFFORTS OF A QUARTER OF AN HOUR TO TWENTY MINUTES," Without steam, the leak can now be kept under with the hand pump by two daily efforts of a quarter of an hour to 20 minutes."
Whisper Large-v3,ls_other_31,LibriSpeech (Challenging),6.83,1.7914,0.1183,0.2623,0.0,0.0,100.0,100.0,100.0,AS THE SHIP WAS AND IN HER PRESENT HEAVILY LADEN CONDITION IT WOULD CERTAINLY HAVE TAKEN THREE TO FOUR HOURS EACH DAY," as the ship was, and in her present heavily laden condition, it would certainly have taken three to four hours each day."
Whisper Large-v3,ls_other_32,LibriSpeech (Challenging),3.96,1.2042,0.0076,0.3041,0.0,0.0,100.0,100.0,100.0,THE LARGE GREEN TENT WAS PUT UP AND PROPER SUPPORTS MADE FOR IT, The large green tent was put up and proper supports made for it.
Whisper Large-v3,ls_other_33,LibriSpeech (Challenging),10.48,2.5049,0.1716,0.239,6.06,0.53,96.88,93.94,95.38,THE ENGINE ROOM STAFF AND ANDERSON'S PEOPLE ON THE ENGINES SCIENTISTS WERE STOWING THEIR LABORATORIES THE COOK REFITTING HIS GALLEY AND SO FORTH NOT A SINGLE SPOT BUT HAD ITS BAND OF WORKERS, the engine-room staff and anderson's people on the engines scientists were stowing their laboratories the cook refitting his galley and so forth not a single spot but had its band of workers
Whisper Large-v3,ls_other_34,LibriSpeech (Challenging),5.83,1.7584,0.0138,0.3016,10.0,1.05,94.74,90.0,92.31,THE MEN'S SPACE SUCH AS IT IS THEREFORE EXTENDS FROM THE FORE HATCH TO THE STEM ON THE MAIN DECK," The men's space, such as it is, therefore extends from the fore-hatch to the stem on the main deck."
Whisper Large-v3,ls_other_35,LibriSpeech (Challenging),9.01,2.072,0.1687,0.23,0.0,0.0,100.0,100.0,100.0,UNDER THE FORECASTLE ARE STALLS FOR FIFTEEN PONIES THE MAXIMUM THE SPACE WOULD HOLD THE NARROW IRREGULAR SPACE IN FRONT IS PACKED TIGHT WITH FODDER, under the forecastle are stalls for fifteen ponies the maximum the space would hold the narrow irregular space in front is packed tight with fodder
Whisper Large-v3,ls_other_36,LibriSpeech (Challenging),6.86,2.0009,0.0148,0.2917,23.81,4.1,84.21,76.19,80.0,IMMEDIATELY BEHIND THE FORECASTLE BULKHEAD IS THE SMALL BOOBY HATCH THE ONLY ENTRANCE TO THE MEN'S MESS DECK IN BAD WEATHER," Immediately behind the forecastle bulkhead is a small booby-hatch, the only entrance to the men's mess-deck in bad weather."
Whisper Large-v3,ls_other_37,LibriSpeech (Challenging),2.53,0.9318,0.0673,0.3683,37.5,10.81,71.43,62.5,66.67,ABAFT THE FORE HATCH IS THE ICE HOUSE, Above the forehatch is the ice house.
Whisper Large-v3,ls_other_38,LibriSpeech (Challenging),9.57,2.3858,0.1035,0.2493,6.67,1.21,93.33,93.33,93.33,WE MANAGED TO GET THREE TONS OF ICE ONE HUNDRED SIXTY TWO CARCASES OF MUTTON AND THREE CARCASES OF BEEF BESIDES SOME BOXES OF SWEETBREADS AND KIDNEYS INTO THIS SPACE, we managed to get three tons of ice one hundred sixty two carcasses of mutton and three carcasses of beef besides some boxes of sweetbreads and kidneys into this space
Whisper Large-v3,ls_other_39,LibriSpeech (Challenging),12.41,2.6856,0.1008,0.2164,0.0,0.0,100.0,100.0,100.0,THE SACKS CONTAINING THIS LAST ADDED TO THE GOODS ALREADY MENTIONED MAKE A REALLY HEAVY DECK CARGO AND ONE IS NATURALLY ANXIOUS CONCERNING IT BUT EVERYTHING THAT CAN BE DONE BY LASHING AND SECURING HAS BEEN DONE, the sacks containing this last added to the goods already mentioned make a really heavy deck cargo and one is naturally anxious concerning it but everything that can be done by lashing and securing has been done
Whisper Large-v3,ls_other_40,LibriSpeech (Challenging),5.6,1.2461,0.0045,0.2225,25.0,11.54,76.92,83.33,80.0,FORAGE I ORIGINALLY ORDERED THIRTY TONS OF COMPRESSED OATEN HAY FROM MELBOURNE, Forage. I originally ordered 30 tons of compressed oat and hay from Melbourne.
Whisper Large-v3,ls_other_41,LibriSpeech (Challenging),12.9,2.76,0.1068,0.214,0.0,0.0,100.0,100.0,100.0,THE SCENE IS WHOLLY ENCHANTING AND SUCH A VIEW FROM SOME SHELTERED SUNNY CORNER IN A GARDEN WHICH BLAZES WITH MASSES OF RED AND GOLDEN FLOWERS TENDS TO FEELINGS OF INEXPRESSIBLE SATISFACTION WITH ALL THINGS, the scene is wholly enchanting and such a view from some sheltered sunny corner in a garden which blazes with masses of red and golden flowers tends to feelings of inexpressible satisfaction with all things
Whisper Large-v3,ls_other_42,LibriSpeech (Challenging),2.29,0.7215,0.0033,0.315,0.0,0.0,100.0,100.0,100.0,A GREAT MASS OF PEOPLE ASSEMBLED, A great mass of people assembled.
Whisper Large-v3,ls_other_43,LibriSpeech (Challenging),4.2,1.3578,0.0042,0.3233,21.43,17.39,84.62,78.57,81.48,K AND I LUNCHED WITH A PARTY IN THE NEW ZEALAND COMPANY'S SHIP RUAPEHU, k and i lunched with the party in the new zealand company ship
Whisper Large-v3,ls_other_44,LibriSpeech (Challenging),3.56,1.0315,0.0657,0.2898,22.22,1.96,87.5,77.78,82.35,TELEGRAM TO SAY TERRA NOVA HAD ARRIVED SUNDAY NIGHT," Telegram to say, Terranova had arrived Sunday night."
Whisper Large-v3,ls_other_45,LibriSpeech (Challenging),6.07,1.6849,0.1122,0.2776,0.0,0.0,100.0,100.0,100.0,A THIRD SLEDGE STANDS ACROSS THE BREAK OF THE POOP IN THE SPACE HITHERTO OCCUPIED BY THE AFTER WINCH, a third sledge stands across the break of the poop in the space hitherto occupied by the after winch
Whisper Large-v3,ls_other_46,LibriSpeech (Challenging),4.58,1.1445,0.0074,0.2499,0.0,0.0,100.0,100.0,100.0,THE QUANTITY IS TWO AND A HALF TONS AND THE SPACE OCCUPIED CONSIDERABLE," The quantity is two and a half tons, and the space occupied considerable."
Whisper Large-v3,ls_other_47,LibriSpeech (Challenging),4.58,1.3007,0.0745,0.284,0.0,0.0,100.0,100.0,100.0,THE SHIP WAS OVER TWO FEET BY THE STERN BUT THIS WILL SOON BE REMEDIED," The ship was over two feet by the stern, but this will soon be remedied."
Whisper Large-v3,ls_other_48,LibriSpeech (Challenging),7.21,1.9805,0.0838,0.2747,0.0,0.0,100.0,100.0,100.0,THEY MUST PERFORCE BE CHAINED UP AND THEY ARE GIVEN WHAT SHELTER IS AFFORDED ON DECK BUT THEIR POSITION IS NOT ENVIABLE," They must perforce be chained up, and they are given what shelter is afforded on deck. But their position is not enviable."
Whisper Large-v3,ls_other_49,LibriSpeech (Challenging),8.37,1.8916,0.075,0.226,0.0,0.0,100.0,100.0,100.0,IT IS A PATHETIC ATTITUDE DEEPLY SIGNIFICANT OF COLD AND MISERY OCCASIONALLY SOME POOR BEAST EMITS A LONG PATHETIC WHINE, it is a pathetic attitude deeply significant of cold and misery occasionally some poor beast emits a long pathetic whine
Whisper Large-v3,ls_other_50,LibriSpeech (Challenging),4.72,1.4046,0.1219,0.2976,0.0,0.0,100.0,100.0,100.0,THERE ARE GENERALLY ONE OR TWO ON WATCH WHICH EASES MATTERS BUT IT IS A SQUASH," There are generally one or two on watch, which eases matters, but it is a squash."
Whisper Large-v3,ls_other_51,LibriSpeech (Challenging),4.8,1.5552,0.0107,0.324,0.0,0.0,100.0,100.0,100.0,LATER IN THE DAY THE WIND HAS VEERED TO THE WESTWARD HEADING US SLIGHTLY," Later in the day, the wind has veered to the westward, heading us slightly."
Whisper Large-v3,ls_other_52,LibriSpeech (Challenging),5.28,1.881,0.1123,0.3562,0.0,0.0,100.0,100.0,100.0,OATES AND ATKINSON WITH INTERMITTENT ASSISTANCE FROM OTHERS WERE BUSY KEEPING THE PONIES ON THEIR LEGS," Oates and Atkinson, with intermittent assistance from others, were busy keeping the ponies on their legs."
Whisper Large-v3,ls_other_53,LibriSpeech (Challenging),14.78,3.1018,0.051,0.2099,12.5,5.15,91.3,87.5,89.36,THERE WAS NOTHING FOR IT BUT TO GRAPPLE WITH THE EVIL AND NEARLY ALL HANDS WERE LABOURING FOR HOURS IN THE WAIST OF THE SHIP HEAVING COAL SACKS OVERBOARD AND RE LASHING THE PETROL CASES ET CETERA IN THE BEST MANNER POSSIBLE UNDER SUCH DIFFICULT AND DANGEROUS CIRCUMSTANCES, there was nothing for it but to grapple with the evil and nearly all hands were laboring for hours in the weights of the ship heaving coal sacks overboard and relashing the petrol cases c in the best manner possible under such difficult and dangerous circumstances
Whisper Large-v3,ls_other_54,LibriSpeech (Challenging),8.31,2.0635,0.1304,0.2483,0.0,0.0,100.0,100.0,100.0,NO SOONER WAS SOME SEMBLANCE OF ORDER RESTORED THAN SOME EXCEPTIONALLY HEAVY WAVE WOULD TEAR AWAY THE LASHING AND THE WORK HAD TO BE DONE ALL OVER AGAIN, no sooner was some semblance of order restored than some exceptionally heavy wave would tear away the lashing and the work had to be done all over again
Whisper Large-v3,ls_other_55,LibriSpeech (Challenging),5.38,1.4107,0.0044,0.2622,26.67,9.09,78.57,73.33,75.86,FROM THIS MOMENT ABOUT FOUR A M THE ENGINE ROOM BECAME THE CENTRE OF INTEREST," From this moment, about 4 a.m., the engine room became the center of interest."
Whisper Large-v3,ls_other_56,LibriSpeech (Challenging),2.4,0.983,0.0556,0.4096,12.5,7.32,87.5,87.5,87.5,THE WATER GAINED IN SPITE OF EVERY EFFORT, The wada gained in spite of every effort.
Whisper Large-v3,ls_other_57,LibriSpeech (Challenging),1.92,0.6719,0.033,0.3499,0.0,0.0,100.0,100.0,100.0,THE OUTLOOK APPEARED GRIM, The outlook appeared grim.
Whisper Large-v3,ls_other_58,LibriSpeech (Challenging),5.49,1.4088,0.0057,0.2566,0.0,0.0,100.0,100.0,100.0,THE AMOUNT OF WATER WHICH WAS BEING MADE WITH THE SHIP SO ROUGHLY HANDLED WAS MOST UNCERTAIN, the amount of water which was being made with the ship so roughly handled was most uncertain
Whisper Large-v3,ls_other_59,LibriSpeech (Challenging),5.39,1.5264,0.0451,0.2832,0.0,0.0,100.0,100.0,100.0,WILLIAMS HAD TO CONFESS HE WAS BEATEN AND MUST DRAW FIRES WHAT WAS TO BE DONE, williams had to confess he was beaten and must draw fires what was to be done
Whisper Large-v3,ls_other_60,LibriSpeech (Challenging),2.78,1.0243,0.0534,0.3685,0.0,0.0,100.0,100.0,100.0,THE BILGE PUMP IS DEPENDENT ON THE MAIN ENGINE, The bilge pump is dependent on the main engine.
Whisper Large-v3,ls_other_61,LibriSpeech (Challenging),4.26,1.2983,0.002,0.3048,13.33,1.43,92.86,86.67,89.66,ON ONE OCCASION I WAS WAIST DEEP WHEN STANDING ON THE RAIL OF THE POOP, On one occasion I was waist-deep when standing on the rail of the poop.
Whisper Large-v3,ls_other_62,LibriSpeech (Challenging),15.77,3.5441,0.2457,0.2247,7.27,1.37,92.86,94.55,93.69,THE AFTERGUARD WERE ORGANISED IN TWO PARTIES BY EVANS TO WORK BUCKETS THE MEN WERE KEPT STEADILY GOING ON THE CHOKED HAND PUMPS THIS SEEMED ALL THAT COULD BE DONE FOR THE MOMENT AND WHAT A MEASURE TO COUNT AS THE SOLE SAFEGUARD OF THE SHIP FROM SINKING PRACTICALLY AN ATTEMPT TO BALE HER OUT, the after guard were organized in two parties by evans to work buckets the men were kept steadily going on the choked hand pumps this seemed all that could be done for the moment and what a measure to count as the sole safeguard of the ship from sinking practically an attempt to bail her out
Whisper Large-v3,ls_other_63,LibriSpeech (Challenging),5.44,1.5511,0.0034,0.2851,0.0,0.0,100.0,100.0,100.0,OCCASIONALLY A HEAVY SEA WOULD BEAR ONE OF THEM AWAY AND HE WAS ONLY SAVED BY HIS CHAIN," Occasionally a heavy sea would bear one of them away, and he was only saved by his chain."
Whisper Large-v3,ls_other_64,LibriSpeech (Challenging),2.87,1.0015,0.0337,0.349,0.0,0.0,100.0,100.0,100.0,NOW THIS IS HOW ARTHUR HUNTED THE STAG, Now this is how Arthur hunted the stag.
Whisper Large-v3,ls_other_65,LibriSpeech (Challenging),5.63,1.4443,0.0724,0.2565,5.56,3.49,94.44,94.44,94.44,AND THE LAST DOG THAT WAS LET LOOSE WAS THE FAVORITE DOG OF ARTHUR CAVALL WAS HIS NAME, And the last dog that was let loose was a favorite dog of Arthur. Cavall was his name.
Whisper Large-v3,ls_other_66,LibriSpeech (Challenging),4.6,1.2442,0.0111,0.2705,7.69,1.39,92.31,92.31,92.31,THEN THEY SOUNDED THE DEATH HORN FOR SLAYING AND THEY ALL GATHERED ROUND," Then they sounded the death horn for slaying, and they all gathered around."
Whisper Large-v3,ls_other_67,LibriSpeech (Challenging),6.92,1.8924,0.0932,0.2735,0.0,0.0,100.0,100.0,100.0,ONE WISHED THAT IT SHOULD BE GIVEN TO THE LADY BEST BELOVED BY HIM AND ANOTHER TO THE LADY WHOM HE LOVED BEST, one wished that it should be given to the lady best beloved by him and another to the lady whom he loved best
Whisper Large-v3,ls_other_68,LibriSpeech (Challenging),16.02,3.6016,0.088,0.2248,2.13,0.4,97.87,97.87,97.87,AND AFTER MIDDAY THEY BEHELD AN UNSHAPELY LITTLE MAN UPON A HORSE AND AFTER HIM A DAME OR A DAMSEL ALSO ON HORSEBACK AND AFTER HER A KNIGHT OF LARGE STATURE BOWED DOWN AND HANGING HIS HEAD LOW AND SORROWFULLY AND CLAD IN BROKEN AND WORTHLESS ARMOR, and after mid-day they beheld an unshapely little man upon a horse and after him a dame or a damsel also on horseback and after her a knight of large stature bowed down and hanging his head low and sorrowfully and clad in broken and worthless armour
Whisper Large-v3,ls_other_69,LibriSpeech (Challenging),10.26,2.3386,0.0755,0.2279,0.0,0.0,100.0,100.0,100.0,I KNOW NOT WHO THEY ARE SAID HE BUT I KNOW SAID GUENEVER THIS IS THE KNIGHT WHOM GERAINT PURSUED AND METHINKS THAT HE COMES NOT HERE BY HIS OWN FREE WILL, i know not who they are said he but i know said guenever this is the knight whom geraint pursued and methinks that he comes not here by his own free will
Whisper Large-v3,ls_other_70,LibriSpeech (Challenging),4.76,1.4596,0.0719,0.3066,6.67,2.41,93.33,93.33,93.33,BUT GERAINT HAS OVERTAKEN HIM AND AVENGED THE INSULT TO THE MAIDEN TO THE UTTERMOST," But Geraint has overtaken him, and avenged the insult of the maiden to the uttermost."
Whisper Large-v3,ls_other_71,LibriSpeech (Challenging),7.67,1.7917,0.1234,0.2336,3.85,1.87,96.15,96.15,96.15,LADY SAID HE AT THE GATE THERE IS A KNIGHT AND I SAW NEVER A MAN OF SO PITIFUL AN ASPECT TO LOOK UPON AS HE, lady said he at the gate there was a knight and i saw never a man of so pitiful an aspect to look upon as he
Whisper Large-v3,ls_other_72,LibriSpeech (Challenging),5.2,1.6694,0.0118,0.321,13.33,8.62,86.67,86.67,86.67,I DO SAID HE HE TELLS ME THAT HE IS EDEYRN THE SON OF NUDD," ""'I do,' said he. ""'He tells me that he is Edirne, the son of Nod.'"
Whisper Large-v3,ls_other_73,LibriSpeech (Challenging),3.3,1.0722,0.0698,0.3249,0.0,0.0,100.0,100.0,100.0,THEN SHE REPLIED I KNOW HIM NOT," Then she replied, ''I know him not.''"
Whisper Large-v3,ls_other_74,LibriSpeech (Challenging),3.38,1.2458,0.0099,0.3686,8.33,3.64,91.67,91.67,91.67,SO GUENEVER WENT TO THE GATE TO MEET HIM AND HE ENTERED," So Guinevere went to the gate to meet him, and he entered."
Whisper Large-v3,ls_other_75,LibriSpeech (Challenging),9.73,2.3996,0.1258,0.2466,0.0,0.0,100.0,100.0,100.0,AND GERAINT GREETS THEE WELL AND IN GREETING THEE HE COMPELLED ME TO COME HITHER TO DO THY PLEASURE FOR THE INSULT WHICH THY MAIDEN RECEIVED FROM THE DWARF NOW WHERE DID HE OVERTAKE THEE, and geraint greets thee well and in greeting thee he compelled me to come hither to do thy pleasure for the insult which thy maiden received from the dwarf now where did he overtake thee
Whisper Large-v3,ls_other_76,LibriSpeech (Challenging),5.01,1.41,0.1079,0.2814,0.0,0.0,100.0,100.0,100.0,SIR SAID SHE WHEN THINKEST THOU THAT GERAINT WILL BE HERE," ""'Sir,' said she, ""'when thinkest thou that Geraint will be here?'"
Whisper Large-v3,ls_other_77,LibriSpeech (Challenging),3.35,1.2382,0.0032,0.3696,25.0,7.41,81.82,75.0,78.26,TO MORROW LADY I THINK HE WILL BE HERE WITH THE MAIDEN," Tomorrow, lady, I think you will be here with the maiden."
Whisper Large-v3,ls_other_78,LibriSpeech (Challenging),6.28,1.8129,0.1195,0.2887,0.0,0.0,100.0,100.0,100.0,I AM LORD SAID HE AND I HAVE MET WITH MUCH TROUBLE AND RECEIVED WOUNDS UNSUPPORTABLE," ""'I am, Lord,' said he, ""'and I have met with much trouble and received wounds unsupportable.'"
Whisper Large-v3,ls_other_79,LibriSpeech (Challenging),5.49,1.7448,0.0231,0.3178,6.67,3.66,93.33,93.33,93.33,WELL SAID ARTHUR FROM WHAT I HEAR IT BEHOOVES GUENEVER TO BE MERCIFUL TOWARDS THEE," Well, said Arthur, from what I hear it behooves Gwynevere to be merciful towards thee."
Whisper Large-v3,ls_other_80,LibriSpeech (Challenging),10.18,2.1641,0.2249,0.2126,0.0,0.0,100.0,100.0,100.0,THE MERCY WHICH THOU DESIREST LORD SAID SHE WILL I GRANT TO HIM SINCE IT IS AS INSULTING TO THEE THAT AN INSULT SHOULD BE OFFERED TO ME AS TO THYSELF, the mercy which thou desirest lord said she will i grant to him since it is as insulting to thee that an insult should be offered to me as to thyself
Whisper Large-v3,ls_other_81,LibriSpeech (Challenging),6.6,1.9492,0.0116,0.2953,0.0,0.0,100.0,100.0,100.0,THUS WILL IT BE BEST TO DO SAID ARTHUR LET THIS MAN HAVE MEDICAL CARE UNTIL IT BE KNOWN WHETHER HE MAY LIVE," ""'Thus will it be best to do,' said Arthur. ""'Let this man have medical care until it be known whether he may live.'"
Whisper Large-v3,ls_other_82,LibriSpeech (Challenging),2.44,1.2002,0.0056,0.4919,14.29,5.13,85.71,85.71,85.71,TO GUENEVER AND HER HANDMAIDENS SAID HE," ""'To Guinevere and her handmaidens,' said he."
Whisper Large-v3,ls_other_83,LibriSpeech (Challenging),2.83,1.084,0.0177,0.383,0.0,0.0,100.0,100.0,100.0,AND THE STEWARD OF THE HOUSEHOLD SO ORDERED HER, And the steward of the household so ordered her.
Whisper Large-v3,ls_other_84,LibriSpeech (Challenging),12.28,2.4762,0.011,0.2016,5.88,1.76,94.12,94.12,94.12,AND BEING YOUNG HE CHANGED HIMSELF AND GREW TO HATE THE SIN THAT SEEM'D SO LIKE HIS OWN OF MODRED ARTHUR'S NEPHEW AND FELL AT LAST IN THE GREAT BATTLE FIGHTING FOR THE KING, and being young he changed himself and grew to hate the sin that seemed so like his own of maudred arthur's nephew and fell at last in the great battle fighting for the king
Whisper Large-v3,ls_other_85,LibriSpeech (Challenging),4.21,1.5622,0.0971,0.3711,7.69,2.94,92.31,92.31,92.31,AND WHEN GERAINT CAME TO THE PLACE WHERE GUENEVER WAS HE SALUTED HER, and when geraint came to the place where guinevere was he saluted her
Whisper Large-v3,ls_other_86,LibriSpeech (Challenging),2.21,0.8781,0.0055,0.3973,0.0,0.0,100.0,100.0,100.0,THEN THEY WENT IN AND DISMOUNTED, Then they went in and dismounted.
Whisper Large-v3,ls_other_87,LibriSpeech (Challenging),4.58,1.361,0.0026,0.2972,0.0,0.0,100.0,100.0,100.0,HEAVEN PROTECT THEE SAID ARTHUR AND THE WELCOME OF HEAVEN BE UNTO THEE," ""'Heaven protect thee,' said Arthur, ""'and the welcome of heaven be unto thee.'"
Whisper Large-v3,ls_other_88,LibriSpeech (Challenging),7.38,2.1162,0.0937,0.2868,5.88,3.23,94.12,94.12,94.12,AND INASMUCH AS THOU HAST VANQUISHED EDEYRN THE SON OF NUDD THOU HAST HAD A PROSPEROUS CAREER," ""'And, inasmuch as thou hast vanquished Ednurin, the son of Nudd, thou hast had a prosperous career.'"
Whisper Large-v3,ls_other_89,LibriSpeech (Challenging),2.54,0.8889,0.0073,0.35,0.0,0.0,100.0,100.0,100.0,AND FROM THAT TIME SHE BECAME HIS WIFE, And from that time she became his wife.
Whisper Large-v3,ls_other_90,LibriSpeech (Challenging),9.85,2.3359,0.0568,0.2371,0.0,0.0,100.0,100.0,100.0,AND THE MAIDEN TOOK UP HER ABODE IN THE PALACE AND SHE HAD MANY COMPANIONS BOTH MEN AND WOMEN AND THERE WAS NO MAIDEN MORE ESTEEMED THAN SHE IN THE ISLAND OF BRITAIN, and the maiden took up her abode in the palace and she had many companions both men and women and there was no maiden more esteemed than she in the island of britain
Whisper Large-v3,ls_other_91,LibriSpeech (Challenging),6.79,1.8204,0.118,0.2681,0.0,0.0,100.0,100.0,100.0,AND A YEAR AND A SECOND AND A THIRD HE PROCEEDED THUS UNTIL HIS FAME HAD FLOWN OVER THE FACE OF THE KINGDOM," And a year, and a second, and a third he proceeded thus, until his fame had flown over the face of the kingdom."
Whisper Large-v3,ls_other_92,LibriSpeech (Challenging),6.55,1.7694,0.0123,0.2701,0.0,0.0,100.0,100.0,100.0,AND HE GREETS THEE WELL AS AN UNCLE SHOULD GREET HIS NEPHEW AND AS A VASSAL SHOULD GREET HIS LORD, and he greets thee well as an uncle should greet his nephew and as a vassal should greet his lord
Whisper Large-v3,ls_other_93,LibriSpeech (Challenging),6.11,1.7453,0.0716,0.2856,6.25,1.0,93.75,93.75,93.75,AND THE NEIGHBORING CHIEFS KNOWING THIS GROW INSOLENT TOWARDS HIM AND COVET HIS LAND AND POSSESSIONS, and the neighboring chiefs knowing this grow insolent toward him and covet his land and possessions
Whisper Large-v3,ls_other_94,LibriSpeech (Challenging),13.56,2.8815,0.0816,0.2125,0.0,0.0,100.0,100.0,100.0,AND ARTHUR TOLD GERAINT THE CAUSE OF THE MISSION AND OF THE COMING OF THE AMBASSADORS TO HIM OUT OF CORNWALL TRULY SAID GERAINT BE IT TO MY ADVANTAGE OR DISADVANTAGE LORD I WILL DO ACCORDING TO THY WILL CONCERNING THIS EMBASSY, and arthur told geraint the cause of the mission and of the coming of the ambassadors to him out of cornwall truly said geraint be it to my advantage or disadvantage lord i will do according to thy will concerning this embassy
Whisper Large-v3,ls_other_95,LibriSpeech (Challenging),3.85,1.2224,0.0901,0.3175,11.11,4.0,88.89,88.89,88.89,WHAT DISCOURSE SAID GUENEVER DO I HEAR BETWEEN YOU," ""'What discourse,' said Guinevere, ""'do I hear between you?'"
Whisper Large-v3,ls_other_96,LibriSpeech (Challenging),5.33,1.6821,0.0063,0.3156,0.0,0.0,100.0,100.0,100.0,SAID GERAINT I THINK I SHALL HAVE ENOUGH OF KNIGHTHOOD WITH ME AND THEY SET FORTH, said geraint i think i shall have enough of knighthood with me and they set forth
Whisper Large-v3,ls_other_97,LibriSpeech (Challenging),4.16,1.3354,0.0682,0.321,0.0,0.0,100.0,100.0,100.0,AND NEVER WAS THERE SEEN A FAIRER HOST JOURNEYING TOWARDS THE SEVERN, and never was there seen a fairer host journeying towards the Severn.
Whisper Large-v3,ls_other_98,LibriSpeech (Challenging),10.09,2.0986,0.0291,0.208,3.33,0.76,96.67,96.67,96.67,AND HE SAID TO GERAINT I AM A FEEBLE AND AN AGED MAN AND WHILST I WAS ABLE TO MAINTAIN THE DOMINION FOR THEE AND FOR MYSELF I DID SO, and he said to geraint i am a feeble and an aged man and whilst i was able to maintain the dominions for thee and for myself i did so
Whisper Large-v3,ls_other_99,LibriSpeech (Challenging),2.24,0.776,0.008,0.3464,25.0,2.44,85.71,75.0,80.0,AND EVERY ONE ASKED THAT WHICH HE DESIRED, And everyone asked that which he desired.
Whisper Large-v3,ls_other_100,LibriSpeech (Challenging),8.81,1.9062,0.1466,0.2164,0.0,0.0,100.0,100.0,100.0,AND THEY WERE NOT LONG IN GIVING SO EAGER WAS EVERY ONE TO BESTOW GIFTS AND OF THOSE WHO CAME TO ASK GIFTS NONE DEPARTED UNSATISFIED, and they were not long in giving so eager was every one to bestow gifts and of those who came to ask gifts none departed unsatisfied
