Model,Accent,Sample Index,Reference,Base Hypothesis,Prompted Hypothesis,Base WER (%),Prompted WER (%),Base SER (%),Prompted SER (%),SER Reduction (Δ%),Base DER (%),Prompted DER (%),Base IER (%),Prompted IER (%)
Whisper tiny,Singaporean,1,One could sense the struggle going on within.,One could sense the struggle going on within.,One could sense the struggle going on within.,0.0,0.0,0.0,0.0,0.0,0.0,0.0,0.0,0.0
Whisper tiny,Singaporean,2,And a long time afterwards she brought her another supply.,"And a long time afterwards, she bought her a nade surprise.","And the long time afterwards, she bought her a native supply.",40.0,40.0,30.0,30.0,0.0,0.0,0.0,10.0,10.0
Whisper tiny,Singaporean,3,The project also would preserve greenspace throughout the city and create new parks.,The project also would preserve green space throughout the city and create new parks.,The project also would preserve pre-inspace throughout the city and create new parks.,15.38,7.69,7.69,7.69,0.0,0.0,0.0,7.69,0.0
Whisper tiny,Singaporean,4,"However, Pakistan needed to apply to join.","However, Pakistan needed to apply to join.",However Pakistan needed to apply to join,0.0,0.0,0.0,0.0,0.0,0.0,0.0,0.0,0.0
Whisper tiny,Singaporean,5,One wounded man was killed by a shell while the corporal was carrying him.,"One wounded man was killed by a shell, what a corporal was carrying him.",The English translation is a French translation is a French translation is a French translation is a French translation is a French translation is a French translation is a French translation is a French translation is a French translation is a French translation is a French translation is a French translation is a French translation is a French translation is a French translation is a French translation is a French translation is a French translation is a French translation is a French translation is a French translation is a French translation is a French translation is a French translation is a French translation is a French translation is a French translation is a French translation is a French translation is a French translation is a French translation is a French translation is a French translation is a French translation is a French translation is a French translation is a French translation is a French translation is a French translation is a French translation is a French translation is a French translation is a French translation is a French translation is a French translation is a French translation is a French translation is a French translation is a French translation is a French translation is a French translation is a French translation is a French translation is a French translation is a French translation is a French translation is a French translation is a French translation is a French translation is a French translation is a French translation is a French translation is a French translation is a French translation is a French translation is a French translation is a French translation is a French translation is a French translation is a French translation is a French translation is a French translation is a French translation is a French translation is a French translation is a French translation is a French translation is a French translation is a French translation is a French translation is a French translation is a French translation is a French translation is a French translation is a French translation is a French translation is a French translation is a French translation is a French translation is a French translation is a French translation is a French translation is a French translation is a French translation is a French translation is a French translation is a French translation is a French translation is a French translation is a French translation is a French translation is a French translation is a French translation is a French translation is a French translation is a French translation is,14.29,3050.0,14.29,92.86,-550.0,0.0,0.0,0.0,2957.14
Whisper tiny,Singaporean,6,"There is still the use of the horseshoe arch, at least decoratively.","There is still a views of the horseshoe arc, at least decoratively.",There is still the use of the course of the course of the course of the course of the course of the course of the course of the course of the course of the course of the course of the course of the course of the course of the course of the course of the course of the course of the course of the course of the course of the course of the course of the course of the course of the course of the course of the course of the course of the course of the course of the course of the course of the course of the course of the course of the course of the course of the course of the course of the course of the course of the course of the course of the course of the course of the course of the course of the course of the course of the course of the course of the course of the course of the course of the course of the course of the course of the course of the course of the course of the course of the course of the course of the course of the course of the course of the course of the course of the course of the course of the course of the course of the course of the course of the course of the course of the course of the course of the course of the course of the course of the course of the course of the course of the course of the course of the course of the course of the course of the course of the course of the course of the course of the course of the course of the course of the course of the course of the course of the course of the course of the course of the course of the course of the course of the course of the course of the course of the course of the course of the course of the course of the course of the course of the course of the course of the course of the course of the course of the course of the course of the course of the course of the course of the course of the course of the course of the course of the course of the course of the course of the course of the course of the course of the course of the course of the course of the course of the course of the course,25.0,3508.33,25.0,41.67,-66.67,0.0,0.0,0.0,3466.67
Whisper tiny,Singaporean,7,She mostly played the leading actor's love interest in all these films.,She mostly played a leading act as a love interest in always films.,She mostly played a leading actress love interest in all his films.,50.0,25.0,25.0,25.0,0.0,8.33,0.0,16.67,0.0
Whisper tiny,Singaporean,8,"We know what a child can bring, no matter the circumstances.",We know what a child can bring no matter the circumstances.,We know what a child can bring the mother to the,0.0,36.36,0.0,18.18,0.0,0.0,9.09,0.0,9.09
Whisper tiny,Singaporean,9,Baldwin himself designed the two storey wood frame house.,Bullet himself designed to do so he would frame house.,The English translation is a French translation is a French translation is a French translation is a French translation is a French translation is a French translation is a French translation is a French translation is a French translation is a French translation is a French translation is a French translation is a French translation is a French translation is a French translation is a French translation is a French translation is a French translation is a French translation is a French translation is a French translation is a French translation is a French translation is a French translation is a French translation is a French translation is a French translation is a French translation is a French translation is a French translation is a French translation is a French translation is a French translation is a French translation is a French translation is a French translation is a French translation is a French translation is a French translation is a French translation is a French translation is a French translation is a French translation is a French translation is a French translation is a French translation is a French translation is a French translation is a French translation is a French translation is a French translation is a French translation is a French translation is a French translation is a French translation is a French translation is a French translation is a French translation is a French translation is a French translation is a French translation is a French translation is a French translation is a French translation is a French translation is a French translation is a French translation is a French translation is a French translation is a French translation is a French translation is a French translation is a French translation is a French translation is a French translation is a French translation is a French translation is a French translation is a French translation is a French translation is a French translation is a French translation is a French translation is a French translation is a French translation is a French translation is a French translation is a French translation is a French translation is a French translation is a French translation is a French translation is a French translation is a French translation is a French translation is a French translation is a French translation is a French translation is a French translation is a French translation is a French translation is a French translation is a French translation is a French translation is a French translation is a French translation is,66.67,4755.56,55.56,100.0,-80.0,0.0,0.0,11.11,4655.56
Whisper tiny,Singaporean,10,The family owned some farmland as well as a shop in the city.,The family owns some farmland as well as a shop in the city.,The family owns some farmland has well as a shop in the city.,7.69,15.38,7.69,15.38,-100.0,0.0,0.0,0.0,0.0
Whisper tiny,Singaporean,11,The existing dam is the second structure to be called the American Falls Dam.,The existing dam is the second structure to be called American fall stamp.,The existing dam is the second structure to be called American false dam.,21.43,14.29,14.29,7.14,50.0,7.14,7.14,0.0,0.0
Whisper tiny,Singaporean,12,The promontory on which Agropoli stands has been inhabited since Neolithic times.,The promontory on which I grip Holy Stance has been inhabited since nearly five times.,The pro-ontry on which I,50.0,75.0,25.0,16.67,33.33,0.0,58.33,25.0,0.0
Whisper tiny,Singaporean,13,It is the home of the football team of Harvard.,It is the home of football team of Harvard.,It is the home of the football team of Harvard.,10.0,0.0,0.0,0.0,0.0,10.0,0.0,0.0,0.0
Whisper tiny,Singaporean,14,Emily Jones is the director.,Emily Jones is a director.,English translation is a French translation is a French translation is a French translation is a French translation is a French translation is a French translation is a French translation is a French translation is a French translation is a French translation is a French translation is a French translation is a French translation is a French translation is a French translation is a French translation is a French translation is a French translation is a French translation is a French translation is a French translation is a French translation is a French translation is a French translation is a French translation is a French translation is a French translation is a French translation is a French translation is a French translation is a French translation is a French translation is a French translation is a French translation is a French translation is a French translation is a French translation is a French translation is a French translation is a French translation is a French translation is a French translation is a French translation is a French translation is a French translation is a French translation is a French translation is a French translation is a French translation is a French translation is a French translation is a French translation is a French translation is a French translation is a French translation is a French translation is a French translation is a French translation is a French translation is a French translation is a French translation is a French translation is a French translation is a French translation is a French translation is a French translation is a French translation is a French translation is a French translation is a French translation is a French translation is a French translation is a French translation is a French translation is a French translation is a French translation is a French translation is a French translation is a French translation is a French translation is a French translation is a French translation is a French translation is a French translation is a French translation is a French translation is a French translation is a French translation is a French translation is a French translation is a French translation is a French translation is a French translation is a French translation is a French translation is a French translation is a French translation is a French translation is a French translation is a French translation is a French translation is a French translation is a French translation is a French translation is a French translation is a French translation is a,20.0,8540.0,20.0,80.0,-300.0,0.0,0.0,0.0,8460.0
Whisper tiny,Singaporean,15,Kurds and Zazas have for centuries lived in the same areas in Anatolia.,Kurds and rather self for centuries lived in the same areas in Anatolia.,The English translation is a French translation is a French translation is a French translation is a French translation is a French translation is a French translation is a French translation is a French translation is a French translation is a French translation is a French translation is a French translation is a French translation is a French translation is a French translation is a French translation is a French translation is a French translation is a French translation is a French translation is a French translation is a French translation is a French translation is a French translation is a French translation is a French translation is a French translation is a French translation is a French translation is a French translation is a French translation is a French translation is a French translation is a French translation is a French translation is a French translation is a French translation is a French translation is a French translation is a French translation is a French translation is a French translation is a French translation is a French translation is a French translation is a French translation is a French translation is a French translation is a French translation is a French translation is a French translation is a French translation is a French translation is a French translation is a French translation is a French translation is a French translation is a French translation is a French translation is a French translation is a French translation is a French translation is a French translation is a French translation is a French translation is a French translation is a French translation is a French translation is a French translation is a French translation is a French translation is a French translation is a French translation is a French translation is a French translation is a French translation is a French translation is a French translation is a French translation is a French translation is a French translation is a French translation is a French translation is a French translation is a French translation is a French translation is a French translation is a French translation is a French translation is a French translation is a French translation is a French translation is a French translation is a French translation is a French translation is a French translation is a French translation is a French translation is a French translation is a French translation is a French translation is a French translation is a French translation is a French translation is a French translation is a French translation is,15.38,3292.31,15.38,100.0,-550.0,0.0,0.0,0.0,3192.31
Whisper tiny,Singaporean,16,"In the film, a real frog is skinned alive while fish are mutilated.","In the film, the real frog is going to live what fish are mutilated.","In the film, the real frog is a real frog is a live, what fish are mutilated.",38.46,53.85,30.77,23.08,25.0,0.0,0.0,7.69,30.77
Whisper tiny,Singaporean,17,This rule is not always strictly observed in the New World.,This rule is not always extremely absurd to me.,This rule is not always strictly observed in the,54.55,18.18,36.36,0.0,100.0,18.18,18.18,0.0,0.0
Whisper tiny,Singaporean,18,There is also the Mansion Hotel and Conference Centre.,There is also the Manchin Hotel and Conference Center.,The French accent is a French accent is a French accent is a French accent is a French accent.,22.22,200.0,22.22,88.89,-300.0,0.0,0.0,0.0,111.11
Whisper tiny,Singaporean,19,"Their blended family includes daughters Alexis, Hailey, Addison and son, Jack.","Their branded family includes daughters, exes, healing, addition and son Jack.",The English translation is a French translation is a French translation is a French translation is a French translation is a French translation is a French translation is a French translation is a French translation is a French translation is a French translation is a French translation is a French translation is a French translation is a French translation is a French translation is a French translation is a French translation is a French translation is a French translation is a French translation is a French translation is a French translation is a French translation is a French translation is a French translation is a French translation is a French translation is a French translation is a French translation is a French translation is a French translation is a French translation is a French translation is a French translation is a French translation is a French translation is a French translation is a French translation is a French translation is a French translation is a French translation is a French translation is a French translation is a French translation is a French translation is a French translation is a French translation is a French translation is a French translation is a French translation is a French translation is a French translation is a French translation is a French translation is a French translation is a French translation is a French translation is a French translation is a French translation is a French translation is a French translation is a French translation is a French translation is a French translation is a French translation is a French translation is a French translation is a French translation is a French translation is a French translation is a French translation is a French translation is a French translation is a French translation is a French translation is a French translation is a French translation is a French translation is a French translation is a French translation is a French translation is a French translation is a French translation is a French translation is a French translation is a French translation is a French translation is a French translation is a French translation is a French translation is a French translation is a French translation is a French translation is a French translation is a French translation is a French translation is a French translation is a French translation is a French translation is a French translation is a French translation is a French translation is a French translation is a French translation is a French translation is a French translation is,36.36,3890.91,36.36,100.0,-175.0,0.0,0.0,0.0,3790.91
Whisper tiny,Singaporean,20,"At around the same time, the Romans were finally the victors over Carthage.","At around the same time, the Romans will finally lead the victors of a cottage.","At around the same time, the Romans finally the victors of a coffee shop.",38.46,38.46,23.08,15.38,33.33,0.0,7.69,15.38,15.38
Whisper tiny,Singaporean,21,"Yashar Books, a smaller Jewish publisher, agreed to distribute them.","Yesher birds, small and Jewish publisher, are created to build them.",The English translation is a English translation is a English translation is a English translation is a English translation is a English translation is a English translation is a English translation is a English translation is a English translation is a English translation is a English translation is a English translation is a English translation is a English translation is a English translation is a English translation is a English translation is a English translation is a English translation is a English translation is a English translation is a English translation is a English translation is a English translation is a English translation is a English translation is a English translation is a English translation is a English translation is a English translation is a English translation is a English translation is a English translation is a English translation is a English translation is a English translation is a English translation is a English translation is a English translation is a English translation is a English translation is a English translation is a English translation is a English translation is a English translation is a English translation is a English translation is a English translation is a English translation is a English translation is a English translation is a English translation is a English translation is a English translation is a English translation is a English translation is a English translation is a English translation is a English translation is a English translation is a English translation is a English translation is a English translation is a English translation is a English translation is a English translation is a English translation is a English translation is a English translation is a English translation is a English translation is a English translation is a English translation is a English translation is a English translation is a English translation is a English translation is a English translation is a English translation is a English translation is a English translation is a English translation is a English translation is a English translation is a English translation is a English translation is a English translation is a English translation is a English translation is a English translation is a English translation is a English translation is a English translation is a English translation is a English translation is a English translation is a English translation is a English translation is a English translation is a English translation is a English translation is a English translation is a English translation is a English translation is a English translation is a English translation is,70.0,4270.0,60.0,90.0,-50.0,0.0,0.0,10.0,4180.0
Whisper tiny,Singaporean,22,"""Sounds Funny"" is the show's theme.","Now, one's funny is the show's unique.",The English translation is a French translation is a French translation is a French translation is a French translation is a French translation is a French translation is a French translation is a French translation is a French translation is a French translation is a French translation is a French translation is a French translation is a French translation is a French translation is a French translation is a French translation is a French translation is a French translation is a French translation is a French translation is a French translation is a French translation is a French translation is a French translation is a French translation is a French translation is a French translation is a French translation is a French translation is a French translation is a French translation is a French translation is a French translation is a French translation is a French translation is a French translation is a French translation is a French translation is a French translation is a French translation is a French translation is a French translation is a French translation is a French translation is a French translation is a French translation is a French translation is a French translation is a French translation is a French translation is a French translation is a French translation is a French translation is a French translation is a French translation is a French translation is a French translation is a French translation is a French translation is a French translation is a French translation is a French translation is a French translation is a French translation is a French translation is a French translation is a French translation is a French translation is a French translation is a French translation is a French translation is a French translation is a French translation is a French translation is a French translation is a French translation is a French translation is a French translation is a French translation is a French translation is a French translation is a French translation is a French translation is a French translation is a French translation is a French translation is a French translation is a French translation is a French translation is a French translation is a French translation is a French translation is a French translation is a French translation is a French translation is a French translation is a French translation is a French translation is a French translation is a French translation is a French translation is a French translation is a French translation is a French translation is a French translation is,50.0,7116.67,33.33,83.33,-150.0,0.0,0.0,16.67,7033.33
Whisper tiny,Singaporean,23,"Since that date any new ""development"" has required planning permission.",So that date and new development and required planning permission.,The English translation is a French translation is a French translation is a French translation is a French translation is a French translation is a French translation is a French translation is a French translation is a French translation is a French translation is a French translation is a French translation is a French translation is a French translation is a French translation is a French translation is a French translation is a French translation is a French translation is a French translation is a French translation is a French translation is a French translation is a French translation is a French translation is a French translation is a French translation is a French translation is a French translation is a French translation is a French translation is a French translation is a French translation is a French translation is a French translation is a French translation is a French translation is a French translation is a French translation is a French translation is a French translation is a French translation is a French translation is a French translation is a French translation is a French translation is a French translation is a French translation is a French translation is a French translation is a French translation is a French translation is a French translation is a French translation is a French translation is a French translation is a French translation is a French translation is a French translation is a French translation is a French translation is a French translation is a French translation is a French translation is a French translation is a French translation is a French translation is a French translation is a French translation is a French translation is a French translation is a French translation is a French translation is a French translation is a French translation is a French translation is a French translation is a French translation is a French translation is a French translation is a French translation is a French translation is a French translation is a French translation is a French translation is a French translation is a French translation is a French translation is a French translation is a French translation is a French translation is a French translation is a French translation is a French translation is a French translation is a French translation is a French translation is a French translation is a French translation is a French translation is a French translation is a French translation is a French translation is a French translation is a French translation is a French translation is,30.0,4280.0,30.0,100.0,-233.33,0.0,0.0,0.0,4180.0
Whisper tiny,Singaporean,24,These men became known as 'Vaughan's doves'.,Please land become known as Vornstuffs.,Please learn to speak to the English,71.43,100.0,57.14,100.0,-75.0,14.29,0.0,0.0,0.0
Whisper tiny,Singaporean,25,"The name Brumstead is believed to derive from the ""place of broom"".",The name Drumshti is believed to derive from the place of Broom.,The name is a French accent is a French accent is a French accent is a French accent. The name is a French accent. The name is a French accent. The name is a French accent. The name is a French accent. The name is a French accent. The name is a French accent. The name is a French accent. The name is a French accent. The name is a French accent. The name is a French accent. The name is a French accent. The name is a French accent. The name is a French accent. The name is a French accent. The name is a French accent. The name is a French accent. The name is a French accent. The name is a French accent. The name is a French accent. The name is a French accent. The name is a French accent. The name is a French accent. The name is a French accent. The name is a French accent. The name is a French accent. The name is a French accent. The name is a French accent. The name is a French accent. The name is a French accent. The name is a French accent. The name is a French accent. The name is a French accent. The name is a French accent. The name is a French accent. The name is a French accent. The name is a French accent. The name is a French accent. The name is a French accent. The name is a French accent. The name is a French accent. The name is a French accent. The name is a French accent. The name is a French accent. The name is a French accent. The name is a French accent. The name is a French accent. The name is a French accent. The name is a French accent. The name is a French accent. The name is a French accent. The name is a French accent. The name is a French accent. The name is a French accent. The name is a French accent.,8.33,2816.67,8.33,66.67,-700.0,0.0,0.0,0.0,2750.0
Whisper tiny,Singaporean,26,Crimes committed east of the Curzon line could not be prosecuted by Polish courts.,Crimes can be that ease of the cousin line could not be prosecuted by polish cars.,The English translation is a French translation is a French translation is a French translation is a French translation is a French translation is a French translation is a French translation is a French translation is a French translation is a French translation is a French translation is a French translation is a French translation is a French translation is a French translation is a French translation is a French translation is a French translation is a French translation is a French translation is a French translation is a French translation is a French translation is a French translation is a French translation is a French translation is a French translation is a French translation is a French translation is a French translation is a French translation is a French translation is a French translation is a French translation is a French translation is a French translation is a French translation is a French translation is a French translation is a French translation is a French translation is a French translation is a French translation is a French translation is a French translation is a French translation is a French translation is a French translation is a French translation is a French translation is a French translation is a French translation is a French translation is a French translation is a French translation is a French translation is a French translation is a French translation is a French translation is a French translation is a French translation is a French translation is a French translation is a French translation is a French translation is a French translation is a French translation is a French translation is a French translation is a French translation is a French translation is a French translation is a French translation is a French translation is a French translation is a French translation is a French translation is a French translation is a French translation is a French translation is a French translation is a French translation is a French translation is a French translation is a French translation is a French translation is a French translation is a French translation is a French translation is a French translation is a French translation is a French translation is a French translation is a French translation is a French translation is a French translation is a French translation is a French translation is a French translation is a French translation is a French translation is a French translation is a French translation is a French translation is a French translation is a French translation is,42.86,3057.14,28.57,100.0,-250.0,0.0,0.0,14.29,2957.14
Whisper tiny,Singaporean,27,Lacking professional routine his painting seem bitter and sounding.,"Black King Professional Routine, his painting seemed bitter and sounding.",The Chinese accent is a Chinese accent is a Chinese accent is a Chinese accent is a Chinese accent is a Chinese accent is a Chinese accent is a Chinese accent is a Chinese accent is a Chinese accent is a Chinese accent is a Chinese accent is a Chinese accent is a Chinese accent is a Chinese accent is a Chinese accent is a Chinese accent is a Chinese accent is a Chinese accent is a Chinese accent is a Chinese accent is a Chinese accent is a Chinese accent is a Chinese accent is a Chinese accent is a Chinese accent is a Chinese accent is a Chinese accent is a Chinese accent is a Chinese accent is a Chinese accent is a Chinese accent is a Chinese accent is a Chinese accent is a Chinese accent is a Chinese accent is a Chinese accent is a Chinese accent is a Chinese accent is a Chinese accent is a Chinese accent is a Chinese accent is a Chinese accent is a Chinese accent is a Chinese accent is a Chinese accent is a Chinese accent is a Chinese accent is a Chinese accent is a Chinese accent is a Chinese accent is a Chinese accent is a Chinese accent is a Chinese accent is a Chinese accent is a Chinese accent is a Chinese accent is a Chinese accent is a Chinese accent is a Chinese accent is a Chinese accent is a Chinese accent is a Chinese accent is a Chinese accent is a Chinese accent is a Chinese accent is a Chinese accent is a Chinese accent is a Chinese accent is a Chinese accent is a Chinese accent is a Chinese accent is a Chinese accent is a Chinese accent is a Chinese accent is a Chinese accent is a Chinese accent is a Chinese accent is a Chinese accent is a Chinese accent is a Chinese accent is a Chinese accent is a Chinese accent is a Chinese accent is a Chinese accent is a Chinese accent is a Chinese accent is a Chinese accent is a Chinese accent is a Chinese accent is a Chinese accent is a Chinese accent is a Chinese accent is a Chinese accent is a Chinese accent is a Chinese accent is a Chinese accent is a Chinese accent is a Chinese accent is a Chinese accent is a Chinese accent is a Chinese accent is a Chinese accent is a Chinese accent is a Chinese accent is a Chinese accent is a Chinese accent is,33.33,4755.56,22.22,100.0,-350.0,0.0,0.0,11.11,4655.56
Whisper tiny,Singaporean,28,His works had a strong influence on the next generation of Russian landscape painters.,His works had a strong influence on the next generation of Russian landscape painters.,His works had a strong influence on the next generation of Russian landscape painters.,0.0,0.0,0.0,0.0,0.0,0.0,0.0,0.0,0.0
Whisper tiny,Singaporean,29,"The commune is located on the east side of the department, southeast of Pau.","The communes located on the east side of the department, southeast of Pau.",The communes located on the east side of the east side of the Department of South East of Pau.,14.29,64.29,7.14,14.29,-100.0,7.14,7.14,0.0,42.86
Whisper tiny,Singaporean,30,The mixed color fraction is the least valuable.,The mixed color fraction is the linear survival.,The next is the English conversation spoken with a foreign accent. The next is the English translation. The next is the English translation. The next is the English translation. The next is the English translation. The next is the English translation. The next is the English translation. The next is the English translation. The next is the English translation. The next is the English translation. The next is the English translation. The next is the English translation. The next is the English translation. The next is the English translation. The next is the English translation. The next is the English translation. The next is the English translation. The next is the English translation. The next is the English translation. The next is the English translation. The next is the English translation. The next is the English translation. The next is the English translation. The next is the English translation. The next is the English translation. The English translation. The English translation. The English translation. The English translation. The English translation. The English translation. The English translation. The English translation. The English translation. The English translation. The English translation. The English translation. The English translation. The English translation. The English translation. The English translation. The English translation. The English translation. The English translation. The English translation. The English translation. The English translation. The English translation. The English translation. The English translation. The English translation. The English translation. The English translation. The English translation. The English translation. The English translation. The English translation. The English translation. The English translation. The English translation. The English translation. The English translation. The English translation. The English translation. The English translation. The English translation. The English translation. The English translation. The English translation. The English translation. The English translation. The English translation. The English translation. The English translation. The English translation. The English translation. The English translation. The English translation. The English translation. The English translation. The English translation. The English translation. The English translation. The English translation. The English translation. The English translation. The English translation.,25.0,4225.0,25.0,62.5,-150.0,0.0,0.0,0.0,4162.5
Whisper tiny,Singaporean,31,Senator Lloyd Bentsen of Texas.,Senator Lloyd Benson of Texas,Senator Lloyd Benson of Texas.,20.0,20.0,20.0,20.0,0.0,0.0,0.0,0.0,0.0
Whisper tiny,Singaporean,32,They were disciplined for their efforts.,They were disciplined for their efforts.,They were disciplined for their efforts.,0.0,0.0,0.0,0.0,0.0,0.0,0.0,0.0,0.0
Whisper tiny,Singaporean,33,This is a simple consequence of the Lagrange form of the remainder.,This is a simple consequence of the Lagrange form of the remainder.,This is a simple consequence of the Lagrange form of the Lagrange form of the Lagrange form of the Lagrange form of the Lagrange form of the Lagrange form of the Lagrange form of the Lagrange form of the Lagrange form of the Lagrange form of the Lagrange form of the Lagrange form of the Lagrange form of the Lagrange form of the Lagrange form of the Lagrange form of the Lagrange form of the Lagrange form of the Lagrange form of the Lagrange form of the Lagrange form of the Lagrange form of the Lagrange form of the Lagrange form of the Lagrange form of the Lagrange form of the Lagrange form of the Lagrange form of the Lagrange form of the Lagrange form of the Lagrange form of the Lagrange form of the Lagrange form of the Lagrange form of the Lagrange form of the Lagrange form of the Lagrange form of the Lagrange form of the Lagrange form of the Lagrange form of the Lagrange form of the Lagrange form of the Lagrange form of the Lagrange form of the Lagrange form of the Lagrange form of the Lagrange form of the Lagrange form of the Lagrange form of the Lagrange form of the Lagrange form of the Lagrange form of the Lagrange form of the Lagrange form of the Lagrange form of the Lagrange form of the Lagrange form of the Lagrange form of the Lagrange form of the Lagrange form of the Lagrange form of the Lagrange form of the Lagrange form of the Lagrange form of the Lagrange form of the Lagrange form of the Lagrange form of the Lagrange form of the Lagrange form of the Lagrange form of the Lagrange form of the Lagrange form of the Lagrange form of the Lagrange form of the Lagrange form of the Lagrange form of the Lagrange form of the Lagrange form of the Lagrange form of the Lagrange form of the Lagrange form of the Lagrange form of the Lagrange form of the Lagrange form of the Lag,0.0,2775.0,0.0,8.33,0.0,0.0,0.0,0.0,2766.67
Whisper tiny,Singaporean,34,"Subscribers may register for specific messages at build time, initialization time or runtime.","Subscribers may register for specific messages at build time, initialization time, all runtime.",Subscribe to the channel.,7.69,100.0,7.69,30.77,-300.0,0.0,69.23,0.0,0.0
Whisper tiny,Singaporean,35,Guizot expounded and carried out this doctrine with uncompromising rigour.,Goesot expounded and carried out this doctrine with uncompromising rigor.,The English,20.0,100.0,20.0,20.0,0.0,0.0,80.0,0.0,0.0
Whisper tiny,Singaporean,36,"Karl Ohs was born in Malta, Montana, the son of a Swedish immigrant.","Tal Oils was morning Malta, Montana, the son of a Swedish immigrant.",The,30.77,92.31,23.08,0.0,100.0,7.69,92.31,0.0,0.0
Whisper tiny,Singaporean,37,These produce more than two-thirds of all industrial output of the Novosibirsk region.,These produce more than 2-thirds of all industrial output of the Novobisk region.,This is a word in the English translation spoken in the English translation spoken in the English translation spoken in the English translation spoken in the English translation spoken in the English translation spoken in the English translation spoken in the English translation spoken in the English translation spoken in the English translation spoken in the English translation spoken in the English translation spoken in the English translation spoken in the English translation spoken in the English translation spoken in the English translation spoken in the English translation spoken in the English translation spoken in the English translation spoken in the English translation spoken in the English translation spoken in the English translation spoken in the English translation spoken in the English translation spoken in the English translation spoken in the English translation spoken in the English translation spoken in the English translation spoken in the English translation spoken in the English translation spoken in the English translation spoken in the English translation spoken in the English translation spoken in the English translation spoken in the English translation spoken in the English translation spoken in the English translation spoken in the English translation spoken in the English translation spoken in the English translation spoken in the English translation spoken in the English translation spoken in the English translation spoken in the English translation spoken in the English translation spoken in the English translation spoken in the English translation spoken in the English translation spoken in the English translation spoken in the English translation spoken in the English translation spoken in the English translation spoken in the English translation spoken in the English translation spoken in the English translation spoken in the English translation spoken in the English translation spoken in the English translation spoken in the English translation spoken in the English translation spoken in the English translation spoken in the English translation spoken in the English translation spoken in the English translation spoken in the English translation spoken in the English translation spoken in the English translation spoken in the English translation spoken in the English translation spoken in the English translation spoken in the English translation spoken in the English translation spoken in the English translation spoken in the English translation spoken in the English translation spoken in the English translation spoken in the English translation spoken in the English translation spoken in the English translation spoken in the English translation spoken in the English translation spoken in the English translation spoken in the English translation spoken in the English translation spoken in the English translation,15.38,3284.62,15.38,92.31,-500.0,0.0,0.0,0.0,3192.31
Whisper tiny,Singaporean,38,The large boulders of Joshua Tree National Park in southern California are quartz monzonite.,The large borders of Drushor Tree National Park in southern California are quartz monsine.,The,21.43,92.86,21.43,0.0,100.0,0.0,92.86,0.0,0.0
Whisper tiny,Singaporean,39,Pango-processed text will appear similar under different operating systems.,Pango process text will appear similar under different operating systems.,The English translation is a English translation is a English translation is a English translation is a English translation is a English translation is a English translation is a English translation is a English translation is a English translation is a English translation is a English translation is a English translation is a English translation is a English translation is a English translation is a English translation is a English translation is a English translation is a English translation is a English translation is a English translation is a English translation is a English translation is a English translation is a English translation is a English translation is a English translation is a English translation is a English translation is a English translation is a English translation is a English translation is a English translation is a English translation is a English translation is a English translation is a English translation is a English translation is a English translation is a English translation is a English translation is a English translation is a English translation is a English translation is a English translation is a English translation is a English translation is a English translation is a English translation is a English translation is a English translation is a English translation is a English translation is a English translation is a English translation is a English translation is a English translation is a English translation is a English translation is a English translation is a English translation is a English translation is a English translation is a English translation is a English translation is a English translation is a English translation is a English translation is a English translation is a English translation is a English translation is a English translation is a English translation is a English translation is a English translation is a English translation is a English translation is a English translation is a English translation is a English translation is a English translation is a English translation is a English translation is a English translation is a English translation is a English translation is a English translation is a English translation is a English translation is a English translation is a English translation is a English translation is a English translation is a English translation is a English translation is a English translation is a English translation is a English translation is a English translation is a English translation is a English translation is a English translation is a English translation is a English translation is a English translation is a English translation is,22.22,4755.56,11.11,100.0,-800.0,0.0,0.0,11.11,4655.56
Whisper tiny,Singaporean,40,"Mortenson tagged the station ""The Light"".","Mortensen-Tact Disstation, the Light.",The English translation is a French translation is a French translation is a French translation is a French translation is a French translation is a French translation is a French translation is a French translation is a French translation is a French translation is a French translation is a French translation is a French translation is a French translation is a French translation is a French translation is a French translation is a French translation is a French translation is a French translation is a French translation is a French translation is a French translation is a French translation is a French translation is a French translation is a French translation is a French translation is a French translation is a French translation is a French translation is a French translation is a French translation is a French translation is a French translation is a French translation is a French translation is a French translation is a French translation is a French translation is a French translation is a French translation is a French translation is a French translation is a French translation is a French translation is a French translation is a French translation is a French translation is a French translation is a French translation is a French translation is a French translation is a French translation is a French translation is a French translation is a French translation is a French translation is a French translation is a French translation is a French translation is a French translation is a French translation is a French translation is a French translation is a French translation is a French translation is a French translation is a French translation is a French translation is a French translation is a French translation is a French translation is a French translation is a French translation is a French translation is a French translation is a French translation is a French translation is a French translation is a French translation is a French translation is a French translation is a French translation is a French translation is a French translation is a French translation is a French translation is a French translation is a French translation is a French translation is a French translation is a French translation is a French translation is a French translation is a French translation is a French translation is a French translation is a French translation is a French translation is a French translation is a French translation is a French translation is a French translation is a French translation is a French translation is,66.67,7133.33,33.33,100.0,-200.0,33.33,0.0,0.0,7033.33
Whisper tiny,Singaporean,41,The American loss is uncertain.,The American loss is uncertain.,The American Laws is an American Laws is an American Laws is an American Laws is an American Laws is an American Laws is an American Laws is an American Laws is an American Laws is an American Laws is an American Laws is an American Laws is an American Laws is an American Laws is an American Laws is an American Laws is an American Laws is an American Laws is an American Laws is an American Laws is an American Laws is an American Laws is an American Laws is an American Laws is an American Laws is an American Laws is an American Laws is an American Laws is an American Laws is an American Laws is an American Laws is an American Laws is an American Laws is an American Laws is an American Laws is an American Laws is an American Laws is an American Laws is an American Laws is an American Laws is an American Laws,0.0,3200.0,0.0,40.0,0.0,0.0,0.0,0.0,3160.0
Whisper tiny,Singaporean,42,"Eddy regularly performs in Austin, Texas with the Salvage Vanguard Theater.","Eddie regularly performed in Austin, Texas with the salvage van Garth Yeter.",The English translation is a,45.45,100.0,36.36,45.45,-25.0,0.0,54.55,9.09,0.0
Whisper tiny,Singaporean,43,I laid out a game plan for the next day.,I'll leave out a game plan for the next day.,I'll leave out a game plan for the next day.,20.0,20.0,20.0,20.0,0.0,0.0,0.0,0.0,0.0
Whisper tiny,Singaporean,44,Blanton's administration was noted for extensive recruiting of foreign industrial and trade opportunities.,Balthans Administration was noted for extensive recruiting of foreign industrial and trade opportunities.,The English translation is a French translation is a French translation is a French translation is a French translation is a French translation is a French translation is a French translation is a French translation is a French translation is a French translation is a French translation is a French translation is a French translation is a French translation is a French translation is a French translation is a French translation is a French translation is a French translation is a French translation is a French translation is a French translation is a French translation is a French translation is a French translation is a French translation is a French translation is a French translation is a French translation is a French translation is a French translation is a French translation is a French translation is a French translation is a French translation is a French translation is a French translation is a French translation is a French translation is a French translation is a French translation is a French translation is a French translation is a French translation is a French translation is a French translation is a French translation is a French translation is a French translation is a French translation is a French translation is a French translation is a French translation is a French translation is a French translation is a French translation is a French translation is a French translation is a French translation is a French translation is a French translation is a French translation is a French translation is a French translation is a French translation is a French translation is a French translation is a French translation is a French translation is a French translation is a French translation is a French translation is a French translation is a French translation is a French translation is a French translation is a French translation is a French translation is a French translation is a French translation is a French translation is a French translation is a French translation is a French translation is a French translation is a French translation is a French translation is a French translation is a French translation is a French translation is a French translation is a French translation is a French translation is a French translation is a French translation is a French translation is a French translation is a French translation is a French translation is a French translation is a French translation is a French translation is a French translation is a French translation is a French translation is a French translation is,7.69,3292.31,7.69,100.0,-1200.0,0.0,0.0,0.0,3192.31
Whisper tiny,Singaporean,45,"Aside from Bruni and Ambrogio Traversari, they included Guarino da Verona and Palla Strozzi.","Aside from Brunian and Brokeo traversary, they included Granino, Davorona and Palastrosi.",The English translation is a French translation is a French translation is a French translation is a French translation is a French translation is a French translation is a French translation is a French translation is a French translation is a French translation is a French translation is a French translation is a French translation is a French translation is a French translation is a French translation is a French translation is a French translation is a French translation is a French translation is a French translation is a French translation is a French translation is a French translation is a French translation is a French translation is a French translation is a French translation is a French translation is a French translation is a French translation is a French translation is a French translation is a French translation is a French translation is a French translation is a French translation is a French translation is a French translation is a French translation is a French translation is a French translation is a French translation is a French translation is a French translation is a French translation is a French translation is a French translation is a French translation is a French translation is a French translation is a French translation is a French translation is a French translation is a French translation is a French translation is a French translation is a French translation is a French translation is a French translation is a French translation is a French translation is a French translation is a French translation is a French translation is a French translation is a French translation is a French translation is a French translation is a French translation is a French translation is a French translation is a French translation is a French translation is a French translation is a French translation is a French translation is a French translation is a French translation is a French translation is a French translation is a French translation is a French translation is a French translation is a French translation is a French translation is a French translation is a French translation is a French translation is a French translation is a French translation is a French translation is a French translation is a French translation is a French translation is a French translation is a French translation is a French translation is a French translation is a French translation is a French translation is a French translation is a French translation is a French translation is a French translation is a French translation is,57.14,3057.14,42.86,100.0,-133.33,14.29,0.0,0.0,2957.14
Whisper tiny,Singaporean,46,Privatisations have always been controversial in Ireland.,"For our organizations that always in country of usher and Ireland,",The English conversation is an English conversation is spoken with a Singaporean accent is spoken with a Singaporean accent is spoken with a Singaporean accent is spoken with a Singaporean accent is spoken with a Singaporean accent is spoken with a Singaporean accent is spoken with a Singaporean accent is spoken with a Singaporean accent is spoken with a Singaporean accent is spoken with a Singaporean accent is spoken with a Singaporean accent is spoken with a Singaporean accent is spoken with a Singaporean accent is spoken with a Singaporean accent is spoken with a Singaporean accent is spoken with a Singaporean accent is spoken with a Singaporean accent is spoken with a Singaporean accent is spoken with a Singaporean accent is spoken with a Singaporean accent is spoken with a Singaporean accent is spoken with a Singaporean accent is spoken with a Singaporean accent is spoken with a Singaporean accent is spoken with a Singaporean accent is spoken with a Singaporean accent is spoken with a Singaporean accent is spoken with a Singaporean accent is spoken with a Singaporean accent is spoken with a Singaporean accent is spoken with a Singaporean accent is spoken with a Singaporean accent is spoken with a Singaporean accent is spoken with a Singaporean accent is spoken with a Singaporean accent is spoken with a Singaporean accent is spoken with a Singaporean accent is spoken with a Singaporean accent is spoken with a Singaporean accent is spoken with a Singaporean accent is spoken with a Singaporean accent is spoken with a Singaporean accent is spoken with a Singaporean accent is spoken with a Singaporean accent is spoken with a Singaporean accent is spoken with a Singaporean accent is spoken with a Singaporean accent is spoken with a Singaporean accent is spoken with a Singaporean accent is spoken with a Singaporean accent is spoken with a Singaporean accent is spoken with a Singaporean accent is spoken with a Singaporean accent is spoken with a Singaporean accent is spoken with a Singaporean accent is spoken with a Singaporean accent is spoken with a Singaporean accent is spoken with a Singaporean accent is spoken with a Singaporean accent is spoken with a Singaporean accent is,128.57,5257.14,71.43,100.0,-40.0,0.0,0.0,57.14,5157.14
Whisper tiny,Singaporean,47,Bock's description of oak apples is noted in the entomologists data base.,Box description of OCAPOS is noted in the Entomologist database.,The English translation is a language translation is a language translation is a language translation is a language translation is a language translation is a language translation is a language translation is a language translation is a language translation is a language translation is a language translation is a language translation is a language translation is a language translation is a language translation is a language translation is a language translation is a language translation is a language translation is a language translation is a language translation is a language translation is a language translation is a language translation is a language translation is a language translation is a language translation is a language translation is a language translation is a language translation is a language translation is a language translation is a language translation is a language translation is a language translation is a language translation is a language translation is a language translation is a language translation is a language translation is a language translation is a language translation is a language translation is a language translation is a language translation is a language translation is a language translation is a language translation is a language translation is a language translation is a language translation is a language translation is a language translation is a language translation is a language translation is a language translation is a language translation is a language translation is a language translation is a language translation is a language translation is a language translation is a language translation is a language translation is a language translation is a language translation is a language translation is a language translation is a language translation is a language translation is a language translation is a language translation is a language translation is a language translation is a language translation is a language translation is a language translation is a language translation is a language translation is a language translation is a language translation is a language translation is a language translation is a language translation is a language translation is a language translation is a language translation is a language translation is a language translation is a language translation is a language translation is a language translation is a language translation is a language translation is a language translation is a language translation is a language translation is a language translation is a language translation is a language translation is a language translation is a language translation is a language translation is a language translation is a language translation is a language translation is,50.0,3558.33,33.33,91.67,-175.0,16.67,0.0,0.0,3466.67
Whisper tiny,Singaporean,48,There are two Confederate dead interred in the cemetery.,There are two Confederate dead in third in the cemetery.,There are two confederate dates in the cemetery.,22.22,22.22,11.11,11.11,0.0,0.0,11.11,11.11,0.0
Whisper tiny,Singaporean,49,"The programme caused a controversy for allegedly featuring distasteful, sexist, offending and humiliating content.","The program calls the controversy for a larger e-fetrain to stay true, sets of the link in the humiliating content.",The program calls the controversy for a,107.14,78.57,64.29,28.57,55.56,0.0,50.0,42.86,0.0
Whisper tiny,Singaporean,50,"In style and manner of expression, he is thoroughly French.","It's tall and men of expression here, it's a sorely French.",The French accent is a French accent is a French accent is a French accent is a French accent is a French accent is a French accent is a French accent is a French accent is a French accent is a French accent is a French accent is a French accent is a French accent is a French accent is a French accent is a French accent is a French accent is a French accent is a French accent is a French accent is a French accent is a French accent is a French accent is a French accent is a French accent is a French accent is a French accent is a French accent is a French accent is a French accent is a French accent is a French accent is a French accent is a French accent is a French accent is a French accent,70.0,1450.0,60.0,80.0,-33.33,0.0,0.0,10.0,1370.0
Whisper tiny,Singaporean,51,"When that store opened, there were stores in New York, Chicago, Washington and Paris.","When that store opened, you will restore the New York Chicago Washington and Paris.","When that's often, when it was spoken, when it was spoken, when it was spoken, when it was spoken, when it was spoken, when it was spoken, when it was spoken, when it was spoken, when it was spoken, when it was spoken, when it was spoken, when it was spoken, when it was spoken, when it was spoken, when it was spoken, when it was spoken, when it was spoken, when it was spoken, when it was spoken, when it was spoken, when it was spoken, when it was spoken, when it was spoken, when it was spoken, when it was spoken, when it was spoken, when it was spoken, when it was spoken, when it was spoken, when it was spoken, when it was spoken, when it was spoken, when it was spoken, when it was spoken, when it was spoken, when it was spoken, when it was spoken, when it was spoken, when it was spoken, when it was spoken, when it was spoken, when it was spoken, when it was spoken, when it was",28.57,1264.29,28.57,92.86,-225.0,0.0,0.0,0.0,1171.43
Whisper tiny,Singaporean,52,He also spent seasons performing with Prospect Theatre Company and the Royal National Theatre.,He also spent seasons performing with respect to the company and the Royal National Theatre.,The,21.43,92.86,14.29,0.0,100.0,0.0,92.86,7.14,0.0
Whisper tiny,Singaporean,53,This provided the first open architecture for a multi-server chassis.,This provided the first open architecture for a multi-server chassis.,This is the first open architecture for a,0.0,30.0,0.0,10.0,0.0,0.0,20.0,0.0,0.0
Whisper tiny,Singaporean,54,The signal is 'buffered from' load currents.,These acknowledge butthead from low currents.,The English translation is a French translation is a French translation is a French translation is a French translation is a French translation is a French translation is a French translation is a French translation is a French translation is a French translation is a French translation is a French translation is a French translation is a French translation is a French translation is a French translation is a French translation is a French translation is a French translation is a French translation is a French translation is a French translation is a French translation is a French translation is a French translation is a French translation is a French translation is a French translation is a French translation is a French translation is a French translation is a French translation is a French translation is a French translation is a French translation is a French translation is a French translation is a French translation is a French translation is a French translation is a French translation is a French translation is a French translation is a French translation is a French translation is a French translation is a French translation is a French translation is a French translation is a French translation is a French translation is a French translation is a French translation is a French translation is a French translation is a French translation is a French translation is a French translation is a French translation is a French translation is a French translation is a French translation is a French translation is a French translation is a French translation is a French translation is a French translation is a French translation is a French translation is a French translation is a French translation is a French translation is a French translation is a French translation is a French translation is a French translation is a French translation is a French translation is a French translation is a French translation is a French translation is a French translation is a French translation is a French translation is a French translation is a French translation is a French translation is a French translation is a French translation is a French translation is a French translation is a French translation is a French translation is a French translation is a French translation is a French translation is a French translation is a French translation is a French translation is a French translation is a French translation is a French translation is a French translation is a French translation is a French translation is a French translation is,71.43,6085.71,57.14,71.43,-25.0,14.29,0.0,0.0,6014.29
Whisper tiny,Singaporean,55,She has since gained control through training and maturity.,She has since again control through training and maturity.,She has since again control through training and maturity.,11.11,11.11,11.11,11.11,0.0,0.0,0.0,0.0,0.0
Whisper tiny,Singaporean,56,"The aircraft is operated by many private individuals, companies and flying clubs.","The aircraft is operated by many private individuals, companies and flying clubs.","The aircraft is operated by many private individuals, companies and flying clubs,",0.0,0.0,0.0,0.0,0.0,0.0,0.0,0.0,0.0
Whisper tiny,Singaporean,57,"Under international funding, the temple has undergone many changes, both structurally and internally.","Under international funding, the tempo is undergone many changes both structurally and thoroughly.",The English translation is a French translation is a French translation is a French translation is a French translation is a French translation is a French translation is a French translation is a French translation is a French translation is a French translation is a French translation is a French translation is a French translation is a French translation is a French translation is a French translation is a French translation is a French translation is a French translation is a French translation is a French translation is a French translation is a French translation is a French translation is a French translation is a French translation is a French translation is a French translation is a French translation is a French translation is a French translation is a French translation is a French translation is a French translation is a French translation is a French translation is a French translation is a French translation is a French translation is a French translation is a French translation is a French translation is a French translation is a French translation is a French translation is a French translation is a French translation is a French translation is a French translation is a French translation is a French translation is a French translation is a French translation is a French translation is a French translation is a French translation is a French translation is a French translation is a French translation is a French translation is a French translation is a French translation is a French translation is a French translation is a French translation is a French translation is a French translation is a French translation is a French translation is a French translation is a French translation is a French translation is a French translation is a French translation is a French translation is a French translation is a French translation is a French translation is a French translation is a French translation is a French translation is a French translation is a French translation is a French translation is a French translation is a French translation is a French translation is a French translation is a French translation is a French translation is a French translation is a French translation is a French translation is a French translation is a French translation is a French translation is a French translation is a French translation is a French translation is a French translation is a French translation is a French translation is a French translation is a French translation is a French translation is a French translation is,23.08,3292.31,23.08,100.0,-333.33,0.0,0.0,0.0,3192.31
Whisper tiny,Singaporean,58,Normally such paper towels are two-ply.,"Normally, you can buy a new one.",The English translation is a language spoken with a language spoken with a language spoken with a language spoken with a language spoken with a language spoken with a language spoken with a language spoken with a language spoken with a language spoken with a language spoken with a language spoken with a language spoken with a language spoken with a language spoken with a language spoken with a language spoken with a language spoken with a language spoken with a language spoken with a language spoken with a language spoken with a language spoken with a language spoken with a language spoken with a language spoken with a language spoken with a language spoken with a language spoken with a language spoken with a language spoken with a language spoken with a language spoken with a language spoken with a language spoken with a language spoken with a language spoken with a language spoken with a language spoken with a language spoken with a language spoken with a language spoken with a language spoken with a language spoken with a language spoken with a language spoken with a language spoken with a language spoken with a language spoken with a language spoken with a language spoken with a language spoken with a language spoken with a language spoken with a language spoken with a language spoken with a language spoken with a language spoken with a language spoken with a language spoken with a language spoken with a language spoken with a language spoken with a language spoken with a language spoken with a language spoken with a language spoken with a language spoken with a language spoken with a language spoken with a language spoken with a language spoken with a language spoken with a language spoken with a language spoken with a language spoken with a language spoken with a language spoken with a language spoken with a language spoken with a language spoken with a language spoken with a language spoken with a language spoken with a language spoken with a language spoken with a language spoken with a language spoken with a language spoken with a language spoken with a language spoken with a language spoken with a language spoken with a language spoken with a language spoken with a language spoken with a language spoken with a language spoken with a language spoken with a language spoken with a language spoken with a language spoken with a language spoken with a language spoken with a language spoken with a language spoken with,100.0,7133.33,83.33,100.0,-20.0,0.0,0.0,16.67,7033.33
Whisper tiny,Singaporean,59,"As a two-box design, the body style includes an A, B and C-pillar.","S-2 Box design, the body is starting to include an A, B and C pillar.",The English translation is a,69.23,84.62,38.46,23.08,40.0,7.69,61.54,23.08,0.0
Whisper tiny,Singaporean,60,Many deploy broad blocks of harmoniously arranged colour and are symbolic rather than narratival.,Many deploy bright blocks of harmonious steel wrench color in our symbolic rather than narrative old.,Many deploy bright blocks of harmonious theoretical range of color and symbolic rather than narrative.,64.29,57.14,50.0,35.71,28.57,0.0,7.14,14.29,14.29
Whisper tiny,Singaporean,61,"He also provided the voicing for several characters in the videogame ""Discworld"".",He also provided the voicing for several characters in the video game Disquave.,He also provided the voice for several characters in the video game discworld.,25.0,25.0,16.67,16.67,0.0,0.0,0.0,8.33,8.33
Whisper tiny,Singaporean,62,This is also used at other points where lanes merge.,"This is also used at other points, relains much.","This is also used in other points, which is a French accent.",30.0,60.0,20.0,40.0,-100.0,10.0,0.0,0.0,20.0
Whisper tiny,Singaporean,63,The unincorporated community of Indian Heights is located in the town.,The earning-corporated community of Indian heights is located in this town.,The,18.18,90.91,18.18,0.0,100.0,0.0,90.91,0.0,0.0
Whisper tiny,Singaporean,64,"Parker attended Union Theological Seminary, and became an ordained Christian minister.","Parker, the end of the world's first war, started in the early 19th century.",The,118.18,100.0,90.91,9.09,90.0,0.0,90.91,27.27,0.0
Whisper tiny,Singaporean,65,He was married to the soprano Teresina Brambilla.,He was married to the soprano Taricina Brambella.,The French accent is a French accent is a French accent is a French accent is a French accent is a French accent is a French accent is a French accent is a French accent is a French accent is a French accent is a French accent is a French accent is a French accent is a French accent is a French accent is a French accent is a French accent is a French accent is a French accent is a French accent is a French accent is a French accent is a French accent is a French accent is a French accent is a French accent is a French accent is a French accent is a French accent is a French accent is a French accent is a French accent is a French accent is a French accent is a French accent is a French accent is a French accent is a French accent is a French accent is a French accent is a French accent is a French accent is a French accent is a French accent is a French accent is a French accent is a French accent is a French accent is a French accent is a French accent is a French accent is a French accent is a French accent is a French accent is a French accent is a French accent is a French accent is a French accent is a French accent is a French accent is a French accent is a French accent is a French accent is a French accent is a French accent is a French accent is a French accent is a French accent is a French accent is a French accent is a French accent is a French accent is a French accent is a French accent is a French accent is a French accent is a French accent is a French accent is a French accent is a French accent is a French accent is a French accent is a French accent is a French accent is a French accent is a French accent is a French accent is a French accent is a French accent is a French accent is a French accent is a French accent is a French accent is a French accent is a French accent is a French accent is a French accent is a French accent is a French accent is a French accent is a French accent is a French accent is a French accent is a French accent is a French accent is a French accent is,25.0,5350.0,25.0,100.0,-300.0,0.0,0.0,0.0,5250.0
Whisper tiny,Singaporean,66,"Initially benefits were paid weekly, in cash, at the Employment Exchange.",Initially benefit to paint weekly in cash at the employment exchange.,"Initially, it is a French accent is a French accent is a French accent is a French accent.",27.27,154.55,27.27,90.91,-233.33,0.0,0.0,0.0,63.64
Whisper tiny,Singaporean,67,"As a result, the British attack was disordered and confused.","As a result, the British attack was disorder and confused.","As a result, the British attack was this order and confused.",10.0,20.0,10.0,10.0,0.0,0.0,0.0,0.0,10.0
Whisper tiny,Singaporean,68,Brady also threw for two touchdowns and an interception.,Brady also true for two such nouns in an interception.,Thank you for your attention.,44.44,88.89,33.33,44.44,-33.33,0.0,44.44,11.11,0.0
Whisper tiny,Singaporean,69,His childhood was marred by difficult circumstances.,His childhood was marked by difficult circumstances.,The English translation is a French translation is a French translation is a French translation is a French translation is a French translation is a French translation is a French translation is a French translation is a French translation is a French translation is a French translation is a French translation is a French translation is a French translation is a French translation is a French translation is a French translation is a French translation is a French translation is a French translation is a French translation is a French translation is a French translation is a French translation is a French translation is a French translation is a French translation is a French translation is a French translation is a French translation is a French translation is a French translation is a French translation is a French translation is a French translation is a French translation is a French translation is a French translation is a French translation is a French translation is a French translation is a French translation is a French translation is a French translation is a French translation is a French translation is a French translation is a French translation is a French translation is a French translation is a French translation is a French translation is a French translation is a French translation is a French translation is a French translation is a French translation is a French translation is a French translation is a French translation is a French translation is a French translation is a French translation is a French translation is a French translation is a French translation is a French translation is a French translation is a French translation is a French translation is a French translation is a French translation is a French translation is a French translation is a French translation is a French translation is a French translation is a French translation is a French translation is a French translation is a French translation is a French translation is a French translation is a French translation is a French translation is a French translation is a French translation is a French translation is a French translation is a French translation is a French translation is a French translation is a French translation is a French translation is a French translation is a French translation is a French translation is a French translation is a French translation is a French translation is a French translation is a French translation is a French translation is a French translation is a French translation is a French translation is,14.29,6114.29,14.29,100.0,-600.0,0.0,0.0,0.0,6014.29
Whisper tiny,Singaporean,70,Regular textbooks are transcribed into Braille and distributed throughout the United States.,Regular textbooks have transcribed and grail and distributed throughout the United States.,The English translation is a language spoken with a language spoken with a language spoken with a language spoken with a language spoken with a language spoken with a language spoken with a language spoken with a language spoken with a language spoken with a language spoken with a language spoken with a language spoken with a language spoken with a language spoken with a language spoken with a language spoken with a language spoken with a language spoken with a language spoken with a language spoken with a language spoken with a language spoken with a language spoken with a language spoken with a language spoken with a language spoken with a language spoken with a language spoken with a language spoken with a language spoken with a language spoken with a language spoken with a language spoken with a language spoken with a language spoken with a language spoken with a language spoken with a language spoken with a language spoken with a language spoken with a language spoken with a language spoken with a language spoken with a language spoken with a language spoken with a language spoken with a language spoken with a language spoken with a language spoken with a language spoken with a language spoken with a language spoken with a language spoken with a language spoken with a language spoken with a language spoken with a language spoken with a language spoken with a language spoken with a language spoken with a language spoken with a language spoken with a language spoken with a language spoken with a language spoken with a language spoken with a language spoken with a language spoken with a language spoken with a language spoken with a language spoken with a language spoken with a language spoken with a language spoken with a language spoken with a language spoken with a language spoken with a language spoken with a language spoken with a language spoken with a language spoken with a language spoken with a language spoken with a language spoken with a language spoken with a language spoken with a language spoken with a language spoken with a language spoken with a language spoken with a language spoken with a language spoken with a language spoken with a language spoken with a language spoken with a language spoken with a language spoken with a language spoken with a language spoken with a language spoken with a language spoken with a language spoken with a language spoken with a language spoken with a language spoken with,25.0,3566.67,25.0,100.0,-300.0,0.0,0.0,0.0,3466.67
Whisper tiny,Singaporean,71,Cancelled projects are in italics.,Cancel projects and analytics?,Cancel projects and I,80.0,80.0,60.0,60.0,0.0,20.0,20.0,0.0,0.0
Whisper tiny,Singaporean,72,"This process is known as ""electron-hole pair generation"".",This process is known as electron-haul pair generation.,This process is known as a French accent is known as a French accent is known as a French accent,12.5,187.5,12.5,37.5,-200.0,0.0,0.0,0.0,150.0
Whisper tiny,Singaporean,73,Dedicoat also works as an after dinner speaker.,The record also works as an after-dinner speaker.,The record also works as an afternoon speaker.,50.0,50.0,25.0,25.0,0.0,12.5,12.5,12.5,12.5
Whisper tiny,Singaporean,74,A significant exception is some forms of the domino logic family.,A significant exception is some forms of the domino logic family.,A significant exception is some forms the,0.0,36.36,0.0,0.0,0.0,0.0,36.36,0.0,0.0
Whisper tiny,Singaporean,75,This gave Opeth three weeks to rehearse and perfect the recording in the studio.,This gave over 3 weeks to rehearse and perfect the recording in this studio.,This gave open three weeks to re-hears,21.43,64.29,21.43,14.29,33.33,0.0,50.0,0.0,0.0
Whisper tiny,Singaporean,76,Duke Lukela in selected episodes.,"Duke, Yukaila, and selected episodes.",Thank you.,40.0,100.0,40.0,40.0,0.0,0.0,60.0,0.0,0.0
Whisper tiny,Singaporean,77,Criminal mischief is usually a misdemeanor.,I'm going to make a mistake if you're going to be a millionaire.,The English translation is a French translation is a French translation is a French translation is a French translation is a French translation is a French translation is a French translation is a French translation is a French translation is a French translation is a French translation is a French translation is a French translation is a French translation is a French translation is a French translation is a French translation is a French translation is a French translation is a French translation is a French translation is a French translation is a French translation is a French translation is a French translation is a French translation is a French translation is a French translation is a French translation is a French translation is a French translation is a French translation is a French translation is a French translation is a French translation is a French translation is a French translation is a French translation is a French translation is a French translation is a French translation is a French translation is a French translation is a French translation is a French translation is a French translation is a French translation is a French translation is a French translation is a French translation is a French translation is a French translation is a French translation is a French translation is a French translation is a French translation is a French translation is a French translation is a French translation is a French translation is a French translation is a French translation is a French translation is a French translation is a French translation is a French translation is a French translation is a French translation is a French translation is a French translation is a French translation is a French translation is a French translation is a French translation is a French translation is a French translation is a French translation is a French translation is a French translation is a French translation is a French translation is a French translation is a French translation is a French translation is a French translation is a French translation is a French translation is a French translation is a French translation is a French translation is a French translation is a French translation is a French translation is a French translation is a French translation is a French translation is a French translation is a French translation is a French translation is a French translation is a French translation is a French translation is a French translation is a French translation is a French translation is a French translation is,200.0,7100.0,83.33,66.67,20.0,0.0,0.0,116.67,7033.33
Whisper tiny,Singaporean,78,Munich Reinsurance America is a subsidiary of Munich Re.,Uniquely and showance America is a subsidiary of Uniquely,The,55.56,100.0,33.33,11.11,66.67,11.11,88.89,11.11,0.0
Whisper tiny,Singaporean,79,Trenches were dug across the surrounding area to prevent an airborne attack.,Trenches would dug across the surrounding area to prevent an air bon attack.,The French accent is a French accent is a French accent is a French accent is a French accent is a French accent is a French accent is a French accent is a French accent is a French accent is a French accent is a French accent is a French accent is a French accent is a French accent is a French accent is a French accent is a French accent is a French accent is a French accent is a French accent is a French accent is a French accent is a French accent is a French accent is a French accent is a French accent is a French accent is a French accent is a French accent is a French accent is a French accent is a French accent is a French accent is a French accent is a French accent is a French accent is a French accent is a French accent is a French accent is a French accent is a French accent is a French accent is a French accent is a French accent is a French accent is a French accent is a French accent is a French accent is a French accent is a French accent is a French accent is a French accent is a French accent,25.0,1791.67,16.67,100.0,-500.0,0.0,0.0,8.33,1691.67
Whisper tiny,Singaporean,80,"In all other circumstances, a military award should be considered.","In all other circumstances, military watch should be considered.","In all other circumstances, military or should be considered.",20.0,20.0,10.0,10.0,0.0,10.0,10.0,0.0,0.0
Whisper tiny,Singaporean,81,"As a result, many research projects in the university are funded by industrial companies.","As a result, many research projects in the University are funded by industrial companies.","As a result, many of these projects in the University of Singaporean University of Singaporean University of Singaporean University of Singaporean University of Singaporean University of Singaporean University of Singaporean University of Singaporean University of Singaporean University of Singaporean University of Singaporean University of Singaporean University of Singaporean University of Singaporean University of Singaporean University of Singaporean University of Singaporean University of Singaporean University of Singaporean University of Singaporean University of Singaporean University of Singaporean University of Singaporean University of Singaporean University of Singaporean University of Singaporean University of Singaporean University of Singaporean University of Singaporean University of Singaporean University of Singaporean University of Singaporean University of Singaporean University of Singaporean University of Singaporean University of Singaporean University of Singaporean University of Singaporean University of Singaporean University of Singaporean University of Singaporean University of Singaporean University of Singaporean University of Singaporean University of Singaporean University of Singaporean University of Singaporean University of Singaporean University of Singaporean University of Singaporean University of Singaporean University of Singaporean University of Singaporean University of Singaporean University of Singaporean University of Singaporean University of Singaporean University of Singaporean University of Singaporean University of Singaporean University of Singaporean University of Singaporean University of Singaporean University of Singaporean University of Singaporean University of Singaporean University of Singaporean University of Singaporean University of Singaporean University of Singaporean University of Singaporean University of Singaporean University of Singaporean University of Singaporean University of Singaporean University of Singaporean University of Singaporean University of Singaporean University of Singaporean University of Singaporean University of Singaporean University of Singaporean University of Singaporean University of Singaporean University of Singaporean University of Singaporean University of Singaporean University of Singaporean University of Singaporean University of Singaporean University of Singaporean University of Singaporean University of Singaporean University of Singaporean University of Singaporean University of Singaporean University of Singaporean University of Singaporean University of Singaporean University of Singaporean University of Singaporean University of Singaporean University of Singaporean University of Singaporean University of",0.0,2250.0,0.0,42.86,0.0,0.0,0.0,0.0,2207.14
Whisper tiny,Singaporean,82,"Homie, as it stands now, was a one-time effort.","Omie is at Sends now, was a one time effort.",The English accent is a French accent is a French accent is a French accent is a French accent.,66.67,200.0,55.56,88.89,-60.0,0.0,0.0,11.11,111.11
Whisper tiny,Singaporean,83,The Chuckwalla Range is divided from the Little Chuckwalla Range by Graham Pass.,The chocolate ranger is divided from the little chocolate ranger by grey and pass.,The Czech-wala range is divided from the little Czech-wala range by the Greek language.,46.15,38.46,38.46,30.77,20.0,0.0,0.0,7.69,7.69
Whisper tiny,Singaporean,84,The Pussycat Dolls.,The pussycat dolls,The,0.0,66.67,0.0,0.0,0.0,0.0,66.67,0.0,0.0
Whisper tiny,Singaporean,85,Popular control during this era of orthodoxy was maintained through various means.,Popular control during this era of orthodoxy does maintain true various means.,The,25.0,100.0,25.0,8.33,66.67,0.0,91.67,0.0,0.0
Whisper tiny,Singaporean,86,In the Bill we drop that provision in regard to the trial altogether.,In the bill we chop that provision in regard to the trial altogether.,In the,7.69,84.62,7.69,0.0,100.0,0.0,84.62,0.0,0.0
Whisper tiny,Singaporean,87,Modern shopping malls are scattered in the city.,Modern shopping malls are scattered in the city.,The English,0.0,87.5,0.0,12.5,0.0,0.0,75.0,0.0,0.0
Whisper tiny,Singaporean,88,It is typically formed when two glaciers erode parallel U-shaped valleys.,"The stability formed when two glaciers erode parallel, u-shaped valleys.",The European accent is a French accent is a French accent is a French accent is a French accent is a French accent is a French accent is a French accent is a French accent is a French accent is a French accent is a French accent is a French accent is a French accent is a French accent is a French accent is a French accent is a French accent is a French accent is a French accent is a French accent is a French accent is a French accent is a French accent is a French accent is a French accent is a French accent is a French accent is a French accent is a French accent is a French accent is a French accent is a French accent is a French accent is a French accent is a French accent is a French accent is a French accent is a French accent is a French accent is a French accent is a French accent is a French accent is a French accent is a French accent is a French accent is a French accent is a French accent is a French accent is a French accent is a French accent is a French accent is a French accent is a French accent is a French accent is a French accent is a French accent is a French accent is a French accent is a French accent is a French accent is a French accent is a French accent is a French accent is a French accent is a French accent is a French accent is a French accent is a French accent is a French accent is a French accent is a French accent is a French accent is a French accent is a French accent is a French accent is a French accent is a French accent is a French accent is a French accent is a French accent is a French accent is a French accent is a French accent is a French accent is a French accent is a French accent is a French accent is a French accent is a French accent is a French accent is a French accent is a French accent is a French accent is a French accent is a French accent is a French accent is a French accent is a French accent is a French accent is a French accent is a French accent is a French accent is a French accent is a French accent is a French accent is a French accent is,27.27,3881.82,18.18,90.91,-400.0,9.09,0.0,0.0,3790.91
Whisper tiny,Singaporean,89,"For the remainder of Quinn's tenure as Bosox owner, the team was severely underfinanced.","For the remainder, Queen's tenure as bowshocks owner, the team was severely under-financed.",The English translation is a French translation is a French translation is a French translation is a French translation is a French translation is a French translation is a French translation is a French translation is a French translation is a French translation is a French translation is a French translation is a French translation is a French translation is a French translation is a French translation is a French translation is a French translation is a French translation is a French translation is a French translation is a French translation is a French translation is a French translation is a French translation is a French translation is a French translation is a French translation is a French translation is a French translation is a French translation is a French translation is a French translation is a French translation is a French translation is a French translation is a French translation is a French translation is a French translation is a French translation is a French translation is a French translation is a French translation is a French translation is a French translation is a French translation is a French translation is a French translation is a French translation is a French translation is a French translation is a French translation is a French translation is a French translation is a French translation is a French translation is a French translation is a French translation is a French translation is a French translation is a French translation is a French translation is a French translation is a French translation is a French translation is a French translation is a French translation is a French translation is a French translation is a French translation is a French translation is a French translation is a French translation is a French translation is a French translation is a French translation is a French translation is a French translation is a French translation is a French translation is a French translation is a French translation is a French translation is a French translation is a French translation is a French translation is a French translation is a French translation is a French translation is a French translation is a French translation is a French translation is a French translation is a French translation is a French translation is a French translation is a French translation is a French translation is a French translation is a French translation is a French translation is a French translation is a French translation is a French translation is a French translation is a French translation is,21.43,3057.14,14.29,100.0,-600.0,7.14,0.0,0.0,2957.14
Whisper tiny,Singaporean,90,Symmetry given assumes all faces are the same color.,Symmetry given assumes all faces are the same colour.,The same,11.11,77.78,11.11,0.0,100.0,0.0,77.78,0.0,0.0
Whisper tiny,Singaporean,91,"One confirmed vector of the virus is the phlebotomine sand fly ""Lutzomyia shannoni"".","One confirmed factor of the virus at the Lebotamine Center fly, Lithuania, Shannoni.",The English translation is a French translation is a French translation is a French translation is a French translation is a French translation is a French translation is a French translation is a French translation is a French translation is a French translation is a French translation is a French translation is a French translation is a French translation is a French translation is a French translation is a French translation is a French translation is a French translation is a French translation is a French translation is a French translation is a French translation is a French translation is a French translation is a French translation is a French translation is a French translation is a French translation is a French translation is a French translation is a French translation is a French translation is a French translation is a French translation is a French translation is a French translation is a French translation is a French translation is a French translation is a French translation is a French translation is a French translation is a French translation is a French translation is a French translation is a French translation is a French translation is a French translation is a French translation is a French translation is a French translation is a French translation is a French translation is a French translation is a French translation is a French translation is a French translation is a French translation is a French translation is a French translation is a French translation is a French translation is a French translation is a French translation is a French translation is a French translation is a French translation is a French translation is a French translation is a French translation is a French translation is a French translation is a French translation is a French translation is a French translation is a French translation is a French translation is a French translation is a French translation is a French translation is a French translation is a French translation is a French translation is a French translation is a French translation is a French translation is a French translation is a French translation is a French translation is a French translation is a French translation is a French translation is a French translation is a French translation is a French translation is a French translation is a French translation is a French translation is a French translation is a French translation is a French translation is a French translation is a French translation is a French translation is a French translation is,38.46,3284.62,38.46,92.31,-140.0,0.0,0.0,0.0,3192.31
Whisper tiny,Singaporean,92,Tell me something relevant to what I am trying to accomplish - something scientific.,"Tell me something relevant to what I am trying to accomplish, something scientific.",Tell me something relevant to what I am trying to accomplish something scientific.,0.0,0.0,0.0,0.0,0.0,0.0,0.0,0.0,0.0
Whisper tiny,Singaporean,93,"Music videos were released for ""Just So You Know"" and ""All Wrapped Up"".",Music videos are released for just so you know and all wrapped up.,The English translation is a language spoken with a language spoken with a foreign accent.,7.69,115.38,7.69,100.0,-1200.0,0.0,0.0,0.0,15.38
Whisper tiny,Singaporean,94,"Murdoch, the Sussex captain, wished to increase his team's playing strength.",The Sussex Captain wished to increase his team's playing strength.,The,9.09,90.91,0.0,0.0,0.0,9.09,90.91,0.0,0.0
Whisper tiny,Singaporean,95,"During a conversation with Deckert, Steele realizes Stone was right.","During a conversation with Techart, Steel realizes Stone was right.",During a conversation with a,20.0,60.0,20.0,10.0,50.0,0.0,50.0,0.0,0.0
Whisper tiny,Singaporean,96,The revenue funds the provision of services by local authorities.,The revenue funds to provision of services by local authorities.,The Revenue funds to provision of services by local authorities.,10.0,10.0,10.0,10.0,0.0,0.0,0.0,0.0,0.0
Whisper tiny,Singaporean,97,These isotopes help start the lamps and improve lamp operating characteristics.,These isotopes have stopped lamps and improved length operating characteristics.,These isotopes are sub-lamps and improved length operating characteristics,45.45,54.55,36.36,36.36,0.0,9.09,18.18,0.0,0.0
Whisper tiny,Singaporean,98,"While running the school, she sponsored competitions for American musicians to develop American music.","While running this school, she's honored competitions for American musicians to develop American music.",The English translation is a language spoken with a foreign language,21.43,92.86,21.43,71.43,-233.33,0.0,21.43,0.0,0.0
Whisper tiny,Singaporean,99,Release of this set is now delayed indefinitely.,Release of this set is now delayed indefinitely.,The English translation is a French translation is a French translation is a French translation is a French translation is a French translation is a French translation is a French translation is a French translation is a French translation is a French translation is a French translation is a French translation is a French translation is a French translation is a French translation is a French translation is a French translation is a French translation is a French translation is a French translation is a French translation is a French translation is a French translation is a French translation is a French translation is a French translation is a French translation is a French translation is a French translation is a French translation is a French translation is a French translation is a French translation is a French translation is a French translation is a French translation is a French translation is a French translation is a French translation is a French translation is a French translation is a French translation is a French translation is a French translation is a French translation is a French translation is a French translation is a French translation is a French translation is a French translation is a French translation is a French translation is a French translation is a French translation is a French translation is a French translation is a French translation is a French translation is a French translation is a French translation is a French translation is a French translation is a French translation is a French translation is a French translation is a French translation is a French translation is a French translation is a French translation is a French translation is a French translation is a French translation is a French translation is a French translation is a French translation is a French translation is a French translation is a French translation is a French translation is a French translation is a French translation is a French translation is a French translation is a French translation is a French translation is a French translation is a French translation is a French translation is a French translation is a French translation is a French translation is a French translation is a French translation is a French translation is a French translation is a French translation is a French translation is a French translation is a French translation is a French translation is a French translation is a French translation is a French translation is a French translation is a French translation is a French translation is,0.0,5337.5,0.0,87.5,0.0,0.0,0.0,0.0,5250.0
Whisper tiny,Singaporean,100,The revolt's aim was for Bosnia to gain autonomy from the Ottoman Empire.,The Vivo's aim was to represent the King of the Tarnomy from the Ottoman Empire.,The English translation is a language spoken with a language spoken with a foreign accent.,61.54,107.69,46.15,92.31,-100.0,0.0,0.0,15.38,15.38
Whisper tiny,Indian,1,Men in orange vests are at work on a construction site.,Main in our address are at work on the construction site.,Main in our interest in the English transcription is a language,36.36,90.91,36.36,72.73,-100.0,0.0,9.09,0.0,9.09
Whisper tiny,Indian,2,This child is getting a pedicure.,This child is getting a fad if you're,The English translation is a,50.0,83.33,16.67,33.33,-100.0,0.0,33.33,33.33,16.67
Whisper tiny,Indian,3,Did you get the Mayor?,Did you get the mail?,The English translation is a German translation is a German translation is a German translation is a German translation.,20.0,380.0,20.0,100.0,-400.0,0.0,0.0,0.0,280.0
Whisper tiny,Indian,4,Finally I didn't have to feel guilty for using my computer on weekends.,"Finally, I don't have to feel guilty for using my computer on weekends.","Finally, I don't have to feel guilty of using the language of the language of the language of the language of the language of the language.",7.69,146.15,7.69,46.15,-500.0,0.0,0.0,0.0,100.0
Whisper tiny,Indian,5,I'd still like to have a word with her.,I still like to have a board with all.,I still like to have a word with a word with a word with a word with a word with a word with a word with a word with a word with a word with a word with a word with a word with a word with a word with a word with a word with a word with a word with a word with a word with a word with a word with a word with a word with a word with a word with a word with a word with a word with a word with a word with a word with a word with a word with a word with a word with a word with a word with a word with a word with a word with a word with a word with a word with a word with a word with a word with a word with a word with a word with a word with a word with a word with a word with a word with a word with a word with a word with a word with a word with a word with a word with a word with a word with a word with a word with a word with a word with a word with a word with a word with a word with a word with a word with a word with a word with a word with a word with a word with a word with a word with a word with a word with a word with a word with a word with a word with a word with a word with a word with a word with a word with a word with a word with a word with a word with a word with a word with a word with a word with a word with a word with a word with a word with a word with a word with a word with a word with a word with a word with a word with a word with a word with a word with a word with a word with a word with a word with a word with a word with a word with a word with a word with a word with a word with a word with a word with a word with a word with a word with a word with a word with a word with a word with a word with a word with a word with a word with a word with a word with a,33.33,4688.89,33.33,22.22,33.33,0.0,0.0,0.0,4666.67
Whisper tiny,Indian,6,This view is wrong though.,This view is round.,This is the English translation.,40.0,80.0,20.0,80.0,-300.0,20.0,0.0,0.0,0.0
Whisper tiny,Indian,7,Fedric was unable to find his lucky marble.,Fatigue was unable to find his lucky marbles.,The French translation is a French translation is a French translation is a French translation is a French translation is a French translation is a French translation is a French translation is a French translation is a French translation is a French translation is a French translation is a French translation is a French translation is a French translation is a French translation is a French translation is a French translation is a French translation is a French translation is a French translation is a French translation is a French translation is a French translation is a French translation is a French translation is a French translation is a French translation is a French translation is a French translation is a French translation is a French translation is a French translation is a French translation is a French translation is a French translation is a French translation is a French translation is a French translation is a French translation is a French translation is a French translation is a French translation is a French translation is a French translation is a French translation is a French translation is a French translation is a French translation is a French translation is a French translation is a French translation is a French translation is a French translation is a French translation is a French translation is a French translation is a French translation is a French translation is a French translation is a French translation is a French translation is a French translation is a French translation is a French translation is a French translation is a French translation is a French translation is a French translation is a French translation is a French translation is a French translation is a French translation is a French translation is a French translation is a French translation is a French translation is a French translation is a French translation is a French translation is a French translation is a French translation is a French translation is a French translation is a French translation is a French translation is a French translation is a French translation is a French translation is a French translation is a French translation is a French translation is a French translation is a French translation is a French translation is a French translation is a French translation is a French translation is a French translation is a French translation is a French translation is a French translation is a French translation is a French translation is a French translation is a French translation is a French translation is a,25.0,5362.5,25.0,100.0,-300.0,0.0,0.0,0.0,5262.5
Whisper tiny,Indian,8,Whistle-blower Edward Snowden still lives in exile in Russia.,"Visal Blower, Edward, Snowden, still is in exile in Russia.",The English translation is a word,33.33,100.0,22.22,66.67,-200.0,0.0,33.33,11.11,0.0
Whisper tiny,Indian,9,I work at the hospital as a paediatrician.,I work at the hospital as a pediatrician.,I work at the hospital as a pediatrician.,12.5,12.5,12.5,12.5,0.0,0.0,0.0,0.0,0.0
Whisper tiny,Indian,10,The squirrel ran up the pine tree in a spiral.,the square will ran up the point tree in a spiral.,The,30.0,90.0,20.0,0.0,100.0,0.0,90.0,10.0,0.0
Whisper tiny,Indian,11,Please do not think that I already know it all.,Please do not think that I already know it all.,Please do not think that I already know it all.,0.0,0.0,0.0,0.0,0.0,0.0,0.0,0.0,0.0
Whisper tiny,Indian,12,Greaseproof paper is very useful for wrapping sandwiches,The quiz book paper is very useful for wrapping sandwiches.,The English transcription is a French transcription is a French transcription is a French transcription.,37.5,175.0,12.5,87.5,-600.0,0.0,0.0,25.0,87.5
Whisper tiny,Indian,13,Nothing to it.,Nothing to do it.,Nothing to do it.,33.33,33.33,0.0,0.0,0.0,0.0,0.0,33.33,33.33
Whisper tiny,Indian,14,I can recommend the soup.,I can recommend this soup.,I can recommend this word.,20.0,40.0,20.0,40.0,-100.0,0.0,0.0,0.0,0.0
Whisper tiny,Indian,15,Remembering is more satisfying than forgetting.,Remembering is most satisfying then forgetting.,Remembering is a English transcription is a language spoken with an Indian accent.,33.33,183.33,33.33,66.67,-100.0,0.0,0.0,0.0,116.67
Whisper tiny,Indian,16,Whatever he guessed he locked away in the taboo room of Naomi.,Whatever he guessed he locked every in the taboo realm of Naomi.,"What he says, he wrote in the",16.67,66.67,16.67,25.0,-50.0,0.0,41.67,0.0,0.0
Whisper tiny,Indian,17,What are the identifying features of a herring gull?,What are the identifying features of the hearing girl?,What are the identifying features of the,33.33,33.33,33.33,11.11,66.67,0.0,22.22,0.0,0.0
Whisper tiny,Indian,18,Lack of appetite!,"Like off, happy day!",Thank you.,133.33,100.0,100.0,66.67,33.33,0.0,33.33,33.33,0.0
Whisper tiny,Indian,19,Talk about the day I met her.,Talk about the D I'm here,The English translation is a German translation is a German translation is a German translation is a German translation.,57.14,271.43,42.86,100.0,-133.33,14.29,0.0,0.0,171.43
Whisper tiny,Indian,20,He blew across the top of the milk bottle,He blew across the top of their milk bottle.,The English translation is a French translation is a French translation is a French translation is a French translation.,11.11,211.11,11.11,100.0,-800.0,0.0,0.0,0.0,111.11
Whisper tiny,Indian,21,Stop harassing me!,"Stop, how do I sing me?","Stop, how do you speak in English?",133.33,200.0,33.33,66.67,-100.0,0.0,0.0,100.0,133.33
Whisper tiny,Indian,22,Or a fairly large brick would do.,Order fairly large break would do.,The English translation is a French translation is a French translation is a French translation is a French translation is a French translation is a French translation is a French translation is a French translation is a French translation is a French translation is a French translation is a French translation is a French translation is a French translation is a French translation is a French translation is a French translation is a French translation is a French translation is a French translation is a French translation is a French translation is a French translation is a French translation is a French translation is a French translation is a French translation is a French translation is a French translation is a French translation is a French translation is a French translation is a French translation is a French translation is a French translation is a French translation is a French translation is a French translation is a French translation is a French translation is a French translation is a French translation is a French translation is a French translation is a French translation is a French translation is a French translation is a French translation is a French translation is a French translation is a French translation is a French translation is a French translation is a French translation is a French translation is a French translation is a French translation is a French translation is a French translation is a French translation is a French translation is a French translation is a French translation is a French translation is a French translation is a French translation is a French translation is a French translation is a French translation is a French translation is a French translation is a French translation is a French translation is a French translation is a French translation is a French translation is a French translation is a French translation is a French translation is a French translation is a French translation is a French translation is a French translation is a French translation is a French translation is a French translation is a French translation is a French translation is a French translation is a French translation is a French translation is a French translation is a French translation is a French translation is a French translation is a French translation is a French translation is a French translation is a French translation is a French translation is a French translation is a French translation is a French translation is a French translation is a French translation is a French translation is a,42.86,6114.29,28.57,85.71,-200.0,14.29,0.0,0.0,6028.57
Whisper tiny,Indian,23,I understand that your position was very difficult.,I understand that your position was very difficult.,I understand that your position was very difficult.,0.0,0.0,0.0,0.0,0.0,0.0,0.0,0.0,0.0
Whisper tiny,Indian,24,"Well, it's a pretty anecdote.","Well, it's a pretty anecdot.","Well, it's a pretty an",20.0,20.0,20.0,20.0,0.0,0.0,0.0,0.0,0.0
Whisper tiny,Indian,25,In the post-orange-juice era?,In the post or in this era,"In the post or in this, in the post or in this era.",100.0,250.0,25.0,25.0,0.0,0.0,0.0,75.0,225.0
Whisper tiny,Indian,26,"“Look at the time,” said the old man.","Look at the time, said the old man.","Look at the time, the",0.0,37.5,0.0,0.0,0.0,0.0,37.5,0.0,0.0
Whisper tiny,Indian,27,There are many approaches to solving a single problem.,There are many approaches just solving a single problem.,The many approaches are solving a single problem.,11.11,33.33,11.11,22.22,-100.0,0.0,11.11,0.0,0.0
Whisper tiny,Indian,28,These are my top grades.,These are my top grades.,The English translation is a French translation is a French translation is a French translation is a French translation is a French translation is a French translation is a French translation is a French translation is a French translation is a French translation is a French translation is a French translation is a French translation is a French translation is a French translation is a French translation is a French translation is a French translation is a French translation is a French translation is a French translation is a French translation is a French translation is a French translation is a French translation is a French translation is a French translation is a French translation is a French translation is a French translation is a French translation is a French translation is a French translation is a French translation is a French translation is a French translation is a French translation is a French translation is a French translation is a French translation is a French translation is a French translation is a French translation is a French translation is a French translation is a French translation is a French translation is a French translation is a French translation is a French translation is a French translation is a French translation is a French translation is a French translation is a French translation is a French translation is a French translation is a French translation is a French translation is a French translation is a French translation is a French translation is a French translation is a French translation is a French translation is a French translation is a French translation is a French translation is a French translation is a French translation is a French translation is a French translation is a French translation is a French translation is a French translation is a French translation is a French translation is a French translation is a French translation is a French translation is a French translation is a French translation is a French translation is a French translation is a French translation is a French translation is a French translation is a French translation is a French translation is a French translation is a French translation is a French translation is a French translation is a French translation is a French translation is a French translation is a French translation is a French translation is a French translation is a French translation is a French translation is a French translation is a French translation is a French translation is a French translation is a French translation is a,0.0,8580.0,0.0,100.0,0.0,0.0,0.0,0.0,8480.0
Whisper tiny,Indian,29,To my knowledge I never heard it.,But my knowledge I never heard it.,The English translation is a French translation is a French translation is a French translation is a French translation is a French translation is a French translation is a French translation is a French translation is a French translation is a French translation is a French translation is a French translation is a French translation is a French translation is a French translation is a French translation is a French translation is a French translation is a French translation is a French translation is a French translation is a French translation is a French translation is a French translation is a French translation is a French translation is a French translation is a French translation is a French translation is a French translation is a French translation is a French translation is a French translation is a French translation is a French translation is a French translation is a French translation is a French translation is a French translation is a French translation is a French translation is a French translation is a French translation is a French translation is a French translation is a French translation is a French translation is a French translation is a French translation is a French translation is a French translation is a French translation is a French translation is a French translation is a French translation is a French translation is a French translation is a French translation is a French translation is a French translation is a French translation is a French translation is a French translation is a French translation is a French translation is a French translation is a French translation is a French translation is a French translation is a French translation is a French translation is a French translation is a French translation is a French translation is a French translation is a French translation is a French translation is a French translation is a French translation is a French translation is a French translation is a French translation is a French translation is a French translation is a French translation is a French translation is a French translation is a French translation is a French translation is a French translation is a French translation is a French translation is a French translation is a French translation is a French translation is a French translation is a French translation is a French translation is a French translation is a French translation is a French translation is a French translation is a French translation is a French translation is a French translation is a French translation is a,14.29,6128.57,14.29,100.0,-600.0,0.0,0.0,0.0,6028.57
Whisper tiny,Indian,30,A man is recreating a classic painting using a paintbrush and color pallet,A man is recreating a classic painting using a paintbrush and color palette.,The English translation is a French translation is a French translation is a French translation is a French translation is a French translation is a French translation is a French translation is a French translation is a French translation is a French translation is a French translation is a French translation is a French translation is a French translation is a French translation is a French translation is a French translation is a French translation is a French translation is a French translation is a French translation is a French translation is a French translation is a French translation is a French translation is a French translation is a French translation is a French translation is a French translation is a French translation is a French translation is a French translation is a French translation is a French translation is a French translation is a French translation is a French translation is a French translation is a French translation is a French translation is a French translation is a French translation is a French translation is a French translation is a French translation is a French translation is a French translation is a French translation is a French translation is a French translation is a French translation is a French translation is a French translation is a French translation is a French translation is a French translation is a French translation is a French translation is a French translation is a French translation is a French translation is a French translation is a French translation is a French translation is a French translation is a French translation is a French translation is a French translation is a French translation is a French translation is a French translation is a French translation is a French translation is a French translation is a French translation is a French translation is a French translation is a French translation is a French translation is a French translation is a French translation is a French translation is a French translation is a French translation is a French translation is a French translation is a French translation is a French translation is a French translation is a French translation is a French translation is a French translation is a French translation is a French translation is a French translation is a French translation is a French translation is a French translation is a French translation is a French translation is a French translation is a French translation is a French translation is a French translation is a French translation is a French translation is a,7.69,3269.23,7.69,69.23,-800.0,0.0,0.0,0.0,3200.0
Whisper tiny,Indian,31,"We have gone into them, and he has not.",We have gone into them and he has not.,We have gone into them and he has not,0.0,0.0,0.0,0.0,0.0,0.0,0.0,0.0,0.0
Whisper tiny,Indian,32,His vanity is colossal.,is BANETY'S COOLO SON,The,100.0,100.0,100.0,25.0,75.0,0.0,75.0,0.0,0.0
Whisper tiny,Indian,33,"I thought then, growing uneasy, that I ought to write an answer.",I thought then going on easy that I out to write in answer,I thought then going on is a,41.67,75.0,33.33,33.33,0.0,0.0,41.67,8.33,0.0
Whisper tiny,Indian,34,But of course you have others.,But of course you have others,But of course you have others.,0.0,0.0,0.0,0.0,0.0,0.0,0.0,0.0,0.0
Whisper tiny,Indian,35,The request is invalid.,The request is invalid.,The,0.0,75.0,0.0,0.0,0.0,0.0,75.0,0.0,0.0
Whisper tiny,Indian,36,I'm an entry-level clerk.,I am an intray level click,I am an Indian accent.,125.0,100.0,75.0,75.0,0.0,0.0,0.0,50.0,25.0
Whisper tiny,Indian,37,Alice almost stamped with irritation at the slow drawl in which he spoke.,At least almost stamped with irritation at the slow drawle in which his bow,A,38.46,100.0,30.77,7.69,75.0,0.0,92.31,7.69,0.0
Whisper tiny,Indian,38,The contract is pending final checks.,The contract is pending final checks.,The contract is pending final checks.,0.0,0.0,0.0,0.0,0.0,0.0,0.0,0.0,0.0
Whisper tiny,Indian,39,Nobody taught him even that much; he found it out.,Nobody taught him even that much. He found it out.,"If you are not a language, you can read the",0.0,100.0,0.0,100.0,0.0,0.0,0.0,0.0,0.0
Whisper tiny,Indian,40,Carelessness can have devastating consequences.,Carelessness can have debusterting consequences.,The English translation is a,20.0,100.0,20.0,100.0,-400.0,0.0,0.0,0.0,0.0
Whisper tiny,Indian,41,‘I wonder if all the things move along with us?’ thought poor puzzled Alice.,"I wonder if four of the things no belong because, toward poor puzzle deaths.",I wonder if the English translation is a French translation is a French translation is a French translation is a French translation is a French translation is a French translation is a French translation is a French translation is a French translation is a French translation is a French translation is a French translation is a French translation is a French translation is a French translation is a French translation is a French translation is a French translation is a French translation is a French translation is a French translation is a French translation is a French translation is a French translation is a French translation is a French translation is a French translation is a French translation is a French translation is a French translation is a French translation is a French translation is a French translation is a French translation is a French translation is a French translation is a French translation is a French translation is a French translation is a French translation is a French translation is a French translation is a French translation is a French translation is a French translation is a French translation is a French translation is a French translation is a French translation is a French translation is a French translation is a French translation is a French translation is a French translation is a French translation is a French translation is a French translation is a French translation is a French translation is a French translation is a French translation is a French translation is a French translation is a French translation is a French translation is a French translation is a French translation is a French translation is a French translation is a French translation is a French translation is a French translation is a French translation is a French translation is a French translation is a French translation is a French translation is a French translation is a French translation is a French translation is a French translation is a French translation is a French translation is a French translation is a French translation is a French translation is a French translation is a French translation is a French translation is a French translation is a French translation is a French translation is a French translation is a French translation is a French translation is a French translation is a French translation is a French translation is a French translation is a French translation is a French translation is a French translation is a French translation is a French translation is a French translation is a French,64.29,3042.86,50.0,78.57,-57.14,7.14,0.0,7.14,2964.29
Whisper tiny,Indian,42,"There was applause, and a voice cried: ""Hear, hear!""",Then we'll suppose and the voice cry here.,Then it was a close and a voice,77.78,77.78,66.67,22.22,66.67,11.11,33.33,0.0,22.22
Whisper tiny,Indian,43,That you shall know in good time.,That you should know in good time.,That's the same.,14.29,100.0,14.29,42.86,-200.0,0.0,57.14,0.0,0.0
Whisper tiny,Indian,44,"You and your engagement book, indeed.",You and your engagement book indeed.,You and your English translation is an English translation is an English translation is an English translation is an English translation is an English translation is an English translation is an English translation is an English translation is an English translation is an English translation is an English translation is an English translation is an English translation is an English translation is an English translation is an English translation is an English translation is an English translation is an English translation is an English translation is an English translation is an English translation is an English translation is an English translation is an English translation is an English translation is an English translation is an English translation is an English translation is an English translation is an English translation is an English translation is an English translation is an English translation is an English translation is an English translation is an English translation is an English translation is an English translation is an English translation is an English translation is an English translation is an English translation is an English translation is an English translation is an English translation is an English translation is an English translation is an English translation is an English translation is an English translation is an English translation is an English translation is an English translation is an English translation is an English translation is an English translation is an English translation is an English translation is an English translation is an English translation is an English translation is an English translation is an English translation is an English translation is an English translation is an English translation is an English translation is an English translation is an English translation is an English translation is an English translation is an English translation is an English translation is an English translation is an English translation is an English translation is an English translation is an English translation is an English translation is an English translation is an English translation is an English translation is an English translation is an English translation is an English translation is an English translation is an English translation is an English translation is an English translation is an English translation is an English translation is an English translation is an English translation is an English translation is an English translation is an English translation is an English translation is an English translation is an English translation is an English translation is an English translation is an English translation is an English translation is an English translation is an English translation,0.0,7100.0,0.0,50.0,0.0,0.0,0.0,0.0,7050.0
Whisper tiny,Indian,45,I lost my bangle have you seen it?,"The last minute bangles, have you seen it?",The last one is an English transcription.,50.0,100.0,50.0,87.5,-75.0,0.0,12.5,0.0,0.0
Whisper tiny,Indian,46,The woman herself is not the least item in his difficulty.,The woman herself is not the least item in his difficulty.,The woman herself is not the least,0.0,36.36,0.0,0.0,0.0,0.0,36.36,0.0,0.0
Whisper tiny,Indian,47,The enhancement request can be split into several categories of work items.,The enhancement root verse can be split into several categories of vocal items.,The Indian accent is an Indian accent is an Indian accent is an Indian accent. The Indian accent is an Indian accent is an Indian accent. The Indian accent is an Indian accent is an Indian accent. The Indian accent is an Indian accent is an Indian accent. The Indian accent is an Indian accent is an Indian accent. The Indian accent is an Indian accent. The Indian accent is an Indian accent. The Indian accent is an Indian accent. The Indian accent is an Indian accent. The Indian accent is an Indian accent. The Indian accent is an Indian accent. The Indian accent is an Indian accent. The Indian accent is an Indian accent. The Indian accent is an Indian accent. The Indian accent is an Indian accent. The Indian accent is an Indian accent. The Indian accent is an Indian accent. The Indian accent is an Indian accent. The Indian accent is an Indian accent. The Indian accent. The Indian accent is an Indian accent. The Indian accent is an Indian accent. The Indian accent. The Indian accent. The Indian accent. The Indian accent. The Indian accent. The Indian accent. The Indian accent. The Indian accent. The Indian accent. The Indian accent. The Indian accent. The Indian accent. The Indian accent. The Indian accent. The Indian accent. The Indian accent. The Indian accent. The Indian accent. The Indian accent. The Indian accent. The Indian accent. The Indian accent. The Indian accent. The Indian accent. The Indian accent. The Indian accent. The Indian accent. The Indian accent. The Indian accent. The Indian accent. The Indian accent. The Indian accent. The Indian accent. The Indian accent. The Indian accent. The Indian accent. The Indian accent. The Indian accent. The Indian accent. The Indian accent. The Indian accent. The Indian accent. The Indian accent. The Indian accent. The Indian accent. The Indian accent. The Indian accent. The Indian accent. The Indian accent. The Indian accent. The Indian accent. The Indian accent. The Indian accent. The Indian accent. The Indian accent. The Indian accent. The Indian accent. The Indian accent. The,25.0,2900.0,16.67,91.67,-450.0,0.0,0.0,8.33,2808.33
Whisper tiny,Indian,48,"‘A quarter to two,’ he said, looking at the parlour clock.","A quarter to two, he said, looking at the power of clock.","A quarter to two, he said, looking at the power of the word",18.18,36.36,9.09,18.18,-100.0,0.0,0.0,9.09,18.18
Whisper tiny,Indian,49,Exerting excess pressure could damage the equipment.,"Exerting access pressure, good damage, direct equipment.",The English translation is an accent is an accent,42.86,128.57,42.86,100.0,-133.33,0.0,0.0,0.0,28.57
Whisper tiny,Indian,50,The whole party stood like men stupefied.,The whole party stood like men still purified.,The whole part is to the word like men's,28.57,100.0,14.29,42.86,-200.0,0.0,14.29,14.29,42.86
Whisper tiny,Indian,51,"Indeed, Jane, you ought to believe me.","Indeed, chain you are to believe me.",In the Chinese translation is a French translation is a French translation is a French translation is a French translation is a French translation is a French translation is a French translation is a French translation is a French translation is a French translation is a French translation is a French translation is a French translation is a French translation is a French translation is a French translation is a French translation is a French translation is a French translation is a French translation is a French translation is a French translation is a French translation is a French translation is a French translation is a French translation is a French translation is a French translation is a French translation is a French translation is a French translation is a French translation is a French translation is a French translation is a French translation is a French translation is a French translation is a French translation is a French translation is a French translation is a French translation is a French translation is a French translation is a French translation is a French translation is a French translation is a French translation is a French translation is a French translation is a French translation is a French translation is a French translation is a French translation is a French translation is a French translation is a French translation is a French translation is a French translation is a French translation is a French translation is a French translation is a French translation is a French translation is a French translation is a French translation is a French translation is a French translation is a French translation is a French translation is a French translation is a French translation is a French translation is a French translation is a French translation is a French translation is a French translation is a French translation is a French translation is a French translation is a French translation is a French translation is a French translation is a French translation is a French translation is a French translation is a French translation is a French translation is a French translation is a French translation is a French translation is a French translation is a French translation is a French translation is a French translation is a French translation is a French translation is a French translation is a French translation is a French translation is a French translation is a French translation is a French translation is a French translation is a French translation is a French translation is a French translation is,28.57,6128.57,28.57,100.0,-250.0,0.0,0.0,0.0,6028.57
Whisper tiny,Indian,52,She witnessed the imperial troops flee from Aucona upon their defeat.,She witnessed the Imperial troops flee from Occona upon their defeat.,The Indian accent is a,9.09,90.91,9.09,36.36,-300.0,0.0,54.55,0.0,0.0
Whisper tiny,Indian,53,"Established were axle works, brickworks, and manufactories of machinery, car wheels, etc.","The established war axle works, brick works, and manufacturers of missionary power wheels, etc.",The English translation is an accent is an accent,58.33,100.0,41.67,75.0,-80.0,0.0,25.0,16.67,0.0
Whisper tiny,Indian,54,The Lytton Band of Pomo Indians supports many charities.,The little band of palm oil Indians supports majorities.,The,55.56,88.89,33.33,0.0,100.0,11.11,88.89,11.11,0.0
Whisper tiny,Indian,55,James' version also was issued on M-G-M Records for national distribution.,James' version also was issued on MGM Records for National Disribution.,James's version also was issued on MGM Records for National Disribution.,9.09,18.18,9.09,18.18,-100.0,0.0,0.0,0.0,0.0
Whisper tiny,Indian,56,Imperial Brands' chairman is Mark Williamson.,Imperial Brands' Chairman is Mark Williamson.,The English translation is a German translation is a German translation is a German translation is a German translation is a German translation is a German translation is a German translation is a German translation is a German translation is a German translation is a German translation is a German translation is a German translation is a German translation is a German translation is a German translation is a German translation is a German translation is a German translation is a German translation is a German translation is a German translation is a German translation is a German translation is a German translation is a German translation is a German translation is a German translation is a German translation is a German translation is a German translation is a German translation is a German translation is a German translation is a German translation is a German translation is a German translation is a German translation is a German translation is a German translation is a German translation is a German translation is a German translation is a German translation is a German translation is a German translation is a German translation is a German translation is a German translation is a German translation is a German translation is a German translation is a German translation is a German translation is a German translation is a German translation is a German translation is a German translation is a German translation is a German translation is a German translation is a German translation is a German translation is a German translation is a German translation is a German translation is a German translation is a German translation is a German translation is a German translation is a German translation is a German translation is a German translation is a German translation is a German translation is a German translation is a German translation is a German translation is a German translation is a German translation is a German translation is a German translation is a German translation is a German translation is a German translation is a German translation is a German translation is a German translation is a German translation is a German translation is a German translation is a German translation is a German translation is a German translation is a German translation is a German translation is a German translation is a German translation is a German translation is a German translation is a German translation is a German translation is a German translation is a German translation is a German translation is a German translation is a,0.0,7133.33,0.0,83.33,0.0,0.0,0.0,0.0,7050.0
Whisper tiny,Indian,57,Telemachus currently plays for the Gestetner Eagles.,Charlie Maccos currently plays for the just-tat-ner-eels.,Telling Macas currently plays for the gesture tag in the English translation.,57.14,114.29,28.57,42.86,-50.0,14.29,0.0,14.29,71.43
Whisper tiny,Indian,58,He was replaced by Prof. Roni Gamzo.,He was replaced by Professor Ronnie Gansel.,It was replaced by Professor Ronnie Gansel.,42.86,57.14,42.86,57.14,-33.33,0.0,0.0,0.0,0.0
Whisper tiny,Indian,59,"This mixture includes polymerising agents, which make the deicing effect last longer.",This mixture includes polymerizing agents which make the dicing effect last longer.,This is an English translation.,16.67,91.67,16.67,33.33,-100.0,0.0,58.33,0.0,0.0
Whisper tiny,Indian,60,Two notable exceptions are dedicated to the death of members of his family.,Two notable exceptions are dedicated to the death of members of his family.,The English translation is a French translation is a French translation is a French translation is a French translation is a French translation is a French translation is a French translation is a French translation is a French translation is a French translation is a French translation is a French translation is a French translation is a French translation is a French translation is a French translation is a French translation is a French translation is a French translation is a French translation is a French translation is a French translation is a French translation is a French translation is a French translation is a French translation is a French translation is a French translation is a French translation is a French translation is a French translation is a French translation is a French translation is a French translation is a French translation is a French translation is a French translation is a French translation is a French translation is a French translation is a French translation is a French translation is a French translation is a French translation is a French translation is a French translation is a French translation is a French translation is a French translation is a French translation is a French translation is a French translation is a French translation is a French translation is a French translation is a French translation is a French translation is a French translation is a French translation is a French translation is a French translation is a French translation is a French translation is a French translation is a French translation is a French translation is a French translation is a French translation is a French translation is a French translation is a French translation is a French translation is a French translation is a French translation is a French translation is a French translation is a French translation is a French translation is a French translation is a French translation is a French translation is a French translation is a French translation is a French translation is a French translation is a French translation is a French translation is a French translation is a French translation is a French translation is a French translation is a French translation is a French translation is a French translation is a French translation is a French translation is a French translation is a French translation is a French translation is a French translation is a French translation is a French translation is a French translation is a French translation is a French translation is a French translation is a,0.0,3300.0,0.0,100.0,0.0,0.0,0.0,0.0,3200.0
Whisper tiny,Indian,61,The therapy sessions were followed by police interviews.,The therapy sessions were followed by police interviews.,The therapy sessions were followed by police interviews.,0.0,0.0,0.0,0.0,0.0,0.0,0.0,0.0,0.0
Whisper tiny,Indian,62,About one-third of Mali's paddy rice is produced at the Office du Niger.,About one-third of Marley's paddy rice is produced at the Office Doonyshe.,About one third of the word of word of word of word of word of word of word of word of word of word of word of word of word of word of word of word of word of word of word of word of word of word of word of word of word of word of word of word of word of word of word of word of word of word of word of word of word of word of word of word of word of word of word of word of word of word of word of word of word of word of word of word of word of word of word of word of word of word of word of word of word of word of word of word of word of word of word of word of word of word of word of word of word of word of word of word of word of word of word of word of word of word of word of word of word of word of word of word of word of word of word of word of word of word of word of word of word of word of word of word of word of word of word of word of word of word of word of word of word of word of word of word of word of word of word of word of word of word of word of word of word of word of word of word of word of word of word of word of word of word of word of word of word of word of word of word of word of word of word of word of word of word of word of word of word of word of word of word of word of word of word of word of word of word of word of word of word of word of word of word of word of word of word of word of word of word of word of word of word of word of word of word of word of word of word of word of word of word of word of word of word of word of word of word of word of word of word of word of word of word of word of word of word of word of word of word of word of word of word of word of word of word of word of word of word of word of word of word of word of word of word of word of,23.08,3284.62,15.38,84.62,-450.0,7.69,0.0,0.0,3200.0
Whisper tiny,Indian,63,"Despite that connotation, the song was accepted by black and white Rhodesians.","Despite that connotation, the song was accepted by Black and White traditions.","Despite that connotation, the song was accepted by black and white traditions.",8.33,8.33,8.33,8.33,0.0,0.0,0.0,0.0,0.0
Whisper tiny,Indian,64,Here his teachers included Ildebrando Pizzetti and Luigi Dallapiccola.,"Here, his teachers included ill de brando bisete and Luischi d'Ala picola.","Here, his teachers included in the language, in the language, in the language, in the language, in the language, in the language, in the language, in the language, in the language, in the language, in the language, in the language, in the language, in the language, in the language, in the language, in the language, in the language, in the language, in the language, in the language, in the language, in the language, in the language, in the language, in the language, in the language, in the language, in the language, in the language, in the language, in the language, in the language, in the language, in the language, in the language, in the language, in the language, in the language, in the language, in the language, in the language, in the language, in the language, in the language, in the language, in the language, in the language, in the language, in the language, in the language, in the language, in the language, in the language, in the language, in the language, in the language, in the language, in the language, in the language, in the language, in the language, in the language, in the language, in the language, in the language, in the language, in the language, in the language, in the language, in the language, in the language, in the language, in the language, in the language, in the language, in the language, in the language, in the language, in the language, in the language, in the language, in the language, in the language, in the language, in the language, in the language, in the language, in the language, in the language, in the language, in the language, in the language, in the language, in the language, in the language, in the language, in the language, in the language, in the language, in the language, in the language, in the language, in the language, in the language, in the language,",77.78,3533.33,44.44,55.56,-25.0,0.0,0.0,33.33,3477.78
Whisper tiny,Indian,65,"There is some residual agriculture, primarily of ""edamame"", for which Noda was historically famous.",There is some residual agriculture primarily of Eda Mame for which Noda was historically famous.,There is some residual agriculture primarily of a primary language.,14.29,50.0,7.14,21.43,-200.0,0.0,28.57,7.14,0.0
Whisper tiny,Indian,66,Zavala had a keen intellect and was fluent in many languages.,The Savala had a keen intellect and was fluent in many languages.,The,18.18,100.0,9.09,9.09,0.0,0.0,90.91,9.09,0.0
Whisper tiny,Indian,67,"Honda began to expand the Acura division into Mexico, Hong Kong, and China.","Hontha began to expand the Akura division into Mexico, Hong Kong and China.","On top of the Indian accent, the Indian accent, the Indian accent, the Indian accent, the Indian accent, the Indian accent, the Indian accent, the Indian accent, the Indian accent, the Indian accent, the Indian accent, the Indian accent, the Indian accent, the Indian accent, the Indian accent, the Indian accent, the Indian accent, the Indian accent, the Indian accent, the Indian accent, the Indian accent, the Indian accent, the Indian accent, the Indian accent, the Indian accent, the Indian accent, the Indian accent, the Indian accent, the Indian accent, the Indian accent, the Indian accent, the Indian accent, the Indian accent, the Indian accent, the Indian accent, the Indian accent, the Indian accent, the Indian accent, the Indian accent, the Indian accent, the Indian accent, the Indian accent, the Indian accent, the Indian accent, the Indian accent, the Indian accent, the Indian accent, the Indian accent, the Indian accent, the Indian accent, the Indian accent, the Indian accent, the Indian accent, the Indian accent, the Indian accent, the Indian accent, the Indian accent, the Indian accent, the Indian accent, the Indian accent, the Indian accent, the Indian accent, the Indian accent, the Indian accent, the Indian accent, the Indian accent, the Indian accent, the Indian accent, the Indian accent, the Indian accent, the Indian accent, the Indian accent, the Indian accent, the Indian accent, the Indian accent, the Indian accent, the Indian accent, the Indian accent, the Indian accent, the Indian accent, the Indian accent, the Indian accent, the Indian accent, the Indian accent, the Indian accent, the Indian accent, the Indian accent, the Indian accent, the Indian accent, the Indian accent, the Indian accent, the Indian accent, the Indian accent, the Indian accent, the Indian accent, the Indian accent, the Indian accent, the Indian accent, the Indian accent, the Indian accent, the Indian accent, the Indian accent, the Indian accent, the Indian accent, the Indian accent, the Indian accent, the Indian",15.38,2476.92,15.38,92.31,-500.0,0.0,0.0,0.0,2384.62
Whisper tiny,Indian,68,Atribuation has also been given to Caesarius of Heisterbach.,A tribulation has been given to his areas of high-stabuck.,A tribulation has been given to the Indian accent.,66.67,66.67,33.33,44.44,-33.33,11.11,11.11,22.22,11.11
Whisper tiny,Indian,69,He is also said to have studied at Douay.,He is also said to have studied at doing.,He is also said to have studied at the same,11.11,22.22,11.11,11.11,0.0,0.0,0.0,0.0,11.11
Whisper tiny,Indian,70,"He also guest starred on ""Angel"".","You also guess, Todd on Angel.",You also guess that it is an Indian accent.,50.0,133.33,50.0,83.33,-66.67,0.0,0.0,0.0,50.0
Whisper tiny,Indian,71,"As with Lychnoscopy, the diviner reads presages from the movements of the flame.","As with Link. Copy the diviner reads, pre-sages from the movement of the Flame.",The,23.08,92.31,15.38,0.0,100.0,0.0,92.31,7.69,0.0
Whisper tiny,Indian,72,"The ashram now has a museum, the Gandhi Smarak Sangrahalaya.","The Ashram now has a museum, the Gandhi Smartak Sangra.",The English translation is a language translation is a language translation is a language translation is a language translation is a language translation is a language translation is a language translation is a language translation is a language translation is a language translation is a language translation is a language translation is a language translation is a language translation is a language translation is a language translation is a language translation is a language translation is a language translation is a language translation is a language translation is a language translation is a language translation is a language translation is a language translation is a language translation is a language translation is a language translation is a language translation is a language translation is a language translation is a language translation is a language translation is a language translation is a language translation is a language translation is a language translation is a language translation is a language translation is a language translation is a language translation is a language translation is a language translation is a language translation is a language translation is a language translation is a language translation is a language translation is a language translation is a language translation is a language translation is a language translation is a language translation is a language translation is a language translation is a language translation is a language translation is a language translation is a language translation is a language translation is a language translation is a language translation is a language translation is a language translation is a language translation is a language translation is a language translation is a language translation is a language translation is a language translation is a language translation is a language translation is a language translation is a language translation is a language translation is a language translation is a language translation is a language translation is a language translation is a language translation is a language translation is a language translation is a language translation is a language translation is a language translation is a language translation is a language translation is a language translation is a language translation is a language translation is a language translation is a language translation is a language translation is a language translation is a language translation is a language translation is a language translation is a language translation is a language translation is a language translation is a language translation is a language translation is a language translation is a language translation is a language translation is a language translation is a,20.0,4270.0,20.0,80.0,-300.0,0.0,0.0,0.0,4190.0
Whisper tiny,Indian,73,The scene is at once real and unreal.,The scene is at once real and unreal.,The scene is at once real and,0.0,12.5,0.0,0.0,0.0,0.0,12.5,0.0,0.0
Whisper tiny,Indian,74,The Sabah Wildlife Department is the custodian of the animals in the reserve.,The Saba White Life Department is the custodian of the animals in the Resolve.,The sub-Awaid language is the,30.77,76.92,23.08,15.38,33.33,0.0,61.54,7.69,0.0
Whisper tiny,Indian,75,"Shortly thereafter, Joan witnesses the coronation of Charles.","Shortly thereafter, Joanne witnesses the coronation of Jals.",The English translation is a French translation is a French translation is a French translation is a French translation is a French translation is a French translation is a French translation is a French translation is a French translation is a French translation is a French translation is a French translation is a French translation is a French translation is a French translation is a French translation is a French translation is a French translation is a French translation is a French translation is a French translation is a French translation is a French translation is a French translation is a French translation is a French translation is a French translation is a French translation is a French translation is a French translation is a French translation is a French translation is a French translation is a French translation is a French translation is a French translation is a French translation is a French translation is a French translation is a French translation is a French translation is a French translation is a French translation is a French translation is a French translation is a French translation is a French translation is a French translation is a French translation is a French translation is a French translation is a French translation is a French translation is a French translation is a French translation is a French translation is a French translation is a French translation is a French translation is a French translation is a French translation is a French translation is a French translation is a French translation is a French translation is a French translation is a French translation is a French translation is a French translation is a French translation is a French translation is a French translation is a French translation is a French translation is a French translation is a French translation is a French translation is a French translation is a French translation is a French translation is a French translation is a French translation is a French translation is a French translation is a French translation is a French translation is a French translation is a French translation is a French translation is a French translation is a French translation is a French translation is a French translation is a French translation is a French translation is a French translation is a French translation is a French translation is a French translation is a French translation is a French translation is a French translation is a French translation is a French translation is a French translation is a French translation is a,25.0,5362.5,25.0,100.0,-300.0,0.0,0.0,0.0,5262.5
Whisper tiny,Indian,76,They met in Batumi during vacation.,They met in Batumi during vacation.,The American language is a language is a language spoken with an Indian accent.,0.0,233.33,0.0,100.0,0.0,0.0,0.0,0.0,133.33
Whisper tiny,Indian,77,"Meeting Traveller aboard they inspect his experimental rocket ""Phaeton.","Meeting Traveler aboard, they inspect his experimental rocket Faiton.",The English translation is a German translation is a German translation is a German translation is a German translation is a German translation is a German translation is a German translation is a German translation is a German translation is a German translation is a German translation is a German translation is a German translation is a German translation is a German translation is a German translation is a German translation is a German translation is a German translation is a German translation is a German translation is a German translation is a German translation is a German translation is a German translation is a German translation is a German translation is a German translation is a German translation is a German translation is a German translation is a German translation is a German translation is a German translation is a German translation is a German translation is a German translation is a German translation is a German translation is a German translation is a German translation is a German translation is a German translation is a German translation is a German translation is a German translation is a German translation is a German translation is a German translation is a German translation is a German translation is a German translation is a German translation is a German translation is a German translation is a German translation is a German translation is a German translation is a German translation is a German translation is a German translation is a German translation is a German translation is a German translation is a German translation is a German translation is a German translation is a German translation is a German translation is a German translation is a German translation is a German translation is a German translation is a German translation is a German translation is a German translation is a German translation is a German translation is a German translation is a German translation is a German translation is a German translation is a German translation is a German translation is a German translation is a German translation is a German translation is a German translation is a German translation is a German translation is a German translation is a German translation is a German translation is a German translation is a German translation is a German translation is a German translation is a German translation is a German translation is a German translation is a German translation is a German translation is a German translation is a German translation is a German translation is a German translation is a,22.22,4766.67,22.22,100.0,-350.0,0.0,0.0,0.0,4666.67
Whisper tiny,Indian,78,"This emperor's posthumous name literally means ""joyfully healthy peace"".",The set for a sports tennis name literally means joyfully heldy piece.,The,88.89,100.0,55.56,11.11,80.0,0.0,88.89,33.33,0.0
Whisper tiny,Indian,79,Byron was born in California.,Byron was born in California.,The English translation is a French translation is a French translation is a French translation is a French translation is a French translation is a French translation is a French translation is a French translation is a French translation is a French translation is a French translation is a French translation is a French translation is a French translation is a French translation is a French translation is a French translation is a French translation is a French translation is a French translation is a French translation is a French translation is a French translation is a French translation is a French translation is a French translation is a French translation is a French translation is a French translation is a French translation is a French translation is a French translation is a French translation is a French translation is a French translation is a French translation is a French translation is a French translation is a French translation is a French translation is a French translation is a French translation is a French translation is a French translation is a French translation is a French translation is a French translation is a French translation is a French translation is a French translation is a French translation is a French translation is a French translation is a French translation is a French translation is a French translation is a French translation is a French translation is a French translation is a French translation is a French translation is a French translation is a French translation is a French translation is a French translation is a French translation is a French translation is a French translation is a French translation is a French translation is a French translation is a French translation is a French translation is a French translation is a French translation is a French translation is a French translation is a French translation is a French translation is a French translation is a French translation is a French translation is a French translation is a French translation is a French translation is a French translation is a French translation is a French translation is a French translation is a French translation is a French translation is a French translation is a French translation is a French translation is a French translation is a French translation is a French translation is a French translation is a French translation is a French translation is a French translation is a French translation is a French translation is a French translation is a French translation is a French translation is a,0.0,8580.0,0.0,100.0,0.0,0.0,0.0,0.0,8480.0
Whisper tiny,Indian,80,First Nation peoples would be set apart on reserves from the new settlers.,First nation peoples would be set apart on reserves from the new settlers.,The first nation people would be a,0.0,76.92,0.0,15.38,0.0,0.0,53.85,0.0,7.69
Whisper tiny,Indian,81,Wolff risks the dangers believing the reward will solve his debt problems.,Will risks the dangers believing the reward will solve this depth problems?,The English translation is a French translation is a French translation is a French translation is a French translation.,25.0,158.33,25.0,100.0,-300.0,0.0,0.0,0.0,58.33
Whisper tiny,Indian,82,The core collapse phase of a supernova is an extremely dense and energetic event.,The core collapse phase of a supernova is an extremely dense and energetic event.,The core collapse phase of a supernova is an extremely dense and energetic event is an extremely dense and energetic event.,0.0,50.0,0.0,0.0,0.0,0.0,0.0,0.0,50.0
Whisper tiny,Indian,83,These reaction products are essential for the regulation of intracellular Ca.,These reaction products are essential for the regulation of intracellular CA.,These reactions are essential for the translation of the translation of the translation of the translation of the translation of the translation of the translation of the translation of the translation of the translation of the translation of the translation of the translation of the translation of the translation of the translation of the translation of the translation of the translation of the translation of the translation of the translation of the translation of the translation of the translation of the translation of the translation of the translation of the translation of the translation of the translation of the translation of the translation of the translation of the translation of the translation of the translation of the translation of the translation of the translation of the translation of the translation of the translation of the translation of the translation of the translation of the translation of the translation of the translation of the translation of the translation of the translation of the translation of the translation of the translation of the translation of the translation of the translation of the translation of the translation of the translation of the translation of the translation of the translation of the translation of the translation of the translation of the translation of the translation of the translation of the translation of the translation of the translation of the translation of the translation of the translation of the translation of the translation of the translation of the translation of the translation of the translation of the translation of the translation of the translation of the translation of the translation of the translation of the translation of the translation of the translation of the translation of the translation of the translation of the translation of the translation of the translation of the translation of the translation of the translation of the translation of the translation of the translation of the translation of the translation of the translation of the translation of the translation of the translation of the translation of the translation of the translation of the translation of the translation of the translation of the translation of the translation of the translation of the translation of the translation of the translation of the translation of the translation of the translation of the translation of the translation of the translation of the translation of the translation of the translation of the translation of the translation of the translation of the translation of the translation of the translation of the translation of the translation of the translation of the translation of the translation of the,0.0,3854.55,0.0,36.36,0.0,0.0,9.09,0.0,3809.09
Whisper tiny,Indian,84,"Another extremely mammal-like family, Tritheledontidae, are unknown later than the Early Jurassic.","Another extremely mammal like family, triathlete, donti bay are unknown later than the early Jurassic.",The English translation is a French translation is a French translation is a French translation is a French translation is a French translation is a French translation is a French translation is a French translation is a French translation is a French translation is a French translation is a French translation is a French translation is a French translation is a French translation is a French translation is a French translation is a French translation is a French translation is a French translation is a French translation is a French translation is a French translation is a French translation is a French translation is a French translation is a French translation is a French translation is a French translation is a French translation is a French translation is a French translation is a French translation is a French translation is a French translation is a French translation is a French translation is a French translation is a French translation is a French translation is a French translation is a French translation is a French translation is a French translation is a French translation is a French translation is a French translation is a French translation is a French translation is a French translation is a French translation is a French translation is a French translation is a French translation is a French translation is a French translation is a French translation is a French translation is a French translation is a French translation is a French translation is a French translation is a French translation is a French translation is a French translation is a French translation is a French translation is a French translation is a French translation is a French translation is a French translation is a French translation is a French translation is a French translation is a French translation is a French translation is a French translation is a French translation is a French translation is a French translation is a French translation is a French translation is a French translation is a French translation is a French translation is a French translation is a French translation is a French translation is a French translation is a French translation is a French translation is a French translation is a French translation is a French translation is a French translation is a French translation is a French translation is a French translation is a French translation is a French translation is a French translation is a French translation is a French translation is a French translation is a French translation is a French translation is a,41.67,3575.0,16.67,100.0,-500.0,0.0,0.0,25.0,3475.0
Whisper tiny,Indian,85,The album's lyrics were also examined.,The album's lyrics were also examined.,The Albums lyrics were also examined.,0.0,0.0,0.0,0.0,0.0,0.0,0.0,0.0,0.0
Whisper tiny,Indian,86,The founder of the hospital was William Bromfeild.,The founder of the hospital was William Bromfield.,The founder of the hospital was William Bromfield.,12.5,12.5,12.5,12.5,0.0,0.0,0.0,0.0,0.0
Whisper tiny,Indian,87,His maternal grandparents were Prince Frederick of the Netherlands and Princess Louise of Prussia.,Its maternal grandparents were Prince Frederick of the Netherlands and Princess Louis of Prussia.,The English translation is a French translation is a French translation is a French translation is a French translation is a French translation is a French translation is a French translation is a French translation is a French translation is a French translation is a French translation is a French translation is a French translation is a French translation is a French translation is a French translation is a French translation is a French translation is a French translation is a French translation is a French translation is a French translation is a French translation is a French translation is a French translation is a French translation is a French translation is a French translation is a French translation is a French translation is a French translation is a French translation is a French translation is a French translation is a French translation is a French translation is a French translation is a French translation is a French translation is a French translation is a French translation is a French translation is a French translation is a French translation is a French translation is a French translation is a French translation is a French translation is a French translation is a French translation is a French translation is a French translation is a French translation is a French translation is a French translation is a French translation is a French translation is a French translation is a French translation is a French translation is a French translation is a French translation is a French translation is a French translation is a French translation is a French translation is a French translation is a French translation is a French translation is a French translation is a French translation is a French translation is a French translation is a French translation is a French translation is a French translation is a French translation is a French translation is a French translation is a French translation is a French translation is a French translation is a French translation is a French translation is a French translation is a French translation is a French translation is a French translation is a French translation is a French translation is a French translation is a French translation is a French translation is a French translation is a French translation is a French translation is a French translation is a French translation is a French translation is a French translation is a French translation is a French translation is a French translation is a French translation is a French translation is a French translation is a,14.29,3064.29,14.29,100.0,-600.0,0.0,0.0,0.0,2964.29
Whisper tiny,Indian,88,"By all accounts, Holmes visualised the layout in his imagination.","By all accounts, Holmes visualized the layout in his imagination.",The English translation is a French translation is a French translation is a French translation is a French translation is a French translation is a French translation is a French translation is a French translation is a French translation is a French translation is a French translation is a French translation is a French translation is a French translation is a French translation is a French translation is a French translation is a French translation is a French translation is a French translation is a French translation is a French translation is a French translation is a French translation is a French translation is a French translation is a French translation is a French translation is a French translation is a French translation is a French translation is a French translation is a French translation is a French translation is a French translation is a French translation is a French translation is a French translation is a French translation is a French translation is a French translation is a French translation is a French translation is a French translation is a French translation is a French translation is a French translation is a French translation is a French translation is a French translation is a French translation is a French translation is a French translation is a French translation is a French translation is a French translation is a French translation is a French translation is a French translation is a French translation is a French translation is a French translation is a French translation is a French translation is a French translation is a French translation is a French translation is a French translation is a French translation is a French translation is a French translation is a French translation is a French translation is a French translation is a French translation is a French translation is a French translation is a French translation is a French translation is a French translation is a French translation is a French translation is a French translation is a French translation is a French translation is a French translation is a French translation is a French translation is a French translation is a French translation is a French translation is a French translation is a French translation is a French translation is a French translation is a French translation is a French translation is a French translation is a French translation is a French translation is a French translation is a French translation is a French translation is a French translation is a French translation is a French translation is a,10.0,4290.0,10.0,100.0,-900.0,0.0,0.0,0.0,4190.0
Whisper tiny,Indian,89,All of these tropical cyclones are featured within the Atlantic hurricane database.,Out of these tropical cyclones are featured within the Atlantic hurricane database.,A word of the Indian accent.,8.33,91.67,8.33,25.0,-200.0,0.0,58.33,0.0,8.33
Whisper tiny,Indian,90,This was followed by numberless other commissions which the painter carried out.,This was followed by numberless other commissions which the painter carried out.,This was followed by a numberless other,0.0,58.33,0.0,0.0,0.0,0.0,50.0,0.0,8.33
Whisper tiny,Indian,91,He is also said to have 'converted' Charles Saatchi to conceptual art.,He is also said to have converted Charles Saty to conceptual art.,He is also said to have converted Charles Sachi to conceptual art.,8.33,8.33,8.33,8.33,0.0,0.0,0.0,0.0,0.0
Whisper tiny,Indian,92,This large size is needed for low divergence beams.,This large size is needed for low divergence beams.,This is the word,0.0,77.78,0.0,22.22,0.0,0.0,55.56,0.0,0.0
Whisper tiny,Indian,93,He has not played baseball professionally since then.,He has not played this boy professionally since then.,He has not played this word of English,25.0,50.0,12.5,50.0,-300.0,0.0,0.0,12.5,0.0
Whisper tiny,Indian,94,Solomon and Gergana Passy have four children from their three marriages.,Solomon and Gervana Pasi have four children from their three marriages.,The,18.18,100.0,18.18,9.09,50.0,0.0,90.91,0.0,0.0
Whisper tiny,Indian,95,"Instead of using a specific programming language, the algorithms are written in Pseudocode.","Instead of using a specific programming language, the algorithms are written in SudoCord.",The,7.69,92.31,7.69,0.0,100.0,0.0,92.31,0.0,0.0
Whisper tiny,Indian,96,"He also was the past owner of the Rainfair Company, which made protective footwear.","He also was the past owner of the rainforest company, which meant protective footwear.",The French translation is a French translation is a French translation is a French translation is a French translation.,14.29,135.71,14.29,100.0,-600.0,0.0,0.0,0.0,35.71
Whisper tiny,Indian,97,Bill rather than continuing a life in music.,"Bill, rather than continuing a life in music.",The English translation is a French translation is a French translation is a French translation is a French translation is a French translation is a French translation is a French translation is a French translation is a French translation is a French translation is a French translation is a French translation is a French translation is a French translation is a French translation is a French translation is a French translation is a French translation is a French translation is a French translation is a French translation is a French translation is a French translation is a French translation is a French translation is a French translation is a French translation is a French translation is a French translation is a French translation is a French translation is a French translation is a French translation is a French translation is a French translation is a French translation is a French translation is a French translation is a French translation is a French translation is a French translation is a French translation is a French translation is a French translation is a French translation is a French translation is a French translation is a French translation is a French translation is a French translation is a French translation is a French translation is a French translation is a French translation is a French translation is a French translation is a French translation is a French translation is a French translation is a French translation is a French translation is a French translation is a French translation is a French translation is a French translation is a French translation is a French translation is a French translation is a French translation is a French translation is a French translation is a French translation is a French translation is a French translation is a French translation is a French translation is a French translation is a French translation is a French translation is a French translation is a French translation is a French translation is a French translation is a French translation is a French translation is a French translation is a French translation is a French translation is a French translation is a French translation is a French translation is a French translation is a French translation is a French translation is a French translation is a French translation is a French translation is a French translation is a French translation is a French translation is a French translation is a French translation is a French translation is a French translation is a French translation is a French translation is a,0.0,5350.0,0.0,87.5,0.0,0.0,0.0,0.0,5262.5
Whisper tiny,Indian,98,This title was retained in the Russian Empire.,The statue was retained in the Russian Empire.,The title was retained in the Russian,25.0,25.0,25.0,12.5,50.0,0.0,12.5,0.0,0.0
Whisper tiny,Indian,99,He is a supporter of the international development charity Mary's meals.,"Is a support of the International Development Sharding, Mary's Means?",The,36.36,90.91,27.27,0.0,100.0,9.09,90.91,0.0,0.0
Whisper tiny,Indian,100,I just felt like I wasn't seen or understood.,I just felt like I wasn't seen or understood.,I just felt like I wasn't seen or understood.,0.0,0.0,0.0,0.0,0.0,0.0,0.0,0.0,0.0
Whisper tiny,British,1,"After his retirement from politics, he moved from Barnet to Oxfordshire.","After his retirement from politics, he moved from Barnett to Oxfordshire.","After his retirement from politics, he moved from Barnett to Oxfordshire.",9.09,9.09,9.09,9.09,0.0,0.0,0.0,0.0,0.0
Whisper tiny,British,2,The Lakes Region Library of Citrus Libraries is in Inverness.,"The Lakes region, Library of Citrus Libraries, is an Invernance.",The lyrics are written in the lyrics in the lyrics in the lyrics in the lyrics in the lyrics in the lyrics in the lyrics in the lyrics in the lyrics in the lyrics in the lyrics in the lyrics in the lyrics in the lyrics in the lyrics in the lyrics in the lyrics in the lyrics in the lyrics in the lyrics in the lyrics in the lyrics in the lyrics in the lyrics in the lyrics in the lyrics in the lyrics in the lyrics in the lyrics in the lyrics in the lyrics in the lyrics in the lyrics in the lyrics in the lyrics in the lyrics in the lyrics in the lyrics in the lyrics in the lyrics in the lyrics in the lyrics in the lyrics in the lyrics in the lyrics in the lyrics in the lyrics in the lyrics in the lyrics in the lyrics in the lyrics in the lyrics in the lyrics in the lyrics in the lyrics in the lyrics in the lyrics in the lyrics in the lyrics in the lyrics in the lyrics in the lyrics in the lyrics in the lyrics in the lyrics in the lyrics in the lyrics in the lyrics in the lyrics in the lyrics in the lyrics in the lyrics in the lyrics in the lyrics in the lyrics in the lyrics in the lyrics in the lyrics in the lyrics in the lyrics in the lyrics in the lyrics in the lyrics in the lyrics in the lyrics in the lyrics in the lyrics in the lyrics in the lyrics in the lyrics in the lyrics in the lyrics in the lyrics in the lyrics in the lyrics in the lyrics in the lyrics in the lyrics in the lyrics in the lyrics in the lyrics in the lyrics in the lyrics in the lyrics in the lyrics in the lyrics in the lyrics in the lyrics in the lyrics in the lyrics in the lyrics in the lyrics in the lyrics in the lyrics in the lyrics in the lyrics in the lyrics in the lyrics in the lyrics in the lyrics in the lyrics in the lyrics in the lyrics in the lyrics in the lyrics in the lyrics in the lyrics in the lyrics in the lyrics in the lyrics in the lyrics in the lyrics in the lyrics in the lyrics in the lyrics in the lyrics in the lyrics in the lyrics in the lyrics in the lyrics in the lyrics in the,20.0,4270.0,20.0,80.0,-300.0,0.0,0.0,0.0,4190.0
Whisper tiny,British,3,"Among other actions, authorities raided breakfast program locations while children were eating.","Among other actions, authorities raided breakfast program locations while children were eating.","Among other actions, authorities rated breakfast program applications, while children were eating.",0.0,16.67,0.0,16.67,0.0,0.0,0.0,0.0,0.0
Whisper tiny,British,4,Its divisions were transferred away.,Its divisions were transferred away.,It's the,0.0,80.0,0.0,20.0,0.0,0.0,60.0,0.0,0.0
Whisper tiny,British,5,Nicholas survived his political downfall.,Nicholas of Ifis political downfall.,The English translation is a French translation is a French translation is a French translation is a French translation is a French translation is a French translation is a French translation is a French translation is a French translation is a French translation is a French translation is a French translation is a French translation is a French translation is a French translation is a French translation is a French translation is a French translation is a French translation is a French translation is a French translation is a French translation is a French translation is a French translation is a French translation is a French translation is a French translation is a French translation is a French translation is a French translation is a French translation is a French translation is a French translation is a French translation is a French translation is a French translation is a French translation is a French translation is a French translation is a French translation is a French translation is a French translation is a French translation is a French translation is a French translation is a French translation is a French translation is a French translation is a French translation is a French translation is a French translation is a French translation is a French translation is a French translation is a French translation is a French translation is a French translation is a French translation is a French translation is a French translation is a French translation is a French translation is a French translation is a French translation is a French translation is a French translation is a French translation is a French translation is a French translation is a French translation is a French translation is a French translation is a French translation is a French translation is a French translation is a French translation is a French translation is a French translation is a French translation is a French translation is a French translation is a French translation is a French translation is a French translation is a French translation is a French translation is a French translation is a French translation is a French translation is a French translation is a French translation is a French translation is a French translation is a French translation is a French translation is a French translation is a French translation is a French translation is a French translation is a French translation is a French translation is a French translation is a French translation is a French translation is a French translation is a French translation is a,40.0,8580.0,40.0,100.0,-150.0,0.0,0.0,0.0,8480.0
Whisper tiny,British,6,This was the sixth Crown Prince Cup final to be held at the stadium.,This was the sixth crown prince cop final to be held at the stadium.,This was the 6th crown prince copfinal to be held at the stadium.,7.14,21.43,7.14,14.29,-100.0,0.0,7.14,0.0,0.0
Whisper tiny,British,7,The Racers were picked to finish in seventh place.,The races were picked to finish in seventh place.,The races were picked to finish in 7th place.,11.11,22.22,11.11,22.22,-100.0,0.0,0.0,0.0,0.0
Whisper tiny,British,8,It is the only known site in Utah associated with Harris.,It is the only known sight and uter associated with Harris.,It is the only known site in Utah associated with Harris.,27.27,0.0,27.27,0.0,100.0,0.0,0.0,0.0,0.0
Whisper tiny,British,9,His daughter married Sir Henry Kitson and was the mother of Sir Frank Kitson.,His daughter married Sir Henry Kitson and was the mother of Sir Frank Kitson.,He is the American American American American American American American American American American American American American American American American American American American American American American American American American American American American American American American American American American American American American American American American American American American American American American American American American American American American American American American American American American American American American American American American American American American American American American American American American American American American American American American American American American American American American American American American American American American American American American American American American American American American American American American American American American American American American American American American American American American American American American American American American American American American American American American American American American American American American American American American American American American American American American American American American American American American American American American American American American American American American American American American American American American American American American American American American American American American American American American American American American American American American American American American American American American American American American American American American American American American American American American American American American American American American American American American American American American American American American American American American American American American American American American American American American American American American American American American American American American American American American American American American American American American American American American American American American American American American American American American American American American American American American American American American American American American American American American American American American American American American American American American American American American American American American American American American American American American American American American American American American American American American American American American American American American American American American American American American American American American American American American American American American American American American American American American American American American American American American American American American American American American American American American American American American American American American American American American American American American American American American American American American American American American American American American American American American American American American American American American American American American American American American American American American American American American American American American American American American American American American American American American American American American American American American American American American American American American American American American American American American American American American American American American American American,0.0,3064.29,0.0,100.0,0.0,0.0,0.0,0.0,2964.29
Whisper tiny,British,10,Its investment paid off and the team returned from each successive event with medals.,It's investment paid off and the team return from each successed event with medals.,It is a German accent.,14.29,100.0,14.29,35.71,-150.0,0.0,64.29,0.0,0.0
Whisper tiny,British,11,He previously served as the British Ambassador to Algeria.,He previously served as the British Ambassador to Algeria.,He previously served as the British Ambassador to Algeria.,0.0,0.0,0.0,0.0,0.0,0.0,0.0,0.0,0.0
Whisper tiny,British,12,"The toponyms ""Lake Thompson"" and ""Thompson River"" are linked.","The topanims, Lake Thompson and Thompson River are linked.",The top of the name of the name of the name of the name of the name of the name of the name of the name of the name of the name of the name of the name of the name of the name of the name of the name of the name of the name of the name of the name of the name of the name of the name of the name of the name of the name of the name of the name of the name of the name of the name of the name of the name of the name of the name of the name of the name of the name of the name of the name of the name of the name of the name of the name of the name of the name of the name of the name of the name of the name of the name of the name of the name of the name of the name of the name of the name of the name of the name of the name of the name of the name of the name of the name of the name of the name of the name of the name of the name of the name of the name of the name of the name of the name of the name of the name of the name of the name of the name of the name of the name of the name of the name of the name of the name of the name of the name of the name of the name of the name of the name of the name of the name of the name of the name of the name of the name of the name of the name of the name of the name of the name of the name of the name of the name of the name of the name of the name of the name of the name of the name of the name of the name of the name of the name of the name of the name of the name of the name of the name of the name of the name of the name of the name of the name of the name of the name of the name of the name of the name of the name of the name of the name of the name of the name of the name of the name of the name of the name of the name of the name of the name of,11.11,4755.56,11.11,88.89,-700.0,0.0,0.0,0.0,4666.67
Whisper tiny,British,13,He was elected as president of the Student association of Peru.,He was elected as president of the Student Association of Peru.,He was elected as president of the student association of the student association of Peru.,0.0,36.36,0.0,0.0,0.0,0.0,0.0,0.0,36.36
Whisper tiny,British,14,OKAY NOW FOR A REGULAR CONVERSATION SO UH WOULD YOU RATHER GO TO THE BEACH TODAY OR DO CLUB GOLF DISCUSS,"Okay, now for regular conversation. So, would you rather go to the beach today or do pub golf discuss?",The English translation is a French translation is a French translation is a French translation is a French translation is a French translation is a French translation is a French translation is a French translation is a French translation is a French translation is a French translation is a French translation is a French translation is a French translation is a French translation is a French translation is a French translation is a French translation is a French translation is a French translation is a French translation is a French translation is a French translation is a French translation is a French translation is a French translation is a French translation is a French translation is a French translation is a French translation is a French translation is a French translation is a French translation is a French translation is a French translation is a French translation is a French translation is a French translation is a French translation is a French translation is a French translation is a French translation is a French translation is a French translation is a French translation is a French translation is a French translation is a French translation is a French translation is a French translation is a French translation is a French translation is a French translation is a French translation is a French translation is a French translation is a French translation is a French translation is a French translation is a French translation is a French translation is a French translation is a French translation is a French translation is a French translation is a French translation is a French translation is a French translation is a French translation is a French translation is a French translation is a French translation is a French translation is a French translation is a French translation is a French translation is a French translation is a French translation is a French translation is a French translation is a French translation is a French translation is a French translation is a French translation is a French translation is a French translation is a French translation is a French translation is a French translation is a French translation is a French translation is a French translation is a French translation is a French translation is a French translation is a French translation is a French translation is a French translation is a French translation is a French translation is a French translation is a French translation is a French translation is a French translation is a French translation is a French translation is a,14.29,2038.1,4.76,95.24,-1900.0,9.52,0.0,0.0,1942.86
Whisper tiny,British,15,YEAH THE WEATHER'S ACTUALLY QUITE NICE I FEEL LIKE WE HAVEN'T HAD SUN LIKE THIS WE HAD LIKE ONE DAY OF SUN IN LIKE THREE WEEKS YOU KNOW,"Yeah, the weather's actually quite nice. I feel like we haven't had some like this. We had like one day of song in like three weeks. You know.",The English translation is a French translation is a French translation is a French translation is a French translation is a French translation is a French translation is a French translation is a French translation is a French translation is a French translation is a French translation is a French translation is a French translation is a French translation is a French translation is a French translation is a French translation is a French translation is a French translation is a French translation is a French translation is a French translation is a French translation is a French translation is a French translation is a French translation is a French translation is a French translation is a French translation is a French translation is a French translation is a French translation is a French translation is a French translation is a French translation is a French translation is a French translation is a French translation is a French translation is a French translation is a French translation is a French translation is a French translation is a French translation is a French translation is a French translation is a French translation is a French translation is a French translation is a French translation is a French translation is a French translation is a French translation is a French translation is a French translation is a French translation is a French translation is a French translation is a French translation is a French translation is a French translation is a French translation is a French translation is a French translation is a French translation is a French translation is a French translation is a French translation is a French translation is a French translation is a French translation is a French translation is a French translation is a French translation is a French translation is a French translation is a French translation is a French translation is a French translation is a French translation is a French translation is a French translation is a French translation is a French translation is a French translation is a French translation is a French translation is a French translation is a French translation is a French translation is a French translation is a French translation is a French translation is a French translation is a French translation is a French translation is a French translation is a French translation is a French translation is a French translation is a French translation is a French translation is a French translation is a French translation is a French translation is a French translation is a,7.14,1532.14,7.14,100.0,-1300.0,0.0,0.0,0.0,1432.14
Whisper tiny,British,16,YEAH THAT'S TRUE I MEAN WE COULD JUST GO AFTER THIS YOU KNOW WHAT'S STOPPING US,"Yeah, that's true. I mean, we could just go after this. Yeah, what's stopping us?","Yeah,",12.5,93.75,6.25,0.0,100.0,6.25,93.75,0.0,0.0
Whisper tiny,British,17,PEOPLE GOING BOURBON OH MY GOD THAT SOUNDS ATROCIOUS YEAH,people can go up and that sounds atrocious. Yeah.,The,50.0,100.0,40.0,10.0,75.0,10.0,90.0,0.0,0.0
Whisper tiny,British,18,ANOTHER RIGHT ANOTHER NIGHT AT RASCALS,Another night at Rosquoles.,The English,50.0,100.0,16.67,33.33,-100.0,33.33,66.67,0.0,0.0
Whisper tiny,British,19,YEAH <OVERLAP> OF COURSE WELL THE BIG PROMOTER IS RIGHT HERE WITH ME BUT,"Yeah, of course, while the big promoter is right here with me.",The,21.43,92.86,7.14,0.0,100.0,14.29,92.86,0.0,0.0
Whisper tiny,British,20,YEAH NO WELL IT'S KIND OF FUNNY TO THINK THEY'LL BE ANALYZING THIS CONVERSATION BUT ANYWAY <LAUGH> YEAH,"Yeah, well, it's kind of funny to think they'll be analyzing this conversation. But anyway. Yeah.",It's a French accent.,11.11,94.44,0.0,16.67,0.0,11.11,77.78,0.0,0.0
Whisper tiny,British,21,OOH OKAY TELL ME ABOUT A PARTICULAR FOOD YOU USED TO LIKE WHEN YOU WERE A CHILD THEN,"Okay, tell me about a particular few used to like when you were a child then.",I'm a,16.67,94.44,5.56,5.56,0.0,11.11,88.89,0.0,0.0
Whisper tiny,British,22,WELL ACTUALLY ARE THEY LIKE ALL THESE ALL THESE ALL THESE DUMPLINGS OF EASTERN EUROPEAN ORIGIN,"Watch the other, make all these dumplings and these senior pianos.",The English translation is a French translation is a French translation is a French translation is a French translation is a French translation is a French translation is a French translation is a French translation is a French translation is a French translation is a French translation is a French translation is a French translation is a French translation is a French translation is a French translation is a French translation is a French translation is a French translation is a French translation is a French translation is a French translation is a French translation is a French translation is a French translation is a French translation is a French translation is a French translation is a French translation is a French translation is a French translation is a French translation is a French translation is a French translation is a French translation is a French translation is a French translation is a French translation is a French translation is a French translation is a French translation is a French translation is a French translation is a French translation is a French translation is a French translation is a French translation is a French translation is a French translation is a French translation is a French translation is a French translation is a French translation is a French translation is a French translation is a French translation is a French translation is a French translation is a French translation is a French translation is a French translation is a French translation is a French translation is a French translation is a French translation is a French translation is a French translation is a French translation is a French translation is a French translation is a French translation is a French translation is a French translation is a French translation is a French translation is a French translation is a French translation is a French translation is a French translation is a French translation is a French translation is a French translation is a French translation is a French translation is a French translation is a French translation is a French translation is a French translation is a French translation is a French translation is a French translation is a French translation is a French translation is a French translation is a French translation is a French translation is a French translation is a French translation is a French translation is a French translation is a French translation is a French translation is a French translation is a French translation is a French translation is a French translation is a,81.25,2681.25,50.0,100.0,-100.0,31.25,0.0,0.0,2581.25
Whisper tiny,British,23,THAT DOES SOUND PRETTY GOOD IF I HADN'T JUST EATEN AN ENTIRE PEPPERONI PIZZA I COULD DEFINITELY SCRAN A FEW OF THOSE,"That does something pretty good. If I hadn't just eat an entire pepperoni pizza, I could definitely scrounge a few of those.",If you have a,13.64,90.91,13.64,9.09,33.33,0.0,81.82,0.0,0.0
Whisper tiny,British,24,THEY'RE NOT REALLY BIG WHEN THEY'RE DUMPLINGS ACTUALLY,"They're not really big when they're done, please. Actually.",The,25.0,100.0,12.5,12.5,0.0,0.0,87.5,12.5,0.0
Whisper tiny,British,25,YEAH THEY HAVE WELL THE CLOSEST THING WE HAVE IS SOMETHING CALLED UM <FOREIGN> BUT IT'S NOT LIKE A DUMPLING IT'S LIKE WRAPPED IN THOSE LIKE BANANA LEAVES YOU KNOW,"Yeah, the closest thing we have is something called Sarmadhis, but it's not like a dumpling. It's like wrapped in those like binanalaves, you know?",The English translation is a French translation is a French translation is a French translation is a French translation is a French translation is a French translation is a French translation is a French translation is a French translation is a French translation is a French translation is a French translation is a French translation is a French translation is a French translation is a French translation is a French translation is a French translation is a French translation is a French translation is a French translation is a French translation is a French translation is a French translation is a French translation is a French translation is a French translation is a French translation is a French translation is a French translation is a French translation is a French translation is a French translation is a French translation is a French translation is a French translation is a French translation is a French translation is a French translation is a French translation is a French translation is a French translation is a French translation is a French translation is a French translation is a French translation is a French translation is a French translation is a French translation is a French translation is a French translation is a French translation is a French translation is a French translation is a French translation is a French translation is a French translation is a French translation is a French translation is a French translation is a French translation is a French translation is a French translation is a French translation is a French translation is a French translation is a French translation is a French translation is a French translation is a French translation is a French translation is a French translation is a French translation is a French translation is a French translation is a French translation is a French translation is a French translation is a French translation is a French translation is a French translation is a French translation is a French translation is a French translation is a French translation is a French translation is a French translation is a French translation is a French translation is a French translation is a French translation is a French translation is a French translation is a French translation is a French translation is a French translation is a French translation is a French translation is a French translation is a French translation is a French translation is a French translation is a French translation is a French translation is a French translation is a French translation is a,23.33,1423.33,6.67,93.33,-1300.0,16.67,0.0,0.0,1330.0
Whisper tiny,British,26,SO IT'S LIKE IT'S BEEF OR MINTS OR WHATEVER BUT IT'S WRAPPED IN THE LEAVES AND THEN YOU,"So it's like the if when mince or whatever, but it's wrapped in the leaves and then",The,27.78,94.44,22.22,0.0,100.0,5.56,94.44,0.0,0.0
Whisper tiny,British,27,YEAH CABBAGE CABBAGE LEAVES AND LIKE YOU BOIL THE LEAVES AND YOU COOK THE MEAT AND THEN YOU WRAP THEM IN AND IT'S LIKE A A DUMPLING BUT WITH A LEAF ON THE OUTSIDE AND YOU EAT THAT WITH LIKE SOUR CREAM AND STUFF AND THAT'S PRETTY GOOD,"Yeah, cabbage, cabbage leaves. And like you boil the leaves and you cook them meat and then you wrap them in and it's like a dumpling but with a leaf on the outside and then you eat that with like sour cream and stuff and that's pretty good.",The French translation is a French translation is a French translation is a French translation is a French translation is a French translation is a French translation is a French translation is a French translation is a French translation is a French translation is a French translation is a French translation is a French translation is a French translation is a French translation is a French translation is a French translation is a French translation is a French translation is a French translation is a French translation is a French translation is a French translation is a French translation is a French translation is a French translation is a French translation is a French translation is a French translation is a French translation is a French translation is a French translation is a French translation is a French translation is a French translation is a French translation is a French translation is a French translation is a French translation is a French translation is a French translation is a French translation is a French translation is a French translation is a French translation is a French translation is a French translation is a French translation is a French translation is a French translation is a French translation is a French translation is a French translation is a French translation is a French translation is a French translation is a French translation is a French translation is a French translation is a French translation is a French translation is a French translation is a French translation is a French translation is a French translation is a French translation is a French translation is a French translation is a French translation is a French translation is a French translation is a French translation is a French translation is a French translation is a French translation is a French translation is a French translation is a French translation is a French translation is a French translation is a French translation is a French translation is a French translation is a French translation is a French translation is a French translation is a French translation is a French translation is a French translation is a French translation is a French translation is a French translation is a French translation is a French translation is a French translation is a French translation is a French translation is a French translation is a French translation is a French translation is a French translation is a French translation is a French translation is a French translation is a French translation is a French translation is a,6.25,887.5,2.08,93.75,-4400.0,2.08,0.0,2.08,793.75
Whisper tiny,British,28,AND HE'S ALWAYS LIKE OH YOU CAN'T FIND THEM AUTHENTICALLY MADE HERE SO IT DOESN'T BOTHER ME SHE LIKES THE WAY SHE DOES THEM SO HE'LL JUST EAT LIKE LOADS OF THOSE AT CHRISTMAS LIKE I'VE NEVER WE HAVEN'T DONE A CHRISTMAS TURKEY FOR LIKE TEN YEARS IT'S ALWAYS JUST A BUNCH OF ROMANIAN FOOD FOR SOME REASON,"And he's always like, oh, you can't find them authentically made here, so it doesn't bother. But she likes the way she does them. So he'll just eat loads of those at Christmas. Like, I've never we haven't done a Christmas turkey for like 10 years. It's always just a bunch of Romanian food for some reason.",The,5.17,98.28,3.45,0.0,100.0,1.72,98.28,0.0,0.0
Whisper tiny,British,29,YEAH NO IT'S GREAT IT STARTED LIKE MAYBE LIKE FIVE OR SIX YEARS AGO MY SISTER WAS LIKE ''OH LET'S WATCH DIE HARD'' AND THEN I SAID I'D NEVER WATCHED IT EVERYONE GOES OH <OVERLAP> SO WE WATCHED DIE HARD AND YEAH IT'S IT'S THE BEST TRADITION BUT I THINK MY FAVORITE,"Yeah, no, it's great. So I did like maybe like five or six years ago. My sister was like, Oh, that's which time hard. And then I said, I never watched it never. I'm good. Oh, oh, oh, oh, oh, oh, oh, oh, oh, oh, oh, oh, oh, oh, oh, oh, oh, oh, oh, oh, oh, oh, oh, oh, oh, oh, oh, oh, oh, oh, oh, oh, oh, oh, oh, oh, oh, oh, oh, oh, oh, oh, oh, oh, oh, oh, oh, oh, oh, oh, oh, oh, oh, oh, oh, oh, oh, oh, oh, oh, oh, oh, oh, oh, oh, oh, oh, oh, oh, oh, oh, oh, oh, oh, oh, oh, oh, oh, oh, oh, oh, oh, oh, oh, oh, oh, oh, oh, oh, oh, oh, oh, oh, oh, oh, oh, oh, oh, oh, oh, oh, oh, oh, oh, oh, oh, oh, oh, oh, oh, oh, oh, oh, oh, oh, oh, oh, oh, oh, oh, oh, oh, oh, oh, oh, oh, oh, oh, oh, oh, oh, oh, oh, oh, oh, oh, oh, oh, oh, oh, oh, oh, oh, oh, oh, oh, oh, oh, oh, oh, oh, oh, oh, oh, oh, oh, oh, oh, oh, oh, oh, oh, oh, oh, oh, oh, oh, oh, oh, oh, oh, oh, oh, oh, oh, oh, oh, oh, oh, oh, oh, oh, oh, oh, oh, oh, oh, oh, oh, oh, oh, oh, oh, oh, oh, oh, oh, oh,",The,398.08,98.08,50.0,0.0,100.0,0.0,98.08,348.08,0.0
Whisper tiny,British,30,I THINK IT'S QUITE AN AMERICAN THING,I think it's quite an American thing.,The English,0.0,100.0,0.0,28.57,0.0,0.0,71.43,0.0,0.0
Whisper tiny,British,31,IT'S LIKE YOU WATCH HOME ALONE OR THE THE SCROOGE MCDUCK ONE OR WHATEVER THAT'S CALLED OR DIE HARD BUT I REMEMBER A FEW YEARS AGO THERE WAS ONE TIME WHERE WE WATCHED DIE HARD ONE AND EVERYONE KINDA LIKE FELL ASLEEP FROM A FOOD COMA AND THEN MY DAD WAS LIKE OKAY HE JUST PUT ON DIE HARD TWO SO WE WATCHED DIE HARD ONE AT LIKE FOUR O'CLOCK AND THEN ABOUT TWENTY MINUTES INTO DIE HARD TWO I JUST PASSED OUT AND FELL ASLEEP ON THE COUCH AND THIS <OVERLAP> SIX THIRTY I WAKE UP AROUND MIDNIGHT AND I'M LIKE WHAT'S GOING ON AND MY DAD IS LIKE SEVENTY PERCENT OF THE WAY THROUGH DIE HARD FOUR HE JUST WATCHED LIKE ALL FOUR OF THEM BACK TO BACK <LAUGH> <DTMF> EVERYBODY ELSE IS ASLEEP HE WAS JUST THERE LIKE OH WELL TIME FOR DIE HARD THREE OH WELL TIME FOR DIE HARD FOUR,"It's like you watch home alone or the the Scrooge Mac.quen whatever that's cool or they had. But I remember a few years ago it was one time where we watched I had one and everyone kind of like fell asleep from a food coma and then my dad was like okay, he just put on die hard to. So he watched I had one and like four o'clock and then about 20 minutes did I have to. I just passed out and fell asleep when the couch and this is a bit of a bit of a bit of a bit of a 630. I wake up around midnight",It's a French translation.,53.55,98.71,23.23,1.29,94.44,29.68,97.42,0.65,0.0
Whisper tiny,British,32,YEAH I DUNNO THAT WAS THAT WAS A GREAT CHRISTMAS I THINK THAT WAS THAT WAS LIKE THE FIRST CORONA CHRISTMAS HE JUST FULLY LOST IT,"Yeah, I don't know. That was a great Christmas. I think that was like the first Corona Christmas he just fully lost a",I think that was the first,23.08,76.92,11.54,0.0,100.0,11.54,76.92,0.0,0.0
Whisper tiny,British,33,ALMOST ALMOST CERTAINLY WENT A TAD INSANE,my soul was certainly when the Tadden said.,The English translation is a French translation is a French translation is a French translation is a French translation is a French translation is a French translation is a French translation is a French translation is a French translation is a French translation is a French translation is a French translation is a French translation is a French translation is a French translation is a French translation is a French translation is a French translation is a French translation is a French translation is a French translation is a French translation is a French translation is a French translation is a French translation is a French translation is a French translation is a French translation is a French translation is a French translation is a French translation is a French translation is a French translation is a French translation is a French translation is a French translation is a French translation is a French translation is a French translation is a French translation is a French translation is a French translation is a French translation is a French translation is a French translation is a French translation is a French translation is a French translation is a French translation is a French translation is a French translation is a French translation is a French translation is a French translation is a French translation is a French translation is a French translation is a French translation is a French translation is a French translation is a French translation is a French translation is a French translation is a French translation is a French translation is a French translation is a French translation is a French translation is a French translation is a French translation is a French translation is a French translation is a French translation is a French translation is a French translation is a French translation is a French translation is a French translation is a French translation is a French translation is a French translation is a French translation is a French translation is a French translation is a French translation is a French translation is a French translation is a French translation is a French translation is a French translation is a French translation is a French translation is a French translation is a French translation is a French translation is a French translation is a French translation is a French translation is a French translation is a French translation is a French translation is a French translation is a French translation is a French translation is a French translation is a French translation is a,100.0,6114.29,85.71,85.71,0.0,0.0,0.0,14.29,6028.57
Whisper tiny,British,34,YEAH YOU CAN ACTUALLY WATCH BRUCE WILLIS GET LIKE MORE AND MORE BOLD AS THE FILMS GO THROUGH IT'S QUITE FUN,"Yeah, you can actually watch Bruce with us get like more and more bold as the films get through it quite fun.",You can actually watch Bruce with a French accent.,19.05,76.19,14.29,19.05,-33.33,0.0,57.14,4.76,0.0
Whisper tiny,British,35,OH I JUST SAW SOMEONE OUTSIDE WITH THE NEW HAVE YOU SEEN THE NEW LIKE AIRPOD HEADPHONES,"I just saw so when I was silent and you, have you seen the new like airport headphones?",The,52.94,94.12,35.29,0.0,100.0,5.88,94.12,11.76,0.0
Whisper tiny,British,36,YOU SHOULD LOOK THEM UP AFTER THIS BUT THEY'RE REALLY GUCCI THEY'RE LIKE THEY THEY HAVE THAT LIKE OLD LIKE EIGHTIES FANCY HEADPHONE LIKE HI FI DESIGN BUT THEY THEY'RE LIKE SIX HUNDRED QUID AS WELL BUT APPARENTLY THEY'RE REALLY GOOD BUT ALSO YOU LOOK LIKE A COMPLETE TOOL WEARING THEM,"You should look them off to this, but they're really spooky. They have to old like 80's fancy headphone, like high-fi design. They're like 600 quid as well, but apparently they're really good. Also, you know, like a complete tool wearing them.",They're like a,33.33,94.12,15.69,0.0,100.0,17.65,94.12,0.0,0.0
Whisper tiny,British,37,PEOPLE PEOPLE WHEN THEY FIRST CAME OUT PEOPLE MOCKED THEM SO HARD AND NOW THEY'RE JUST EVERYWHERE,people when they first came out people mocked them so hard and now they're just one of them,The,23.53,100.0,5.88,5.88,0.0,5.88,94.12,11.76,0.0
Whisper tiny,British,38,TO BE FAIR I REMEMBER WHEN I FIRST GOT AIRPODS IT'S LIKE CAUSE I TRIED TO LIKE LIKE BACK THEN BEATS HAD SOME LIKE WIRELESS EARBUDS AND STUFF AND THEY'VE PROBABLY GOTTEN A LOT BETTER NOW BUT THEY'RE LIKE SONY ONES BACK IN TWENTY SIXTEEN OR WHATEVER THEY WERE COMPLETE SHIT THEY WERE FALLING OUT OF YOUR EARS,"I remember when I first got my report, it's like, because I tried to like, back then beat Ted some like why I had this evidence and stuff and they probably got in a lot better now, but the like Sony ones back in 2016 or whatever, they were complete shit. They were falling out of the way.",The,37.93,100.0,20.69,1.72,91.67,8.62,98.28,8.62,0.0
Whisper tiny,British,39,AND YOU GET AIRPODS AND IT'S JUST LIKE BOOP CONNECTED TO MY PHONE EASY PEASY,"So how do I do it? Let's just like, boot, connect to my phone. Easy peasy.",The,60.0,100.0,53.33,6.67,87.5,0.0,93.33,6.67,0.0
Whisper tiny,British,40,YEAH I NEVER I NEVER WORKED OUT WHY THAT DIDN'T ACTUALLY BECOME A BIG THING REMEMBER SMOSH MADE A VIDEO WHERE THEY LIKE ROASTED,"Yeah, I never worked out why that didn't actually kind of be thing. I remember a smosh made a video where they like","I don't know what I mean,",33.33,95.83,12.5,20.83,-66.67,12.5,75.0,8.33,0.0
Whisper tiny,British,41,THE HELL OUT OF IT BUT THEN THEY NEVER ACTUALLY LIKE MADE THEM,hell out of it. They never actually made them.,The English translation is a,30.77,92.31,0.0,30.77,0.0,30.77,61.54,0.0,0.0
Whisper tiny,British,42,I'M ALSO ALMOST CERTAIN THAT LIKE EVERY SINGLE PERSON OR THE LIKE LAB RATS THEY HAD DOING THEM GOT SOME KIND OF LIKE RETINAL CANCER OR SOMETHING,I'm also almost certain that every single person or the lab ruts they had doing and I've got some kind of like rental cancer or something.,It's a,22.22,100.0,11.11,7.41,33.33,7.41,92.59,3.7,0.0
Whisper tiny,British,43,GOOGLE GOOGLE THEY UH THEY LIKE THEIR VISION WAS JUST RUINED AND GOOGLE PROBABLY HUSHED THEM,They like their vision was just ruined and Google probably hush them.,The English translation is a,31.25,100.0,6.25,31.25,-400.0,25.0,68.75,0.0,0.0
Whisper tiny,British,44,YEAH THEY DID LOOK PRETTY DUMB,and they did look pretty dumb.,They did look pretty dumb.,16.67,16.67,16.67,0.0,100.0,0.0,16.67,0.0,0.0
Whisper tiny,British,45,UM SEE WHAT ELSE WE HAVE IN THE OLD PROMPT SECTION,So we have in the old prompt section.,The French translation is a French translation is a French translation is a French translation is a French translation is a French translation is a French translation is a French translation is a French translation is a French translation is a French translation is a French translation is a French translation is a French translation is a French translation is a French translation is a French translation is a French translation is a French translation is a French translation is a French translation is a French translation is a French translation is a French translation is a French translation is a French translation is a French translation is a French translation is a French translation is a French translation is a French translation is a French translation is a French translation is a French translation is a French translation is a French translation is a French translation is a French translation is a French translation is a French translation is a French translation is a French translation is a French translation is a French translation is a French translation is a French translation is a French translation is a French translation is a French translation is a French translation is a French translation is a French translation is a French translation is a French translation is a French translation is a French translation is a French translation is a French translation is a French translation is a French translation is a French translation is a French translation is a French translation is a French translation is a French translation is a French translation is a French translation is a French translation is a French translation is a French translation is a French translation is a French translation is a French translation is a French translation is a French translation is a French translation is a French translation is a French translation is a French translation is a French translation is a French translation is a French translation is a French translation is a French translation is a French translation is a French translation is a French translation is a French translation is a French translation is a French translation is a French translation is a French translation is a French translation is a French translation is a French translation is a French translation is a French translation is a French translation is a French translation is a French translation is a French translation is a French translation is a French translation is a French translation is a French translation is a French translation is a French translation is a,36.36,3900.0,9.09,100.0,-1000.0,27.27,0.0,0.0,3800.0
Whisper tiny,British,46,DID YOU HAVE A FAVORITE BOOK OR FILM OR TV SHOW OR CARTOON AS A CHILD WHAT WAS IT ABOUT,Did you have a favorite book or film or TV show or cartoon as a child? What was it about?,Did you have a favorite book or film or TV show or cartoon or cartoon as a child? What was it about?,0.0,10.0,0.0,0.0,0.0,0.0,0.0,0.0,10.0
Whisper tiny,British,47,ADVENTURE TIME I READ THIS BOOK WHEN I WAS A KID CALLED UM DO YOU EVER READ THIS JAY THE PHANTOM TOLL BOOTH,I read this book when I was a kid called Jivari this James the Phantom Talbooth,I read this book when I was a kid called the French,43.48,52.17,13.04,4.35,66.67,30.43,47.83,0.0,0.0
Whisper tiny,British,48,IT'S VERY CLASSIC LIKE EIGHT YEAR OLD BOY BOOK BUT IT'S SUPER FUCKING JARRING BECAUSE IT'S BASICALLY LIKE THIS KID THAT GOES INTO LIKE AN ALTERNATE DIMENSION WHERE MATHS THERE'S LIKE A BUNCH OF WEIRD SUPERHEROES THAT ALL HAVE LIKE MATH POWER HE'S LIKE A MATH WIZARD AND STUFF,"It's very classic like a year old boy book. It's super fucking jarring because it's basically this kid that goes into like an open dimension where maths is like a bunch of weird superheroes that will have like math power, like a math wizard and stuff.",It's a very classic like a,14.29,91.84,8.16,0.0,100.0,6.12,89.8,0.0,2.04
Whisper tiny,British,49,AND THERE WAS THIS ONE KID WHO WOULD JUST GO AROUND LIKE FLOATING IN MID AIR,And there was this one kid who would just go around floating in mid-air.,The,18.75,100.0,6.25,6.25,0.0,12.5,93.75,0.0,0.0
Whisper tiny,British,50,AND THE MAIN CHARACTER SEES HIM AND HE GOES WHY ARE YOU FLOATING IN MID AIR AND THEN HE SAYS UM YOU KNOW HOW WHEN YOU GROW UP AS YOU GET TALLER YOUR LIKE VANTAGE POINT IS CONSTANTLY CHANGING THROUGHOUT THE YEARS 'CAUSE YOU'RE GETTING TALLER AND TALLER AND HE SAYS HE COMES FROM A SPECIES WHERE EVERYONE STARTS WITH THEIR HEAD WHERE <DTMF> UP AND YOUR LEGS JUST GO DOWN <LAUGH> AND EVENTUALLY YOU TOUCH THE GROUND LIKE IT'S LIKE OH THAT MAKES WAY MORE SENSE BECAUSE NOW I ALWAYS LOOK AT THINGS THE SAME WAY I THOUGHT THAT WAS SUCH A WEIRD IDEA,"And the main character season, and he goes, why are you floating in mid-air? And he says, you know, how when you grow up, as you get taller, you're like vantage point. It's constantly changing, frankly, it's because you're getting taller and taller. And he says he comes from a species where everyone starts with their head, where their head is up, and your legs just go down. And eventually he touched the ground. And he goes, that makes way worse than it's because now I always look at things the same way.",The same name is a French accent.,31.43,97.14,14.29,3.81,73.33,14.29,93.33,2.86,0.0
Whisper tiny,British,51,AS A KID I DON'T KNOW IT'S QUITE TOUGH I FEEL LIKE I PROBABLY DID WATCH LOADS OF MOVIES AS A KID BUT A LOT OF THEM WERE LIKE DUMB LIKE DISNEY FILMS AND STUFF,As a kid. I don't know. That's quite tough. I feel like I probably did watch Led Zehmer. He was a kid. A lot of them were just like dumb like Disney films and stuff.,It's a,20.0,94.29,14.29,0.0,100.0,2.86,94.29,2.86,0.0
Whisper tiny,British,52,YOU KNOW I'M NOT GON I USED TO LOVE UM YOU KNOW THE THE JIM CARREY MOVIE THE MASK,I used to love the Jim Carimi with a mask.,The,63.16,94.74,15.79,0.0,100.0,47.37,94.74,0.0,0.0
Whisper tiny,British,53,THE SCENE WHERE HE STARTS DANCING AND DOES LIKE THE LITTLE CONGA ROUTINE IT'S JUST,The seedway he starts dancing and does the little congregate.,The,46.67,93.33,13.33,0.0,100.0,33.33,93.33,0.0,0.0
Whisper tiny,British,54,YEAH IT'S GREAT AND HE HAS SO MANY GOOFY UH NOISES AND MOVEMENTS AND STUFF WITH HAMMERS AND HIS EXPLOSIONS,And he has so many goofy noises and moments and stuff. Where is Hammer's and his explosions?,The,35.0,100.0,10.0,5.0,50.0,20.0,95.0,5.0,0.0
Whisper tiny,British,55,I CAN'T BELIEVE THAT MUSICAL IS STILL RUNNING WICKED,I can't believe that musical is still running wicked.,I can't believe that musical is still running wicked.,0.0,0.0,0.0,0.0,0.0,0.0,0.0,0.0,0.0
Whisper tiny,British,56,I LIKE I REMEMBER BEING A KID WALKING AROUND LONDON AND YOU SEE THE ADS FOR THAT THERE'S THAT AND THE LION KING WHO IS LIKE HOW CAN THERE STILL BE DEMAND HOW HAS EVERYONE NOT WATCHED THEM ALREADY,"I remember being a kid working here on London when you see the ads for that. Is that an alignment kid? Who is like, how can there still be demand? How is everyone not watch them already?",The,33.33,97.44,23.08,0.0,100.0,7.69,97.44,2.56,0.0
Whisper tiny,British,57,YEAH I GUESS SO THEY'RE LIKE <OVERLAP>,"Yeah, I guess so.",The,42.86,100.0,0.0,14.29,0.0,42.86,85.71,0.0,0.0
Whisper tiny,British,58,I WENT TO SEE I WENT TO SEE UH A PERFORMANCE OF MAMA MIA IN GREECE AND IT WAS JUST LIKE THE GAYEST THING I'VE EVER SEEN THEY WENT SUPER CAMP WITH IT IT WAS HILARIOUS BECAUSE YOU HAD THIS LIKE,"I went to see a performance of Mamma Mia in Greece, and it was just like the gayest thing I've ever seen. They went super camp with it with hilarious because you had this like",The,19.51,97.56,4.88,0.0,100.0,14.63,97.56,0.0,0.0
Whisper tiny,British,59,TINY BLONDE GREEK GIRL AND THERE WERE LIKE FORTY DUDES BECAUSE YOU KNOW HOW LIKE EACH OF THE THREE DUDES THAT THINKS IT'S HER DAD IT'S LIKE SLIGHTLY DIFFERENT,tiny blonde Greek girl and they were like 40 dudes because you know how like each of the three dudes that thinks it's her dad it's like slightly different,The,6.9,96.55,6.9,0.0,100.0,0.0,96.55,0.0,0.0
Whisper tiny,British,60,I MIGHT BE COMPLETELY MISREMEMBERING MAMA MIA BUT THAT'S WHAT HAPPENED IN THE PLAY ANYWAY,"I might be giving this member over here, but that's what I think played anyway.",The,60.0,93.33,46.67,0.0,100.0,6.67,93.33,6.67,0.0
Whisper tiny,British,61,IT WAS SUPER FUNNY BECAUSE IT WAS JUST LIKE IN THIS PLAY IT WAS BASICALLY THREE GAY DUDES ALL DRESSED IN LIKE SEQUINS WITH ONE WAS LIKE FULLY PURPLE ONE WAS FULLY,It was super funny because it was just a good play. It was basically three gay dudes all dressed in like sequins with one of those like fully purple. One was fully,It's a,15.62,100.0,9.38,6.25,33.33,3.12,93.75,3.12,0.0
Whisper tiny,British,62,AND THEY WOULD JUST DO ALL THESE DANCES ON STAGE IT WAS HILARIOUS,Do all these dogs as a stage in which there is.,The English translation is a French translation is a French translation is a French translation is a French translation is a French translation is a French translation is a French translation is a French translation is a French translation is a French translation is a French translation is a French translation is a French translation is a French translation is a French translation is a French translation is a French translation is a French translation is a French translation is a French translation is a French translation is a French translation is a French translation is a French translation is a French translation is a French translation is a French translation is a French translation is a French translation is a French translation is a French translation is a French translation is a French translation is a French translation is a French translation is a French translation is a French translation is a French translation is a French translation is a French translation is a French translation is a French translation is a French translation is a French translation is a French translation is a French translation is a French translation is a French translation is a French translation is a French translation is a French translation is a French translation is a French translation is a French translation is a French translation is a French translation is a French translation is a French translation is a French translation is a French translation is a French translation is a French translation is a French translation is a French translation is a French translation is a French translation is a French translation is a French translation is a French translation is a French translation is a French translation is a French translation is a French translation is a French translation is a French translation is a French translation is a French translation is a French translation is a French translation is a French translation is a French translation is a French translation is a French translation is a French translation is a French translation is a French translation is a French translation is a French translation is a French translation is a French translation is a French translation is a French translation is a French translation is a French translation is a French translation is a French translation is a French translation is a French translation is a French translation is a French translation is a French translation is a French translation is a French translation is a French translation is a French translation is a French translation is a,84.62,3300.0,38.46,100.0,-160.0,30.77,0.0,15.38,3200.0
Whisper tiny,British,63,YEAH WELL BECAUSE A LOT OF IT WAS JUST THEY WERE JUST SINGING THE SONGS,Because a lot of them are just they were just singing the songs.,The English translation is a French translation is a French translation is a French translation is a French translation is a French translation is a French translation is a French translation is a French translation is a French translation is a French translation is a French translation is a French translation is a French translation is a French translation is a French translation is a French translation is a French translation is a French translation is a French translation is a French translation is a French translation is a French translation is a French translation is a French translation is a French translation is a French translation is a French translation is a French translation is a French translation is a French translation is a French translation is a French translation is a French translation is a French translation is a French translation is a French translation is a French translation is a French translation is a French translation is a French translation is a French translation is a French translation is a French translation is a French translation is a French translation is a French translation is a French translation is a French translation is a French translation is a French translation is a French translation is a French translation is a French translation is a French translation is a French translation is a French translation is a French translation is a French translation is a French translation is a French translation is a French translation is a French translation is a French translation is a French translation is a French translation is a French translation is a French translation is a French translation is a French translation is a French translation is a French translation is a French translation is a French translation is a French translation is a French translation is a French translation is a French translation is a French translation is a French translation is a French translation is a French translation is a French translation is a French translation is a French translation is a French translation is a French translation is a French translation is a French translation is a French translation is a French translation is a French translation is a French translation is a French translation is a French translation is a French translation is a French translation is a French translation is a French translation is a French translation is a French translation is a French translation is a French translation is a French translation is a French translation is a French translation is a French translation is a,26.67,2853.33,13.33,93.33,-600.0,13.33,0.0,0.0,2760.0
Whisper tiny,British,64,I THINK I THINK MOST OF THEM THEY ADAPTED TO GREEK BUT LIKE THE FAMOUS ONES THEY KEPT IN ENGLISH LIKE MAMA MIA THEY SANG IN ENGLISH AND UM WHAT'S THE ONE THEY SING WHEN THEY'RE IN THE OCEAN LIKE DON'T GO LIKE THAT LAY ALL YOUR LAY ALL YOUR LOVE ON ME I THINK THAT ONE THEY KEPT IN ENGLISH,"I think most of them they'd have to degree, but like the famous ones they kept in English. Not only are they saying in English and what's the one they're seeing when they're in the ocean? Like, don't go. Like that. Lay on your left, lay on your left, and they're saying that one they can only wish.",I think most of them are the English,37.7,88.52,29.51,1.64,94.44,6.56,86.89,1.64,0.0
Whisper tiny,British,65,FINDING NEMO THAT'S A WEIRD THAT'S A MOVIE I HAVEN'T WATCHED SINCE I WAS LIKE A LITTLE KID AND ALL I REMEMBER,finding me right. That's a weird movie. That's a movie I haven't watched since I was a little kid and all that right.,The,27.27,100.0,13.64,4.55,66.67,4.55,95.45,9.09,0.0
Whisper tiny,British,66,NO I'VE NEVER ACTUALLY SEEN THE SWEDISH VERSION OF FINDING NEMO,"No, I've never actually seen the Swedish version of finding it.",The English translation is a French translation is a French translation is a French translation is a French translation is a French translation is a French translation is a French translation is a French translation is a French translation is a French translation is a French translation is a French translation is a French translation is a French translation is a French translation is a French translation is a French translation is a French translation is a French translation is a French translation is a French translation is a French translation is a French translation is a French translation is a French translation is a French translation is a French translation is a French translation is a French translation is a French translation is a French translation is a French translation is a French translation is a French translation is a French translation is a French translation is a French translation is a French translation is a French translation is a French translation is a French translation is a French translation is a French translation is a French translation is a French translation is a French translation is a French translation is a French translation is a French translation is a French translation is a French translation is a French translation is a French translation is a French translation is a French translation is a French translation is a French translation is a French translation is a French translation is a French translation is a French translation is a French translation is a French translation is a French translation is a French translation is a French translation is a French translation is a French translation is a French translation is a French translation is a French translation is a French translation is a French translation is a French translation is a French translation is a French translation is a French translation is a French translation is a French translation is a French translation is a French translation is a French translation is a French translation is a French translation is a French translation is a French translation is a French translation is a French translation is a French translation is a French translation is a French translation is a French translation is a French translation is a French translation is a French translation is a French translation is a French translation is a French translation is a French translation is a French translation is a French translation is a French translation is a French translation is a French translation is a French translation is a French translation is a,9.09,3900.0,9.09,100.0,-1000.0,0.0,0.0,0.0,3800.0
Whisper tiny,British,67,IS THAT HOW YOU SAY THE END IN SWEDISH,It's not just how you say the end and sweetish.,It's a Korean accent.,55.56,100.0,44.44,44.44,0.0,0.0,55.56,11.11,0.0
Whisper tiny,British,68,AND WITH THAT THAT'S BEEN FIFTEEN MINUTES I THINK WE CAN CALL IT A DAY EXCELLENT CONVERSATION,"And with that, that's been 50 minutes I think we can call it a...",The,23.53,100.0,5.88,5.88,0.0,17.65,94.12,0.0,0.0
Whisper tiny,British,69,YEAH YEAH THAT WAS GOOD FUN ALL RIGHT COME BACK ROUND I'LL FINISH THE RECORDING NOW TOODLES,"Yeah, that was good fun. All right, come back around. Oh, finish the recording now.",The,23.53,94.12,11.76,0.0,100.0,11.76,94.12,0.0,0.0
Whisper tiny,British,70,OH MY GOODNESS WELL IT'S KIND OF DIFFICULT TO ANSWER BECAUSE UH WHAT WITH MY BROTHER'S DIET RESTRICTIONS THERE WAS A SIX MONTH PERIOD WHERE I HAD SPAGHETTI EVERY DAY FOR DINNER AND NOT BY CHOICE UM,"Oh my goodness. Well, it's kind of difficult to answer because what is my brother's dietary restrictions? Does the SIG front pair air well has to get to every day for dinner and not by choice?",It's kind of difficult to answer because what is my brother's,40.54,72.97,32.43,2.7,91.67,5.41,70.27,2.7,0.0
Whisper tiny,British,71,VERY TRAUMATIC DESPITE THIS ONE OF MY FAVORITE FOODS WAS STILL SPAGHETTI WITH TOMATO SAUCE AND CHEESE,"very traumatic, despite this one of my favorite foods was still spaghetti with tomatoes or some cheese.",The English translation is a,17.65,100.0,17.65,29.41,-66.67,0.0,70.59,0.0,0.0
Whisper tiny,British,72,WHICH SPEAKS TO THE PREVAILING NATURE OF PASTA UM APART FROM THAT IT'S KIND OF HARD TO REMEMBER I REALLY LIKED HUMMUS WHICH I FEEL LIKE IS QUITE SOPHISTICATED,"from vagaling nature and pasta. Apart from that, it's kind of hard to remember. I really liked Hummus, which I feel like is quite sophisticated.",It's a French,24.14,96.55,10.34,6.9,33.33,13.79,89.66,0.0,0.0
Whisper tiny,British,73,JUST LIKE ON ITS OWN AND STUFF ON BREAD AND THINGS THAT WAS VERY VERY NICE AND I LIKED UM I LIKED COLIN THE CATERPILLAR CAKE AS WELL BECAUSE IT HAD VERY,"That's why it's own stuff or bread and thing. That was very, very nice. And I liked, I like calling the Casper the cake as well.",I like calling the,46.88,93.75,21.88,6.25,71.43,21.88,87.5,3.12,0.0
Whisper tiny,British,74,IT HAD BITS THAT WERE LIKE A PURE PURE CHOCOLATE LIKE A CHOCOLATE BAR INSTEAD OF LIKE A CAKEY MIX,"They had bits that were like a pure chocolate, like a chocolate bar, and sort of like a cakey mix.",The English translation is a French translation is a French translation is a French translation is a French translation is a French translation is a French translation is a French translation is a French translation is a French translation is a French translation is a French translation is a French translation is a French translation is a French translation is a French translation is a French translation is a French translation is a French translation is a French translation is a French translation is a French translation is a French translation is a French translation is a French translation is a French translation is a French translation is a French translation is a French translation is a French translation is a French translation is a French translation is a French translation is a French translation is a French translation is a French translation is a French translation is a French translation is a French translation is a French translation is a French translation is a French translation is a French translation is a French translation is a French translation is a French translation is a French translation is a French translation is a French translation is a French translation is a French translation is a French translation is a French translation is a French translation is a French translation is a French translation is a French translation is a French translation is a French translation is a French translation is a French translation is a French translation is a French translation is a French translation is a French translation is a French translation is a French translation is a French translation is a French translation is a French translation is a French translation is a French translation is a French translation is a French translation is a French translation is a French translation is a French translation is a French translation is a French translation is a French translation is a French translation is a French translation is a French translation is a French translation is a French translation is a French translation is a French translation is a French translation is a French translation is a French translation is a French translation is a French translation is a French translation is a French translation is a French translation is a French translation is a French translation is a French translation is a French translation is a French translation is a French translation is a French translation is a French translation is a French translation is a French translation is a French translation is a French translation is a,20.0,2130.0,10.0,85.0,-750.0,5.0,0.0,5.0,2045.0
Whisper tiny,British,75,YEAH THE OTHER THE ONLY OTHER THING WAS FAIRY BREAD HAVE YOU HEARD OF IT,"Yeah, the only other thing was fairy bread. Have you had of it?",The English translation is a French translation is a French translation is a French translation is a French translation is a French translation is a French translation is a French translation is a French translation is a French translation is a French translation is a French translation is a French translation is a French translation is a French translation is a French translation is a French translation is a French translation is a French translation is a French translation is a French translation is a French translation is a French translation is a French translation is a French translation is a French translation is a French translation is a French translation is a French translation is a French translation is a French translation is a French translation is a French translation is a French translation is a French translation is a French translation is a French translation is a French translation is a French translation is a French translation is a French translation is a French translation is a French translation is a French translation is a French translation is a French translation is a French translation is a French translation is a French translation is a French translation is a French translation is a French translation is a French translation is a French translation is a French translation is a French translation is a French translation is a French translation is a French translation is a French translation is a French translation is a French translation is a French translation is a French translation is a French translation is a French translation is a French translation is a French translation is a French translation is a French translation is a French translation is a French translation is a French translation is a French translation is a French translation is a French translation is a French translation is a French translation is a French translation is a French translation is a French translation is a French translation is a French translation is a French translation is a French translation is a French translation is a French translation is a French translation is a French translation is a French translation is a French translation is a French translation is a French translation is a French translation is a French translation is a French translation is a French translation is a French translation is a French translation is a French translation is a French translation is a French translation is a French translation is a French translation is a French translation is a French translation is a French translation is a,20.0,2860.0,6.67,100.0,-1400.0,13.33,0.0,0.0,2760.0
Whisper tiny,British,76,OKAY SO IT'S SORT OF IT'S SORT OF OKAY DO NOT JUDGE ME IT IS AN AUSTRALIAN THING AND IT IS MADE FROM WHITE BREAD WITH A LAYER OF LIKE MARGARINE OR BUTTER AND THEN SPRINKLES ON TOP AND,"Okay, so it's just okay, do not judge me. It is an Australian thing and it's made from white bread with a layer of like margarine or butter and then sprinkles on top and",It's a French accent.,17.95,94.87,5.13,5.13,0.0,12.82,89.74,0.0,0.0
Whisper tiny,British,77,IT TASTES REALLY REALLY GOOD AND NORMALLY WHEN I TELL PEOPLE THAT THEY SAY IT'S DISGUSTING BUT I LOVED IT AS A KID,"It takes really, really good and normally when I tell people that they say disgusting, but I love this kid.",It is a very good,26.09,91.3,13.04,13.04,0.0,13.04,78.26,0.0,0.0
Whisper tiny,British,78,YOU CAN UNDERSTAND IT AND YOU NEED THE BUTTER TO STICK THE SPRINKLES LIKE THAT'S HOW IT WORKS,"You can understand it and you need the button to take the spring calls, let us have works.",You can understand it and you need the Buster to take the language to speak.,38.89,44.44,38.89,27.78,28.57,0.0,16.67,0.0,0.0
Whisper tiny,British,79,SURPRISING CONSIDERING HOW YOU'RE LIKE NOW <LAUGH>,I'm surprising considering how you're like now.,I'm not a French accent,28.57,100.0,0.0,71.43,0.0,14.29,28.57,14.29,0.0
Whisper tiny,British,80,DID YOU DID YOU EAT ANY LIKE WEIRD FOODS AS A KID,Do you do any like weird foods as a kid?,The French translation is a French translation is a French translation is a French translation is a French translation is a French translation is a French translation is a French translation is a French translation is a French translation is a French translation is a French translation is a French translation is a French translation is a French translation is a French translation is a French translation is a French translation is a French translation is a French translation is a French translation is a French translation is a French translation is a French translation is a French translation is a French translation is a French translation is a French translation is a French translation is a French translation is a French translation is a French translation is a French translation is a French translation is a French translation is a French translation is a French translation is a French translation is a French translation is a French translation is a French translation is a French translation is a French translation is a French translation is a French translation is a French translation is a French translation is a French translation is a French translation is a French translation is a French translation is a French translation is a French translation is a French translation is a French translation is a French translation is a French translation is a French translation is a French translation is a French translation is a French translation is a French translation is a French translation is a French translation is a French translation is a French translation is a French translation is a French translation is a French translation is a French translation is a French translation is a French translation is a French translation is a French translation is a French translation is a French translation is a French translation is a French translation is a French translation is a French translation is a French translation is a French translation is a French translation is a French translation is a French translation is a French translation is a French translation is a French translation is a French translation is a French translation is a French translation is a French translation is a French translation is a French translation is a French translation is a French translation is a French translation is a French translation is a French translation is a French translation is a French translation is a French translation is a French translation is a French translation is a French translation is a French translation is a French translation is a,33.33,3566.67,16.67,91.67,-450.0,16.67,0.0,0.0,3475.0
Whisper tiny,British,81,THAT YOU WOULDN'T EAT NOW THAT IS OR MAYBE YOU WOULD EAT IT NOW I DON'T KNOW,that you would need now guys. All the years you get now today.,The English translation is a,70.59,94.12,47.06,23.53,50.0,23.53,70.59,0.0,0.0
Whisper tiny,British,82,LIKE A DID YOU LIKE PICKLE IT OR IS IT PRESERVED,"Like, did you like take a look or is it preserved?",The French accent is a French accent is a French accent is a French accent.,36.36,118.18,18.18,81.82,-350.0,9.09,0.0,9.09,36.36
Whisper tiny,British,83,I MEAN GROWING UP WITH TWO BROTHERS I JUST LEARNED THAT YOU SHOULD EAT EVERYTHING PRESENTED TO YOU AND YOU SHOULD EAT WHATEVER THE OTHERS DON'T EAT AS WELL BECAUSE IF THAT WAS THE THING IF MY BROTHER'S DIDN'T FINISH A PLATE MY DAD AND I WOULD FINISH IT SO THERE WAS NO FOOD WASTE AND IF I PUT I THINK I'VE TOLD YOU IF IF ANYTHING GOES IN THE FRIDGE I JUST EXPECT IT TO BE GONE NEXT TIME,"I mean, growing up with two brothers, I just learned that you should eat everything presented to you and you should eat whatever the other story needs as well. Because if that was the thing, if my brothers would have been, if you played my dad and my work finished it, so there was no food waste and if I put, I think I've told you if anything goes in the fridge, I just expect it to be gone next time.","I mean, growing up with a British accent, growing up with a British accent, growing up with a British accent, growing up with a British accent, growing up with a British accent, growing up with a British accent, growing up with a British accent, growing up with a British accent, growing up with a British accent, growing up with a British accent, growing up with a British accent, growing up with a British accent, growing up with a British accent, growing up with a British accent, growing up with a British accent, growing up with a British accent, growing up with a British accent, growing up with a British accent, growing up with a British accent, growing up with a British accent, growing up with a British accent, growing up with a British accent, growing up with a British accent, growing up with a British accent, growing up with a British accent, growing up with a British accent, growing up with a British accent, growing up with a British accent, growing up with a British accent, growing up with a British accent, growing up with a British accent, growing up with a British accent, growing up with a British accent, growing up with a British accent, growing up with a British accent, growing up with a British accent, growing up with a British accent, growing up with a British accent, growing up with a British accent, growing up with a British accent, growing up with a British accent, growing up with a British accent, growing up with a British accent, growing up with a British accent, growing up with a British accent, growing up with a British accent, growing up with a British accent, growing up with a British accent, growing up with a British accent, growing up with a British accent, growing up with a British accent, growing up with a British accent, growing up with a British accent, growing up with a British accent, growing up with a British accent, growing up with a British accent, growing up with a British accent, growing up with a British accent, growing up with a British accent, growing up with a British accent, growing up with a British accent",16.25,452.5,12.5,92.5,-640.0,1.25,0.0,2.5,360.0
Whisper tiny,British,84,WE HAD LIKE ENOUGH FOOD IN THE HOUSE IT'S JUST THAT EVERYBODY WAS GRABBING AT IT SO I'VE ALWAYS DEVELOPED THE THE THING OF OLDER THE THAT IF YOU AS I'M OLDER THAT LIKE IF YOU HAVE EXTRA RICE IN THE PAN IT IS A CHALLENGE TO FINISH THE RICE <LAUGH> YOU'VE COMMITTED TO THE RICE YOU HAVE TO FINISH THE RICE SO I GUESS I SEE MEALS AS A BIT OF A CHALLENGE UM BUT ALSO JUST FOOD'S FANTASTIC I LOVE IT THERE ARE VERY FEW FOODS I I DIDN'T LIKE AS A KID AND THERE ARE VERY FEW FOODS I DON'T LIKE NOW LIKE AL ALMOST EVERYTHING I EAT NOW I ALSO ATE AS A KID I THINK THE EXCEPTIONS WILL BE COFFEE ALTHOUGH I DIDN'T REALLY HAVE THAT MUCH AS A KID BUT LIKE MORE OF A COFFEE FLAVOR,"We're here like enough food in the house. It's just that everybody was grabbing at it. So I've always developed the thing of older that if you have older that like if you have X-ray right in the pan, it is a challenge to finish the rice. You've committed to the rice. You have to finish the rice. So I guess I see meals a bit of a challenge. But also just food's fantastic. I love it. There are very few foods. I didn't like as a kid and there are very few foods that don't like now. Like almost everything I eat now, I also like to kid.",I think it's a French,28.87,97.89,5.63,1.41,75.0,23.24,96.48,0.0,0.0
Whisper tiny,British,85,AND I THINK LIKE BROWN BROWN SEEDY BREAD I DIDN'T I DIDN'T LIKE SEEDY BREAD AS A KID AT ALL I HATED THE TASTE OF SUNFLOWER SEEDS BECAUSE I ATE THEM TOO MUCH WE HAD SUNFLOWERS WE TOOK THE SEEDS AND THEN I JUST LIKE I JUST OVERDID IT UM BUT APART FROM THAT MOSTLY THE SAME THING I I DID EAT AS A KID I ATE A LOT OF KETCHUP ON TOAST WHEN I WAS AT A BABY SITTERS,"I think like brown brown CD brand. I didn't like CD brands. I killed a taller head of the taste of some flower seeds because I ate them too much. We had some flowers. We took the seed and then I just like I just over did it. But apart from that, most of the same thing. I did eat as a lot of ketchup on toast when I was at a baby's hitters.","I think like Brown, Brown, Cd, Brown, Cd, Brown, Cd, Brown, Cd, Brown, Cd, Brown, Cd, Brown, Cd, Brown, Cd, Brown, Cd, Brown, Cd, Brown, Cd, Brown, Cd, Brown, Cd, Brown, Cd, Brown, Cd, Brown, Cd, Brown, Cd, Brown, Cd, Brown, Cd, Brown, Cd, Brown, Cd, Brown, Cd, Brown, Cd, Brown, Cd, Brown, Cd, Brown, Cd, Brown, Cd, Brown, Cd, Brown, Cd, Brown, Cd, Brown, Cd, Brown, Cd, Brown, Cd, Brown, Cd, Brown, Cd, Brown, Cd, Brown, Cd, Brown, Cd, Brown, Cd, Brown, Cd, Brown, Cd, Brown, Cd, Brown, Cd, Brown, Cd, Brown, Cd, Brown, Cd, Brown, Cd, Brown, Cd, Brown, Cd, Brown, Cd, Brown, Cd, Brown, Cd, Brown, Cd, Brown, Cd, Brown, Cd, Brown, Cd, Brown, Cd, Brown, Cd, Brown, Cd, Brown, Cd, Brown, Cd, Brown, Cd, Brown, Cd, Brown, Cd, Brown, Cd, Brown, Cd, Brown Cd, Brown Cd, Brown Cd, Brown Cd, Brown Cd, Brown Cd, Brown Cd, Brown Cd, Brown Cd, Brown Cd, Brown Cd, Brown Cd, Brown Cd, Brown Cd, Brown Cd, Brown Cd, Brown Cd, Brown Cd, Brown Cd, Brown Cd, Brown Cd, Brown Cd, Brown Cd, Brown C",38.75,225.0,21.25,92.5,-335.29,12.5,1.25,5.0,131.25
Whisper tiny,British,86,AND I PROBABLY WOULDN'T EAT THAT NOW I'M NOT GONNA LIE TO YOU THINLY SPREAD SO IT WASN'T TOO UNHEALTHY BUT I I WOULDN'T I THINK I THINK I'D GIVE THAT ONE PASS BUT APART FROM THAT I DON'T THINK I'VE REALLY CHANGED I EAT MORE VEGETABLES NOW THAT'S THE ONLY THING BECAUSE I MY PARENTS BLESS THEM THEY THEY WERE VERY GOOD COOKS IN ANY WAYS BUT THEY WERE NOT GOOD AT JUST PREPARING PLAIN VEGETABLES,"Probably wouldn't need that now. I hope we'll like you thinly spread. It wasn't to unhealthy, but I think I'd give that one a pass. But apart from that, I don't think I've really changed. I eat well vegetables now. That's only thing. My parents' blessing that they were very good cooks in many ways, but they were not could they're just preparing plain restaurants.",I think it's a French,35.06,97.4,16.88,3.9,76.92,16.88,93.51,1.3,0.0
Whisper tiny,British,87,BECAUSE THEY WOULD DO THAT THE THING THE BRITISH THING OF BOILING THEM AND NOW I'M A BIT OLDER I KNOW TO STEAM THEM AND THEN LIKE VERY LIGHTLY SEASON THEM AND THEY TASTE MUCH BETTER,"because they would do the thing that the butter, the British thing are boiling them. And now a bit older, I know to steam them and then like very lightly season them and they taste much better.",The English translation is a,13.89,94.44,5.56,8.33,-50.0,2.78,86.11,5.56,0.0
Whisper tiny,British,88,YEAH <LAUGH> YOU LIVE AND YOU LEARN DON'T YOU,"Yeah. You live in your land, do you?",You live in the English translation.,55.56,77.78,44.44,44.44,0.0,11.11,33.33,0.0,0.0
Whisper tiny,British,89,I'VE HEARD HAT AS WELL THAT THEIR THEIR TASTE SYSTEMS ARE HEIGHTENED,I've heard that as well that the T-systems are heightened.,The,41.67,100.0,25.0,8.33,66.67,16.67,91.67,0.0,0.0
Whisper tiny,British,90,SO WHEN THEY PREFER BLAND FOOD THEY LITERALLY ARE ARE TASTING IN A DIFFERENT WAY TO YOU THAT THEY'RE NOT JUST UNINVENTIVE IT JUST IS STRONG FOR THEM,"So when they prefer bland food, they literally are totally in a different way to you, they're not just uninventive, it just is strong with them.",The English translation is a French translation is a French translation is a French translation is a French translation is a French translation is a French translation is a French translation is a French translation is a French translation is a French translation is a French translation is a French translation is a French translation is a French translation is a French translation is a French translation is a French translation is a French translation is a French translation is a French translation is a French translation is a French translation is a French translation is a French translation is a French translation is a French translation is a French translation is a French translation is a French translation is a French translation is a French translation is a French translation is a French translation is a French translation is a French translation is a French translation is a French translation is a French translation is a French translation is a French translation is a French translation is a French translation is a French translation is a French translation is a French translation is a French translation is a French translation is a French translation is a French translation is a French translation is a French translation is a French translation is a French translation is a French translation is a French translation is a French translation is a French translation is a French translation is a French translation is a French translation is a French translation is a French translation is a French translation is a French translation is a French translation is a French translation is a French translation is a French translation is a French translation is a French translation is a French translation is a French translation is a French translation is a French translation is a French translation is a French translation is a French translation is a French translation is a French translation is a French translation is a French translation is a French translation is a French translation is a French translation is a French translation is a French translation is a French translation is a French translation is a French translation is a French translation is a French translation is a French translation is a French translation is a French translation is a French translation is a French translation is a French translation is a French translation is a French translation is a French translation is a French translation is a French translation is a French translation is a French translation is a French translation is a French translation is a,14.29,1525.0,7.14,92.86,-1200.0,7.14,0.0,0.0,1432.14
Whisper tiny,British,91,I FEEL LIKE YOU YOU KNOW I I FEEL LIKE AS STUDENTS GO WE BOTH BETTER COOK FOR A LOT OF STUDENTS PARTICULARLY UH LIKE WHEN WE'RE IN THE FIRST THE LIKE FIRST SECOND THIRD YEARS I THINK WHEN YOU GET INTO THE LATER YEARS OF THE DEGREE PEOPLE GENERALLY HAVE LEARNED HOW TO COOK BY THEN,"I feel like, you know, I feel like as students go, we're both better cook for a lot of students, particularly like when we end the fact the like first second 30 years, I think when you get into the later years of a degree, people generally have learned how to cook by then.","I feel like if you know, I feel like if you know, I feel like, as students go, we both better cook for a lot of students, particularly when we end the fact that the like first second",15.79,61.4,10.53,7.02,33.33,5.26,43.86,0.0,10.53
Whisper tiny,British,92,BUT I I I STILL FEEL IT'S FRUSTRATING WHEN YOU KNOW THE IDEA OF STUDENT COOKING A LOT OF IT IS BECAUSE I JUST DON'T HAVE TIME TO PREPARE BIG MEALS 'CAUSE IT'S JUST ME I'M KIND OF OKAY TO COOK FOR JUST ME BUT IF I'M YOU KNOW AND I DON'T MIND IF IT'S IF IT'S LIKE SIMPLE FOOD OR REPETITIVE FOOD BUT IF I'M COOKING FOR SOMEBODY ELSE OR MY FAMILY I'M THEN A MUCH BETTER COOK THAN I NORMALLY AM SO IT'S NOT THAT I CAN'T COOK IT'S JUST THAT YOU KNOW YOU DON'T WANNA PUT IN ALL THAT EFFORT WHEN IT IS JUST FOR YOU YOURSELF,"But I feel finished with dressing when, you know, the idea of student cooking a lot of it's because I just don't have time to prepare big meals with it's just me. I'm kind of okay to cook for just me. But if I'm, you know, I don't mind if it's like simple food or a pasta to food, but if I'm cooking for somebody else or my family, I'm then a much better cook than I normally at. So it's all like, I'm cooking. It's just that, you know, you don't only cook in all that effort when it's just for you yourself.","I'm not a French accent, but I'm not a French accent, but I'm not a French accent, but I'm a French accent, but I'm a French accent, but I'm a French accent, but I'm a French accent, but I'm a French accent, but I'm a French accent, but I'm a French accent, but I'm a French accent, but I'm a French accent, but I'm a French accent, but I'm a French accent, but I'm a French accent, but I'm a French accent, but I'm a French accent, but I'm a French accent, but I'm a French accent, but I'm a French accent, but I'm a French accent, but I'm a French accent, but I'm a French accent, but I'm a French accent, but I'm a French accent, but I'm a French accent, but I'm a French accent, but I'm a French accent, but I'm a French accent, but I'm a French accent, but I'm a French accent, but I'm a French accent, but I'm a French accent, but I'm a French accent, but I'm a French accent, but I'm a French accent, but I'm a French accent, but I'm a French accent, but I'm a French accent, but I'm a French accent, but I'm a French accent, but I'm a French accent, but I'm a French accent, but I'm a French accent, but I'm a French accent, but I'm a French accent, but I'm a French accent, but I'm a French accent, but I'm a French accent, but I'm a French accent, but I'm a French accent, but I'm a French accent, but I'm a French accent, but I'm a French accent, but I'm a French accent, but I'm a French accent, but I'm a French accent, but I'm a French accent, but I'm a French accent, but I'm a French accent, but I'm a French accent,",22.73,270.91,13.64,91.82,-573.33,7.27,0.0,1.82,179.09
Whisper tiny,British,93,YOU KNOW THAT YOU'RE A GOOD YOU DON'T HAVE TO PROVE IT TO YOURSELF,You know that you're gonna have to prove yourself.,You know that you're going to be a French,42.86,64.29,7.14,28.57,-300.0,35.71,35.71,0.0,0.0
Whisper tiny,British,94,I I HATE REHEATING FOOD FROM THE FREEZER THOUGH IT TAKES FOREVER I JUST I HAVE IT IN THE FRIDGE BECAUSE LIKE I'M DEAD PARANOID ABOUT STUFF GOING OFF BUT I FIGURED THAT IF IT'S ONLY VEGETABLES IT CAN BE IN THE FRIDGE FOR THREE OR OR MAYBE LIKE THREE AND A HALF FOUR DAYS AND IT WILL BE OKAY LIKE IF IT'S VEGETABLE SOUP,"I hate removing the freedom of text forever. I have it in the fridge because I'm dead par and run about stuff going off. But I think if it's only vegetables, it can be in the fridge for three or maybe like three and a half or four days and it will be okay. Like in this vegetable soup.",I think it's a French,30.77,95.38,12.31,3.08,75.0,13.85,92.31,4.62,0.0
Whisper tiny,British,95,AND IT'S AN AIRTIGHT CONTAINER THAT'S ALL RIGHT AND THEN I CAN JUST I DON'T HAVE TO WORRY ABOUT I CAN JUST HEAT IT UP,"I mean, hey, no, that's all right. And then I can just, I don't have to worry about it. I can shake it up.","I don't know what I mean, I mean, I mean, I mean, I know, that's all right.",32.0,88.0,20.0,56.0,-180.0,8.0,32.0,4.0,0.0
Whisper tiny,British,96,YEAH THAT'S IT IT'S JUST SO HARD TO LIKE TRAVEL WITH IT BECAUSE THE LIBRARY DOESN'T DO YOU KNOW,"Yeah, that's it. It's just so hard to like travel with it because the library doesn't do. You know.",It's a French translation.,0.0,94.74,0.0,15.79,0.0,0.0,78.95,0.0,0.0
Whisper tiny,British,97,THEY HAVE MICROWAVES I SEE WHY THEY HAVE MICROWAVES BUT THEN THE STUDY ROOM IN THE ENGLISH BLOCK HAVE A MICROWAVE AND THAT'S VERY USEFUL BECAUSE YOU CAN JUST GO YOU KNOW HEAT THE WHOLE THING UP,"I see why they are like waves, but then the study of the English block have a microwave and that's very useful. You can just go, you know, peek a little thing up.",The English translation is a French translation is a French translation is a French translation is a French translation is a French translation is a French translation is a French translation is a French translation is a French translation is a French translation is a French translation is a French translation is a French translation is a French translation is a French translation is a French translation is a French translation is a French translation is a French translation is a French translation is a French translation is a French translation is a French translation is a French translation is a French translation is a French translation is a French translation is a French translation is a French translation is a French translation is a French translation is a French translation is a French translation is a French translation is a French translation is a French translation is a French translation is a French translation is a French translation is a French translation is a French translation is a French translation is a French translation is a French translation is a French translation is a French translation is a French translation is a French translation is a French translation is a French translation is a French translation is a French translation is a French translation is a French translation is a French translation is a French translation is a French translation is a French translation is a French translation is a French translation is a French translation is a French translation is a French translation is a French translation is a French translation is a French translation is a French translation is a French translation is a French translation is a French translation is a French translation is a French translation is a French translation is a French translation is a French translation is a French translation is a French translation is a French translation is a French translation is a French translation is a French translation is a French translation is a French translation is a French translation is a French translation is a French translation is a French translation is a French translation is a French translation is a French translation is a French translation is a French translation is a French translation is a French translation is a French translation is a French translation is a French translation is a French translation is a French translation is a French translation is a French translation is a French translation is a French translation is a French translation is a French translation is a French translation is a,32.43,1156.76,16.22,97.3,-500.0,13.51,0.0,2.7,1059.46
Whisper tiny,British,98,WELL I'M GONNA COOK FOR MY FAMILY WHEN I GET HOME AND IT'S IT'S USEFUL NOW THAT ONE OF MY BROTHERS HAS MOVED OUT UM BECAUSE HE'S A VEGAN SO I'LL HAVE TO THINK ABOUT THAT,One going to cook for my family when I get home and it's it's useful now that one of my brothers has moved out because he's a vegan so I have to take a look at that.,It's a French translation.,25.0,94.44,16.67,5.56,66.67,2.78,88.89,5.56,0.0
Whisper tiny,British,99,BUT THAT STILL LEAVES MY YOUNGEST BROTHER WHO ONLY EATS QUITE SPECIFIC THINGS AND THEN HE WON'T EAT FOOD THAT'S <DTMF> IN THE WRONG WAY AND THEN MY DAD EATS NORMALLY UM BUT HE DOESN'T LIKE SOUP AND MY MOM IS A PESCATARIAN BUT NONETHELESS I'M GOING TO BE <LAUGH> COOKING NOW SO I I GUESS I'M GOING TO BE THINKING CREATIVELY,"But that still leaves my youngest brother who only eats quite specific things. And then he won't eat food that's touching in the wrong way. And then my dad eats normally and he doesn't like soup. And my mum is a pescatarian. But nonetheless, I'm going to be so I guess I'm going to be thinking creatively.",But that's my English,12.9,95.16,4.84,1.61,66.67,8.06,93.55,0.0,0.0
Whisper tiny,British,100,AND I THINK I'LL LEARN NOT TO STRESS ABOUT IT SO MUCH BECAUSE I JUST PHYSICALLY CAN'T STRESS ABOUT IF THIS IS PERFECT OR NOT IF I'M COOKING AT THREE DAYS A WEEK MY RESPONSE LIKE WOULD BE WELL IF YOU IF YOU WOULD RATHER HAVE SOMETHING ELSE FOR DINNER YOU CAN MAKE IT YOURSELF THEN,"And I think I'll learn not to stress about it so much because I just physically can't stress about it is perfect or not if I'm cooking it three days a week. My response like would be well if you if you would rather have something else, but then you can make it is often.",And I think I learned not to stress about it so much because I just physically can't stress about it is perfect for not looking at three days a week.,12.5,55.36,10.71,8.93,16.67,1.79,46.43,0.0,0.0
Whisper base,Singaporean,1,One could sense the struggle going on within.,One could sense the struggle going on within.,One could sense the struggle going on within.,0.0,0.0,0.0,0.0,0.0,0.0,0.0,0.0,0.0
Whisper base,Singaporean,2,And a long time afterwards she brought her another supply.,And the long time afterwards she bought her another supply.,And the long time afterwards.,20.0,60.0,20.0,10.0,50.0,0.0,50.0,0.0,0.0
Whisper base,Singaporean,3,The project also would preserve greenspace throughout the city and create new parks.,The project also would preserve green space throughout the city and create new parks.,The project. The project. The project also would preserve green space throughout the city and create new parks.,15.38,46.15,7.69,7.69,0.0,0.0,0.0,7.69,38.46
Whisper base,Singaporean,4,"However, Pakistan needed to apply to join.","However, Pakistan needed to apply to join.","However, Pakistan.",0.0,71.43,0.0,0.0,0.0,0.0,71.43,0.0,0.0
Whisper base,Singaporean,5,One wounded man was killed by a shell while the corporal was carrying him.,One wounded man was killed by a shell while the corporal was carrying him.,"One wondered man was killed by a shell, what a corporal was carrying him.",0.0,21.43,0.0,21.43,0.0,0.0,0.0,0.0,0.0
Whisper base,Singaporean,6,"There is still the use of the horseshoe arch, at least decoratively.",There is still the use of the Horseshoe arc at least decoratively.,There is still the use of the use of the hosu arc at least decoratively.,8.33,41.67,8.33,16.67,-100.0,0.0,0.0,0.0,25.0
Whisper base,Singaporean,7,She mostly played the leading actor's love interest in all these films.,She mostly played a leading actress and loved interest in all his films.,She mostly played leading actors love interest in all his films.,41.67,16.67,33.33,8.33,75.0,0.0,8.33,8.33,0.0
Whisper base,Singaporean,8,"We know what a child can bring, no matter the circumstances.",We know what a child can bring no matter the circumstances.,We know what a child can bring a matter to suit upstance.,0.0,36.36,0.0,27.27,0.0,0.0,0.0,0.0,9.09
Whisper base,Singaporean,9,Baldwin himself designed the two storey wood frame house.,Paul himself designed a do-sorry wood frame house.,Bolognnd.,44.44,100.0,33.33,11.11,66.67,11.11,88.89,0.0,0.0
Whisper base,Singaporean,10,The family owned some farmland as well as a shop in the city.,The family owned some farmland as well as a shop in the city.,The family own some farmland as well as a shop in the city.,0.0,7.69,0.0,7.69,0.0,0.0,0.0,0.0,0.0
Whisper base,Singaporean,11,The existing dam is the second structure to be called the American Falls Dam.,The existing dam is the second structure to be called the American Falls Dam.,The existing down is the second structure to be called American false,0.0,28.57,0.0,14.29,0.0,0.0,14.29,0.0,0.0
Whisper base,Singaporean,12,The promontory on which Agropoli stands has been inhabited since Neolithic times.,The promontory on which agripolis stands has been inhabited since nearly thick times.,The,25.0,91.67,16.67,0.0,100.0,0.0,91.67,8.33,0.0
Whisper base,Singaporean,13,It is the home of the football team of Harvard.,It is the home of the football team of Harvard.,It is the home of the home of the home of the home of the home of the home of the home of the home of the home of the home of the home of the home of the home of the home of the home of the home of the home of the home of the home of the home of the home of the home of the home of the home of the home of the home of the home of the home of the home of the home of the home of the home of the home of the home of the home of the home of the home of the home of the home of the home of the home of the home of the home of the home of the home of the home of the home of the home of the home of the home of the home of the home of the home of the home of the home of the home of the home of the home of the home of the home of the home of the home of the home of the home of the home of the home of the home of the home of the home of the home of the home of the home of the home of the home of the home of the home of the home of the home of the home of the home of the home of the home of the home of the home of the home of the home of the home of the home of the home of the home of the home of the home of the home of the home of the home of the home of the home of the home of the home of the home of the home of the home of the home of the home of the home of the home of the home of the home of the home of the home of the home of the home of the home of the home of the home of the home of the home of the home of the home of the home of the home of the home of the home of the home of the home of the home of the home of the home of the home of the home of the home of the home of the home of the home of the home of the home of the home of the home of the home of the home of the home of the home of,0.0,4210.0,0.0,30.0,0.0,0.0,0.0,0.0,4180.0
Whisper base,Singaporean,14,Emily Jones is the director.,Emily Jones is the director.,And Lee Jones is a director.,0.0,60.0,0.0,40.0,0.0,0.0,0.0,0.0,20.0
Whisper base,Singaporean,15,Kurds and Zazas have for centuries lived in the same areas in Anatolia.,Courts and Zarthons have for centuries lived in the same areas in Anatolia.,And the same.,15.38,76.92,15.38,0.0,100.0,0.0,76.92,0.0,0.0
Whisper base,Singaporean,16,"In the film, a real frog is skinned alive while fish are mutilated.","In the film, the real frog is going to live what fish are mutilated.",In the film.,38.46,76.92,30.77,0.0,100.0,0.0,76.92,7.69,0.0
Whisper base,Singaporean,17,This rule is not always strictly observed in the New World.,This rule is not always strictly observed.,This rule is not always strictly observed.,36.36,36.36,0.0,0.0,0.0,36.36,36.36,0.0,0.0
Whisper base,Singaporean,18,There is also the Mansion Hotel and Conference Centre.,There is also the Mansion Hotel and Conference Center.,There is also the,11.11,55.56,11.11,0.0,100.0,0.0,55.56,0.0,0.0
Whisper base,Singaporean,19,"Their blended family includes daughters Alexis, Hailey, Addison and son, Jack.","Their blended family includes daughters, exes, heeley, Edison and son, Jack.","Where blended family include daughters, ex is he really",27.27,72.73,27.27,54.55,-100.0,0.0,18.18,0.0,0.0
Whisper base,Singaporean,20,"At around the same time, the Romans were finally the victors over Carthage.","And around the same time, the Romans can finally lead the victors of a cottage.",And around the room.,46.15,84.62,30.77,15.38,50.0,0.0,69.23,15.38,0.0
Whisper base,Singaporean,21,"Yashar Books, a smaller Jewish publisher, agreed to distribute them.","Yes, your books, Small and Jewish Publisher, agreed to distribute them.","Yes, yes, yes, yes, yes, yes, yes, yes, yes, yes, yes, yes, yes, yes, yes, yes, yes, yes, yes, yes, yes, yes, yes, yes, yes, yes, yes, yes, yes, yes, yes, yes, yes, yes, yes, yes, yes, yes, yes, yes, yes, yes, yes, yes, yes, yes, yes, yes, yes, yes, yes, yes, yes, yes, yes, yes, yes, yes, yes, yes, yes, yes, yes, yes, yes, yes, yes, yes, yes, yes, yes, yes, yes, yes, yes, yes, yes, yes, yes, yes, yes, yes, yes, yes, yes, yes, yes, yes, yes, yes, yes, yes, yes, yes, yes, yes, yes, yes, yes, yes, yes, yes, yes, yes, yes, yes, yes, yes, yes, yes, yes, yes, yes, yes, yes, yes, yes, yes, yes, yes, yes, yes, yes, yes, yes, yes, yes, yes, yes, yes, yes, yes, yes, yes, yes, yes, yes, yes, yes, yes, yes, yes, yes, yes, yes, yes, yes, yes, yes, yes, yes, yes, yes, yes, yes, yes, yes, yes, yes, yes, yes, yes, yes, yes, yes, yes, yes, yes, yes, yes, yes, yes, yes, yes, yes, yes, yes, yes, yes, yes, yes, yes, yes, yes, yes, yes, yes, yes, yes, yes, yes, yes, yes, yes, yes, yes, yes, yes, yes, yes, yes, yes, yes, yes, yes, yes, yes, yes, yes, yes, yes, yes, yes, yes,",40.0,2140.0,30.0,100.0,-233.33,0.0,0.0,10.0,2040.0
Whisper base,Singaporean,22,"""Sounds Funny"" is the show's theme.","Sounds funny, is the show's video.",is the show.,16.67,66.67,16.67,16.67,0.0,0.0,50.0,0.0,0.0
Whisper base,Singaporean,23,"Since that date any new ""development"" has required planning permission.",It's that date any new development as a quite planning permission.,That date any new development as a quiet planning permission.,40.0,40.0,30.0,20.0,33.33,0.0,10.0,10.0,10.0
Whisper base,Singaporean,24,These men became known as 'Vaughan's doves'.,"Please, men become known as Vaughan Stups.",Please.,57.14,100.0,57.14,14.29,75.0,0.0,85.71,0.0,0.0
Whisper base,Singaporean,25,"The name Brumstead is believed to derive from the ""place of broom"".",The name Drumstead is believed to derive from the place of Brug.,The name.,16.67,83.33,16.67,0.0,100.0,0.0,83.33,0.0,0.0
Whisper base,Singaporean,26,Crimes committed east of the Curzon line could not be prosecuted by Polish courts.,Cribs commuted east of the Curzon Line could not be prosecuted by Polish cops.,Perhaps.,21.43,100.0,21.43,7.14,66.67,0.0,92.86,0.0,0.0
Whisper base,Singaporean,27,Lacking professional routine his painting seem bitter and sounding.,"Black came professional routine, his painting seemed bitter and sounding.",Black. Black. Black. Black. Black. Black. Black. Black. Black. Black. Black. Black. Black. Black. Black. Black. Black. Black. Black. Black. Black. Black. Black. Black. Black. Black. Black. Black. Black. Black. Black. Black. Black. Black. Black. Black. Black. Black. Black. Black. Black. Black. Black. Black. Black. Black. Black. Black. Black. Black. Black. Black. Black. Black. Black. Black. Black. Black. Black. Black. Black. Black. Black. Black. Black. Black. Black. Black. Black. Black. Black. Black. Black. Black. Black. Black. Black. Black. Black. Black. Black. Black. Black. Black. Black. Black. Black. Black. Black. Black. Black. Black. Black. Black. Black. Black. Black. Black. Black. Black. Black. Black. Black. Black. Black. Black. Black. Black. Black. Black. Black. Black. Black. Black. Black. Black. Black. Black. Black. Black. Black. Black. Black. Black. Black. Black. Black. Black. Black. Black. Black. Black. Black. Black. Black. Black. Black. Black. Black. Black. Black. Black. Black. Black. Black. Black. Black. Black. Black. Black. Black. Black. Black. Black. Black. Black. Black. Black. Black. Black. Black. Black. Black. Black. Black. Black. Black. Black. Black. Black. Black. Black. Black. Black. Black. Black. Black. Black. Black. Black. Black. Black. Black. Black. Black. Black. Black. Black. Black. Black. Black. Black. Black. Black. Black. Black. Black. Black. Black. Black. Black. Black. Black. Black. Black. Black. Black. Black. Black. Black. Black. Black. Black. Black.,33.33,2377.78,22.22,100.0,-350.0,0.0,0.0,11.11,2277.78
Whisper base,Singaporean,28,His works had a strong influence on the next generation of Russian landscape painters.,His works had a strong influence on the next generation of Russian landscape painters.,His works had a strong influence on the next generation of Russian landscape painters.,0.0,0.0,0.0,0.0,0.0,0.0,0.0,0.0,0.0
Whisper base,Singaporean,29,"The commune is located on the east side of the department, southeast of Pau.","The commune is located on the east side of the department, southeast of Powell.",The commune,7.14,85.71,7.14,0.0,100.0,0.0,85.71,0.0,0.0
Whisper base,Singaporean,30,The mixed color fraction is the least valuable.,The mixed colour fraction is the least valuable.,The mixed.,12.5,75.0,12.5,0.0,100.0,0.0,75.0,0.0,0.0
Whisper base,Singaporean,31,Senator Lloyd Bentsen of Texas.,Senator Lloyd Benson of Texas.,Senator Lloyd Benson of Texas.,20.0,20.0,20.0,20.0,0.0,0.0,0.0,0.0,0.0
Whisper base,Singaporean,32,They were disciplined for their efforts.,They were disciplined for their efforts.,They were disciplined for their efforts.,0.0,0.0,0.0,0.0,0.0,0.0,0.0,0.0,0.0
Whisper base,Singaporean,33,This is a simple consequence of the Lagrange form of the remainder.,This is a simple consequence of the Lagrange form of the remainder.,This is a simple consequence of the large.,0.0,41.67,0.0,8.33,0.0,0.0,33.33,0.0,0.0
Whisper base,Singaporean,34,"Subscribers may register for specific messages at build time, initialization time or runtime.","Subscribers may register for specific messages at buildtime, initialization time or runtime.",The,15.38,100.0,7.69,7.69,0.0,7.69,92.31,0.0,0.0
Whisper base,Singaporean,35,Guizot expounded and carried out this doctrine with uncompromising rigour.,Guizot expounded and carried out this doctrine with uncompromising rigor.,Guizot.,10.0,90.0,10.0,0.0,100.0,0.0,90.0,0.0,0.0
Whisper base,Singaporean,36,"Karl Ohs was born in Malta, Montana, the son of a Swedish immigrant.","Karl Ols was born in Malta, Montana, the son of a Swedish immigrant.",The Sun of the Sun of the Sun of the Sun of Sun of Sun of Sun of Sun of Sun of Sun of Sun of Sun of Sun of Sun of Sun of Sun of Sun of Sun of Sun of Sun of Sun of Sun of Sun of Sun of Sun of Sun of Sun of Sun of Sun of Sun of Sun of Sun of Sun of Sun of Sun of Sun of Sun of Sun of Sun of Sun of Sun of Sun of Sun of Sun of Sun of Sun of Sun of Sun of Sun of Sun of Sun of Sun of Sun of Sun of Sun of Sun of Sun of Sun of Sun of Sun of Sun of Sun of Sun of Sun of Sun of Sun of Sun of Sun of Sun of Sun of Sun of Sun of Sun of Sun of Sun of Sun of Sun of Sun of Sun of Sun of Sun of Sun of Sun of Sun of Sun of Sun of Sun of Sun of Sun of Sun of Sun of Sun of Sun of Sun of Sun of Sun of Sun of Sun of Sun of Sun of Sun of Sun of Sun of Sun of Sun of Sun of Sun of Sun of Sun of Sun of Sun of Sun of Sun of Sun of Sun of Sun of Sun of Sun of Sun of Sun of Sun of Sun of Sun of Sun of Sun of Sun of Sun of Sun of Sun of Sun of Sun of Sun of Sun of Sun of Sun of Sun of Sun of Sun of Sun of Sun of Sun of Sun of Sun of Sun of Sun of Sun of Sun of Sun of Sun of Sun of Sun of Sun of Sun of Sun of Sun of Sun of Sun of Sun of Sun of Sun of Sun of Sun of Sun of Sun of Sun of Sun of Sun of Sun of Sun of Sun of Sun of Sun of Sun of Sun of Sun of Sun of Sun of Sun of Sun of Sun of Sun of Sun of Sun of Sun of Sun of Sun of Sun of Sun of Sun of Sun of Sun of Sun of Sun of Sun of Sun of Sun of Sun of Sun of Sun of Sun of Sun of Sun of Sun of Sun of Sun of Sun of Sun of Sun of Sun of Sun of Sun of Sun of,7.69,3276.92,7.69,84.62,-1000.0,0.0,0.0,0.0,3192.31
Whisper base,Singaporean,37,These produce more than two-thirds of all industrial output of the Novosibirsk region.,These produce more than two-thirds of all industrial output of the Nova Bisc region.,These produce more?,15.38,76.92,7.69,0.0,100.0,0.0,76.92,7.69,0.0
Whisper base,Singaporean,38,The large boulders of Joshua Tree National Park in southern California are quartz monzonite.,"The large borders of Joshua Tree National Park in Salvin, California are quartz monsoon.",The large.,21.43,85.71,21.43,0.0,100.0,0.0,85.71,0.0,0.0
Whisper base,Singaporean,39,Pango-processed text will appear similar under different operating systems.,Pangle process text will appear similar under different operating systems.,Pangle process text or pure similar under different operating systems.,22.22,44.44,11.11,33.33,-200.0,0.0,0.0,11.11,11.11
Whisper base,Singaporean,40,"Mortenson tagged the station ""The Light"".","Mottensen Tacked Diststation, the light.",Mottensen.,66.67,100.0,50.0,16.67,66.67,16.67,83.33,0.0,0.0
Whisper base,Singaporean,41,The American loss is uncertain.,The American loss is uncertain.,The American loss is uncertain.,0.0,0.0,0.0,0.0,0.0,0.0,0.0,0.0,0.0
Whisper base,Singaporean,42,"Eddy regularly performs in Austin, Texas with the Salvage Vanguard Theater.","Eddie regularly performs in Austin, Texas with the salvage Vanguard theater.",Eddie. Eddie. Eddie. Eddie. Eddie. Eddie. Eddie. Eddie. Eddie. Eddie. Eddie. Eddie. Eddie. Eddie. Eddie. Eddie. Eddie. Eddie. Eddie. Eddie. Eddie. Eddie. Eddie. Eddie. Eddie. Eddie. Eddie. Eddie. Eddie. Eddie. Eddie. Eddie. Eddie. Eddie. Eddie. Eddie. Eddie. Eddie. Eddie. Eddie. Eddie. Eddie. Eddie. Eddie. Eddie. Eddie. Eddie. Eddie. Eddie. Eddie. Eddie. Eddie. Eddie. Eddie. Eddie. Eddie. Eddie. Eddie. Eddie. Eddie. Eddie. Eddie. Eddie. Eddie. Eddie. Eddie. Eddie. Eddie. Eddie. Eddie. Eddie. Eddie. Eddie. Eddie. Eddie. Eddie. Eddie. Eddie. Eddie. Eddie. Eddie. Eddie. Eddie. Eddie. Eddie. Eddie. Eddie. Eddie. Eddie. Eddie. Eddie. Eddie. Eddie. Eddie. Eddie. Eddie. Eddie. Eddie. Eddie. Eddie. Eddie. Eddie. Eddie. Eddie. Eddie. Eddie. Eddie. Eddie. Eddie. Eddie. Eddie. Eddie. Eddie. Eddie. Eddie. Eddie. Eddie. Eddie. Eddie. Eddie. Eddie. Eddie. Eddie. Eddie. Eddie. Eddie. Eddie. Eddie. Eddie. Eddie. Eddie. Eddie. Eddie. Eddie. Eddie. Eddie. Eddie. Eddie. Eddie. Eddie. Eddie. Eddie. Eddie. Eddie. Eddie. Eddie. Eddie. Eddie. Eddie. Eddie. Eddie. Eddie. Eddie. Eddie. Eddie. Eddie. Eddie. Eddie. Eddie. Eddie. Eddie. Eddie. Eddie. Eddie. Eddie. Eddie. Eddie. Eddie. Eddie. Eddie. Eddie. Eddie. Eddie. Eddie. Eddie. Eddie. Eddie. Eddie. Eddie. Eddie. Eddie. Eddie. Eddie. Eddie. Eddie. Eddie. Eddie. Eddie. Eddie. Eddie. Eddie. Eddie. Eddie. Eddie. Eddie. Eddie. Eddie. Eddie. Eddie. Eddie. Eddie. Eddie. Eddie. Eddie. Eddie. Eddie. Eddie. Eddie. Eddie. Eddie. Eddie. Eddie. Eddie. Eddie.,9.09,1945.45,9.09,100.0,-1000.0,0.0,0.0,0.0,1845.45
Whisper base,Singaporean,43,I laid out a game plan for the next day.,I'll let out a game plan for the next day.,I laid out again.,20.0,70.0,20.0,10.0,50.0,0.0,60.0,0.0,0.0
Whisper base,Singaporean,44,Blanton's administration was noted for extensive recruiting of foreign industrial and trade opportunities.,Violetons Administration was noted for extensive recruiting of foreign industrial and trade opportunities.,By all,7.69,100.0,7.69,15.38,-100.0,0.0,84.62,0.0,0.0
Whisper base,Singaporean,45,"Aside from Bruni and Ambrogio Traversari, they included Guarino da Verona and Palla Strozzi.","Aside from Bruni and Embrogyo Traversary, they included Gerrino, Davaruna and Paola Strozi.",a side from B.,50.0,100.0,42.86,14.29,66.67,7.14,78.57,0.0,7.14
Whisper base,Singaporean,46,Privatisations have always been controversial in Ireland.,Provitizations have always been controversial in Ireland.,privatization?,14.29,100.0,14.29,14.29,0.0,0.0,85.71,0.0,0.0
Whisper base,Singaporean,47,Bock's description of oak apples is noted in the entomologists data base.,Box description of Oak Air Force is noted in the entomologist database.,Box description of a box description of a box. Box description of oak apples is noted in the entomologist database.,50.0,108.33,33.33,25.0,25.0,8.33,8.33,8.33,75.0
Whisper base,Singaporean,48,There are two Confederate dead interred in the cemetery.,There are two Confederate dead in third in the cemetery.,There are two Confederate dead in the cemetery.,22.22,11.11,11.11,0.0,100.0,0.0,11.11,11.11,0.0
Whisper base,Singaporean,49,"The programme caused a controversy for allegedly featuring distasteful, sexist, offending and humiliating content.",The program calls the controversy for allegedly featuring distasteful sexes to offending and humiliating content.,The programme calls the programme calls the programme calls the controversy for a,35.71,85.71,28.57,78.57,-175.0,0.0,7.14,7.14,0.0
Whisper base,Singaporean,50,"In style and manner of expression, he is thoroughly French.",The style and man of expression here is thoroughly French.,"and style and style and style and style and men of expression. he is, sorry,",30.0,100.0,30.0,30.0,0.0,0.0,10.0,0.0,60.0
Whisper base,Singaporean,51,"When that store opened, there were stores in New York, Chicago, Washington and Paris.","When that stall opened, we were stores in New York, Chicago, Washington and Paris.",When that store opened. When that store opened. When that store opened. When that store opened. When that store opened. When that store opened. When that store opened. When that store opened. When that store opened. When that store opened. When that store opened. When that store opened. When that store opened. When that store opened. When that store opened. When that store opened. When that store opened. When that store opened. When that store opened. When that store opened. When that store opened. When that store opened. When that store opened. When that store opened. When that store opened. When that store opened. When that store opened. When that store opened. When that store opened. When that store opened. When that store opened. When that store opened. When that store opened. When that store opened. When that store opened. When that store opened. When that store opened. When that store opened. When that store opened. When that store opened. When that store opened. When that store opened. When that store opened. When that store opened. When that store opened. When that store opened. When that store opened. When that store opened. When that store opened. When that store opened. When that store opened. When that store opened. When that store opened. When that store opened. When that store opened. When that store opened. When that store opened. When that store opened. When that store opened. When that store opened. When that store opened. When that store opened. When that store opened. When that store opened. When that store opened. When that store opened. When that store opened. When that store opened. When that store opened. When that store opened. When that store opened. When that store opened. When that store opened. When that store opened. When that store opened. When that store opened. When that store opened. When that store opened. When that store opened. When that store opened. When that store opened. When that store opened. When that store opened. When that store opened. When that store opened. When that store,14.29,2421.43,14.29,71.43,-400.0,0.0,0.0,0.0,2350.0
Whisper base,Singaporean,52,He also spent seasons performing with Prospect Theatre Company and the Royal National Theatre.,He also spent seasons performing with Prospect Theatre Company and the Broyal National Theatre.,He also spent seasons performing with a company and then brought you national,7.14,42.86,7.14,21.43,-200.0,0.0,14.29,0.0,7.14
Whisper base,Singaporean,53,This provided the first open architecture for a multi-server chassis.,This provided the first open architecture for a multi-server chassis.,This provided the first open architecture for a multi-sever-se.,0.0,20.0,0.0,10.0,0.0,0.0,10.0,0.0,0.0
Whisper base,Singaporean,54,The signal is 'buffered from' load currents.,The signal is buffered from load currents.,This is a,0.0,85.71,0.0,28.57,0.0,0.0,57.14,0.0,0.0
Whisper base,Singaporean,55,She has since gained control through training and maturity.,She has since gained control through training and maturity.,She has been speaking. She has been speaking. She has since gained control through training and maturity.,0.0,88.89,0.0,0.0,0.0,0.0,0.0,0.0,88.89
Whisper base,Singaporean,56,"The aircraft is operated by many private individuals, companies and flying clubs.","The aircraft is operated by many private individuals, companies and flying clubs. Wait, you know what?",The aircraft.,33.33,83.33,0.0,0.0,0.0,0.0,83.33,33.33,0.0
Whisper base,Singaporean,57,"Under international funding, the temple has undergone many changes, both structurally and internally.","Under International funding, the temple has undergone many changes both structurally and thoroughly.",Under international. Under international,7.69,84.62,7.69,15.38,-100.0,0.0,69.23,0.0,0.0
Whisper base,Singaporean,58,Normally such paper towels are two-ply.,"Normally, such paper towels are too fly.",Normally.,33.33,83.33,16.67,0.0,100.0,0.0,83.33,16.67,0.0
Whisper base,Singaporean,59,"As a two-box design, the body style includes an A, B and C-pillar.","As a toolbox design, the body style includes an A, B and C pillar.",As a B. B. B. B. B. B. B. B. B. B. B.,23.08,76.92,15.38,76.92,-400.0,0.0,0.0,7.69,0.0
Whisper base,Singaporean,60,Many deploy broad blocks of harmoniously arranged colour and are symbolic rather than narratival.,Many deploy broad blocks of harmoniously arranged colour in a symbolic rather than narrative.,Many deploy broad blog.,21.43,78.57,21.43,7.14,66.67,0.0,71.43,0.0,0.0
Whisper base,Singaporean,61,"He also provided the voicing for several characters in the videogame ""Discworld"".","He also provided the voice thing for several characters in the video game, Discworld.",He also provided.,33.33,75.0,16.67,0.0,100.0,0.0,75.0,16.67,0.0
Whisper base,Singaporean,62,This is also used at other points where lanes merge.,This is also used at other points where lanes merge.,This is also used that other points were Lane smudge.,0.0,40.0,0.0,40.0,0.0,0.0,0.0,0.0,0.0
Whisper base,Singaporean,63,The unincorporated community of Indian Heights is located in the town.,The unincooperated community of Indian Heights is located in this town.,The unincapitated.,18.18,90.91,18.18,9.09,50.0,0.0,81.82,0.0,0.0
Whisper base,Singaporean,64,"Parker attended Union Theological Seminary, and became an ordained Christian minister.",Parker attended Union Theological Seminary and became an ordained Christian minister.,Haga. Haga. Haga. Haga. Haga. Haga. Haga. Haga. Haga. Haga. Haga. Haga. Haga. Haga. Haga. Haga. Haga. Haga. Haga. Haga. Haga. Haga. Haga. Haga. Haga. Haga. Haga. Haga. Haga. Haga. Haga. Haga. Haga. Haga. Haga. Haga. Haga. Haga. Haga. Haga. Haga. Haga. Haga. Haga. Haga. Haga. Haga. Haga. Haga. Haga. Haga. Haga. Haga. Haga. Haga. Haga. Haga. Haga. Haga. Haga. Haga. Haga. Haga. Haga. Haga. Haga. Haga. Haga. Haga. Haga. Haga. Haga. Haga. Haga. Haga. Haga. Haga. Haga. Haga. Haga. Haga. Haga. Haga. Haga. Haga. Haga. Haga. Haga. Haga. Haga. Haga. Haga. Haga. Haga. Haga. Haga. Haga. Haga. Haga. Haga. Haga. Haga. Haga. Haga. Haga. Haga. Haga. Haga. Haga. Haga. Haga. Haga. Haga. Haga. Haga. Haga. Haga. Haga. Haga. Haga. Haga. Haga. Haga. Haga. Haga. Haga. Haga. Haga. Haga. Haga. Haga. Haga. Haga. Haga. Haga. Haga. Haga. Haga. Haga. Haga. Haga. Haga. Haga,0.0,1300.0,0.0,100.0,0.0,0.0,0.0,0.0,1200.0
Whisper base,Singaporean,65,He was married to the soprano Teresina Brambilla.,He was married to the soprano Tarasina Brambilla.,"He was married to the soprano,",12.5,25.0,12.5,0.0,100.0,0.0,25.0,0.0,0.0
Whisper base,Singaporean,66,"Initially benefits were paid weekly, in cash, at the Employment Exchange.","Initially, benefit to paid weekly in cash, and the employment exchange.",Init. Init. Init. Init. Init. Init. Init. Init. Init. Init. Init. Init. Init. Init. Init. Init. Init. Init. Init. Init. Init. Init. Init. Init. Init. Init. Init. Init. Init. Init. Init. Init. Init. Init. Init. Init. Init. Init. Init. Init. Init. Init. Init. Init. Init. Init. Init. Init. Init. Init. Init. Init. Init. Init. Init. Init. Init. Init. Init. Init. Init. Init. Init. Init. Init. Init. Init. Init. Init. Init. Init. Init. Init. Init. Init. Init. Init. Init. Init. Init. Init. Init. Init. Init. Init. Init. Init. Init. Init. Init. Init. Init. Init. Init. Init. Init. Init. Init. Init. Init. Init. Init. Init. Init. Init. Init. Init. Init. Init. Init. Init. Init. Init. Init. Init. Init. Init. Init. Init. Init. Init. Init. Init. Init. Init. Init. Init. Init. Init. Init. Init. Init. Init. Init. Init. Init. Init. Init. Init. Init. Init. Init. Init,27.27,1300.0,27.27,100.0,-266.67,0.0,0.0,0.0,1200.0
Whisper base,Singaporean,67,"As a result, the British attack was disordered and confused.","As a result, the British attack was disordered and confused.",As a,0.0,80.0,0.0,0.0,0.0,0.0,80.0,0.0,0.0
Whisper base,Singaporean,68,Brady also threw for two touchdowns and an interception.,"Radio, so true for two such downs and an interception.",The,55.56,100.0,44.44,11.11,75.0,0.0,88.89,11.11,0.0
Whisper base,Singaporean,69,His childhood was marred by difficult circumstances.,His childhood was mad by difficult circumstances.,His childhood was mad.,14.29,57.14,14.29,14.29,0.0,0.0,42.86,0.0,0.0
Whisper base,Singaporean,70,Regular textbooks are transcribed into Braille and distributed throughout the United States.,Regular text books are transcribed into the Grail and distributed throughout the United States.,The,33.33,91.67,16.67,0.0,100.0,0.0,91.67,16.67,0.0
Whisper base,Singaporean,71,Cancelled projects are in italics.,Cancel project signing eye tactics.,Canceled.,100.0,100.0,100.0,20.0,80.0,0.0,80.0,0.0,0.0
Whisper base,Singaporean,72,"This process is known as ""electron-hole pair generation"".",This process is known as Electron Hall Pair Generation.,This process is not as an,25.0,50.0,12.5,25.0,-100.0,0.0,25.0,12.5,0.0
Whisper base,Singaporean,73,Dedicoat also works as an after dinner speaker.,The record also works as an after-dinner speaker.,The record also works as an after the record also works as an after dinner speaker.,50.0,112.5,25.0,12.5,50.0,12.5,0.0,12.5,100.0
Whisper base,Singaporean,74,A significant exception is some forms of the domino logic family.,A significant exception is some forms of the domino logic family.,A significant.,0.0,81.82,0.0,0.0,0.0,0.0,81.82,0.0,0.0
Whisper base,Singaporean,75,This gave Opeth three weeks to rehearse and perfect the recording in the studio.,This gave Overf 3 weeks to rehearse and perfect the recording in this studio.,This gave over three weeks to rehearse and perfect the recording in the studio.,21.43,7.14,21.43,7.14,66.67,0.0,0.0,0.0,0.0
Whisper base,Singaporean,76,Duke Lukela in selected episodes.,"Duke Eukala, Intellected episodes",Duke. Duke. Duke. Duke. Duke. Duke. Duke. Duke. Duke. Duke. Duke. Duke. Duke. Duke. Duke. Duke. Duke. Duke. Duke. Duke. Duke. Duke. Duke. Duke. Duke. Duke. Duke. Duke. Duke. Duke. Duke. Duke. Duke. Duke. Duke. Duke. Duke. Duke. Duke. Duke. Duke. Duke. Duke. Duke. Duke. Duke. Duke. Duke. Duke. Duke. Duke. Duke. Duke. Duke. Duke. Duke. Duke. Duke. Duke. Duke. Duke. Duke. Duke. Duke. Duke. Duke. Duke. Duke. Duke. Duke. Duke. Duke. Duke. Duke. Duke. Duke. Duke. Duke. Duke. Duke. Duke. Duke. Duke. Duke. Duke. Duke. Duke. Duke. Duke. Duke. Duke. Duke. Duke. Duke. Duke. Duke. Duke. Duke. Duke. Duke. Duke. Duke. Duke. Duke. Duke. Duke. Duke. Duke. Duke. Duke. Duke. Duke. Duke. Duke. Duke. Duke. Duke. Duke. Duke. Duke. Duke. Duke. Duke. Duke. Duke. Duke. Duke. Duke. Duke. Duke. Duke. Duke. Duke. Duke. Duke. Duke. Duke. Duke. Duke. Duke. Duke. Duke. Duke. Duke. Duke. Duke. Duke. Duke. Duke. Duke. Duke. Duke. Duke. Duke. Duke. Duke. Duke. Duke. Duke. Duke. Duke. Duke. Duke. Duke. Duke. Duke. Duke. Duke. Duke. Duke. Duke. Duke. Duke. Duke. Duke. Duke. Duke. Duke. Duke. Duke. Duke. Duke. Duke. Duke. Duke. Duke. Duke. Duke. Duke. Duke. Duke. Duke. Duke. Duke. Duke. Duke. Duke. Duke. Duke. Duke. Duke. Duke. Duke. Duke. Duke. Duke. Duke. Duke. Duke. Duke. Duke. Duke. Duke. Duke.,60.0,4260.0,40.0,80.0,-100.0,20.0,0.0,0.0,4180.0
Whisper base,Singaporean,77,Criminal mischief is usually a misdemeanor.,Criminal mischief is usually a misdemeanor.,The,0.0,100.0,0.0,16.67,0.0,0.0,83.33,0.0,0.0
Whisper base,Singaporean,78,Munich Reinsurance America is a subsidiary of Munich Re.,Munich Re and show end to America is a subsidiary of Munich Re,And show.,55.56,100.0,11.11,22.22,-100.0,0.0,77.78,44.44,0.0
Whisper base,Singaporean,79,Trenches were dug across the surrounding area to prevent an airborne attack.,Trenches will dug across the surrounding area to prevent an airborne attack.,Transl. Transl. Transl. Transl. Transl. Transl. Transl. Trans. Trans. Trans. Trans. Trans. Trans. Trans. Trans. Trans. Trans. Trans. Trans. Trans. Trans. Trans. Trans. Trans. Trans. Trans. Trans. Trans. Trans. Trans. Trans. Trans. Trans. Trans. Trans. Trans. Trans. Trans. Trans. Trans. Trans. Trans. Trans. Trans. Trans. Trans. Trans. Trans. Trans. Trans. Trans. Trans. Trans. Trans. Trans. Trans. Trans. Trans. Trans. Trans. Trans. Trans. Trans. Trans. Trans. Trans. Trans. Trans. Trans. Trans. Trans. Trans. Trans. Trans. Trans. Trans. Trans. Trans. Trans. Trans. Trans. Trans. Trans. Trans. Trans. Trans. Trans. Trans. Trans. Trans. Trans. Trans. Trans. Trans. Trans. Trans. Trans. Trans. Trans. Trans. Trans. Trans. Trans. Trans. Trans. Trans. Trans. Trans. Trans. Trans. Trans. Trans. Trans. Trans. Trans. Trans. Trans. Trans. Trans. Trans. Trans. Trans. Trans. Trans. Trans. Trans. Trans. Trans. Trans. Trans. Trans. Trans. Trans. Trans. Trans. Trans. Trans. Trans. Trans. Trans. Trans. Trans. Trans. Trans. Trans. Trans. Trans. Trans. Trans. Trans. Trans. Trans. Trans. Trans. Trans. Trans. Trans. Trans. Trans. Trans. Trans. Trans. Trans. Trans. Trans. Trans. Trans. Trans. Trans. Trans. Trans. Trans. Trans. Trans. Trans. Trans. Trans. Trans. Trans. Trans. Trans. Trans. Trans. Trans. Trans. Trans. Trans. Trans. Trans. Trans. Trans. Trans. Trans. Trans. Trans. Trans. Trans. Trans. Trans. Trans. Trans. Trans. Trans. Trans. Trans. Trans. Trans. Trans. Trans. Trans. Trans,8.33,1758.33,8.33,100.0,-1100.0,0.0,0.0,0.0,1658.33
Whisper base,Singaporean,80,"In all other circumstances, a military award should be considered.","In all other circumstances, a military watch should be considered.",In all other circumstances.,10.0,60.0,10.0,0.0,100.0,0.0,60.0,0.0,0.0
Whisper base,Singaporean,81,"As a result, many research projects in the university are funded by industrial companies.","As a result, many research projects in the university are funded by industrial companies.",As a,0.0,85.71,0.0,0.0,0.0,0.0,85.71,0.0,0.0
Whisper base,Singaporean,82,"Homie, as it stands now, was a one-time effort.","Omi is at SenseNow, was a one time effort.",Amey is ame is ame is ame is ame is ame is ame is ame is ame is ame is ame is ame is ame is ame is ame is ame is ame is ame is ame is ame is ame is ame is ame is ame is ame is ame is ame is ame is ame is ame is ame is ame is ame is ame is ame is ame is ame is ame is ame is ame is ame is ame is ame is ame is ame is ame is ame is ame is ame is ame is ame is ame is ame is ame is ame is ame is ame is ame is ame is ame is ame is ame is ame is ame is ame is ame is ame is ame is ame is ame is ame is ame is ame is ame is ame is ame is ame is ame is ame is ame is ame is ame is ame is ame is ame is ame is ame is ame is ame is ame is ame is ame is ame is ame is ame is ame is ame is ame is ame is ame is ame is ame is ame is ame is ame is ame is ame is ame is ame is ame is ame is ame is ame is ame is ame is ame is ame is ame is ame is ame is ame is ame is ame is ame is ame is ame is ame is ame is ame is ame is ame is ame is ame is ame is ame is ame is ame is ame is ame is ame is ame is ame is a,77.78,3166.67,55.56,100.0,-80.0,11.11,0.0,11.11,3066.67
Whisper base,Singaporean,83,The Chuckwalla Range is divided from the Little Chuckwalla Range by Graham Pass.,The Chakwala range is divided from the little Chakwala range by Graham Pass.,The chocolate.,15.38,92.31,15.38,7.69,50.0,0.0,84.62,0.0,0.0
Whisper base,Singaporean,84,The Pussycat Dolls.,The pussycat dolls.,The pussycat.,0.0,33.33,0.0,0.0,0.0,0.0,33.33,0.0,0.0
Whisper base,Singaporean,85,Popular control during this era of orthodoxy was maintained through various means.,Popular control during this era of orthodoxy is maintained through various means.,The,8.33,100.0,8.33,8.33,0.0,0.0,91.67,0.0,0.0
Whisper base,Singaporean,86,In the Bill we drop that provision in regard to the trial altogether.,In the bill we dropped that provision in regard to the trial altogether.,In the bill.,7.69,76.92,7.69,0.0,100.0,0.0,76.92,0.0,0.0
Whisper base,Singaporean,87,Modern shopping malls are scattered in the city.,Modern shopping malls are scattered in this city.,Modern shopping malls a,12.5,62.5,12.5,12.5,0.0,0.0,50.0,0.0,0.0
Whisper base,Singaporean,88,It is typically formed when two glaciers erode parallel U-shaped valleys.,"It is typically formed when two glaciers erode parallel, new shaped valleys.","This is typically formed when two glaciers, erode parallel, new shaped valleys.",18.18,27.27,9.09,18.18,-100.0,0.0,0.0,9.09,9.09
Whisper base,Singaporean,89,"For the remainder of Quinn's tenure as Bosox owner, the team was severely underfinanced.","For the remainder of Quince 10 year as Bo Shok's owner, the team was severely underfinanced.",for the team was severely under,35.71,64.29,21.43,7.14,66.67,0.0,57.14,14.29,0.0
Whisper base,Singaporean,90,Symmetry given assumes all faces are the same color.,Symmetry given assumes all faces are the same color.,Symmetry. Symmetry. Symmetry. Symmetry. Symmetry.,0.0,88.89,0.0,44.44,0.0,0.0,44.44,0.0,0.0
Whisper base,Singaporean,91,"One confirmed vector of the virus is the phlebotomine sand fly ""Lutzomyia shannoni"".","One confirmed vector of the virus at the flabotamine sandfly, Lutomia Shannoni.",One confirmed.,38.46,84.62,30.77,0.0,100.0,7.69,84.62,0.0,0.0
Whisper base,Singaporean,92,Tell me something relevant to what I am trying to accomplish - something scientific.,Tell me something relevant to what I am trying to accomplish. Something scientific.,Tell me something relevant to what I am trying to accomplish something scientific.,0.0,0.0,0.0,0.0,0.0,0.0,0.0,0.0,0.0
Whisper base,Singaporean,93,"Music videos were released for ""Just So You Know"" and ""All Wrapped Up"".",Music videos are released for just so you know and all wrapped up.,music video.,7.69,92.31,7.69,7.69,0.0,0.0,84.62,0.0,0.0
Whisper base,Singaporean,94,"Murdoch, the Sussex captain, wished to increase his team's playing strength.","Lock the Sussex captain, wished to increase his team's playing strength.",The Sussex.,9.09,81.82,9.09,0.0,100.0,0.0,81.82,0.0,0.0
Whisper base,Singaporean,95,"During a conversation with Deckert, Steele realizes Stone was right.","During a conversation with Deckard, Steel realizes Stone was right.",during a conversation with a conversation with a conversation?,20.0,60.0,20.0,50.0,-150.0,0.0,10.0,0.0,0.0
Whisper base,Singaporean,96,The revenue funds the provision of services by local authorities.,The revenue funds to provision of services by local authorities.,The revenue funds to provision of services by local authorities.,10.0,10.0,10.0,10.0,0.0,0.0,0.0,0.0,0.0
Whisper base,Singaporean,97,These isotopes help start the lamps and improve lamp operating characteristics.,These isotopes help start the lamps and improve lamp operating characteristics.,These isotopes.,0.0,81.82,0.0,0.0,0.0,0.0,81.82,0.0,0.0
Whisper base,Singaporean,98,"While running the school, she sponsored competitions for American musicians to develop American music.","While running this school, she's haunted competitions for American musicians to develop American music.",While running the music.,21.43,71.43,21.43,0.0,100.0,0.0,71.43,0.0,0.0
Whisper base,Singaporean,99,Release of this set is now delayed indefinitely.,Release of this set is now delayed indefinitely.,Release of this set is now the blade indefinitely.,0.0,25.0,0.0,12.5,0.0,0.0,0.0,0.0,12.5
Whisper base,Singaporean,100,The revolt's aim was for Bosnia to gain autonomy from the Ottoman Empire.,The Vivalds game was repassionated in autonomy from the Ottoman Empire.,The world.,46.15,92.31,30.77,7.69,75.0,15.38,84.62,0.0,0.0
Whisper base,Indian,1,Men in orange vests are at work on a construction site.,Men in Orange West are at work on the construction site.,Man in the,18.18,90.91,18.18,18.18,0.0,0.0,72.73,0.0,0.0
Whisper base,Indian,2,This child is getting a pedicure.,This child is getting a pedicure.,This child is getting a pedicure.,0.0,0.0,0.0,0.0,0.0,0.0,0.0,0.0,0.0
Whisper base,Indian,3,Did you get the Mayor?,Did you get the mail?,Did you,20.0,60.0,20.0,0.0,100.0,0.0,60.0,0.0,0.0
Whisper base,Indian,4,Finally I didn't have to feel guilty for using my computer on weekends.,"Finally, I don't have to feel guilty for using my computer weekends.",Finally.,15.38,92.31,7.69,0.0,100.0,7.69,92.31,0.0,0.0
Whisper base,Indian,5,I'd still like to have a word with her.,I still like to have a word with her.,I still like to have a word with a word with a word with a word with a word with a word with a word with a word with a word with a word with a word with a word with a word with a word with a word with a word with a word with a word with a word with a word with a word with a word with a word with a word with a word with a word with a word with a word with a word with a word with a word with a word with a word with a word with a word with a word with a word with a word with a word with a word with a word with a word with a word with a word with a word with a word with a word with a word with a word with a word with a word with a word with a word with a word with a word with a word with a word with a word with a word with a word with a word with a word with a word with a word with a word with a word with a word with a word with a word with a word with a word with a word with a word with a word with a word with a word with a word with a word with a word with a word with a word with a word with a word with a word with a word with a word with a word with a word with a word with a word with a word with a word with a word with a word with a word with a word with a word with a word with a word with a word with a word with a word with a word with a word with a word with a word with a word with a word with a word with a word with a word with a word with a word with a word with a word with a word with a word with a word with a word with a word with a word with a word with a word with a word with a word with a word with a word with a word with a word with a word with a word with a word with a word with a word with a word with a word with a word with a word with a word with a word with a word with a,11.11,4688.89,11.11,22.22,-100.0,0.0,0.0,0.0,4666.67
Whisper base,Indian,6,This view is wrong though.,This view is wrong though.,This view is,0.0,40.0,0.0,0.0,0.0,0.0,40.0,0.0,0.0
Whisper base,Indian,7,Fedric was unable to find his lucky marble.,Fettic was unable to find his lucky marbles.,In the Indian Indian Indian Indian Indian Indian Indian Indian Indian Indian Indian Indian Indian Indian Indian Indian Indian Indian Indian Indian Indian Indian Indian Indian Indian Indian Indian Indian Indian Indian Indian Indian Indian Indian Indian Indian Indian Indian Indian Indian Indian Indian Indian Indian Indian Indian Indian Indian Indian Indian Indian Indian Indian Indian Indian Indian Indian Indian Indian Indian Indian Indian Indian Indian Indian Indian Indian Indian Indian Indian Indian Indian Indian Indian Indian Indian Indian Indian Indian Indian Indian Indian Indian Indian Indian Indian Indian Indian Indian Indian Indian Indian Indian Indian Indian Indian Indian Indian Indian Indian Indian Indian Indian Indian Indian Indian Indian Indian Indian Indian Indian Indian Indian Indian Indian Indian Indian Indian Indian Indian Indian Indian Indian Indian Indian Indian Indian Indian Indian Indian Indian Indian Indian Indian Indian Indian Indian Indian Indian Indian Indian Indian Indian Indian Indian Indian Indian Indian Indian Indian Indian Indian Indian Indian Indian Indian Indian Indian Indian Indian Indian Indian Indian Indian Indian Indian Indian Indian Indian Indian Indian Indian Indian Indian Indian Indian Indian Indian Indian Indian Indian Indian Indian Indian Indian Indian Indian Indian Indian Indian Indian Indian Indian Indian Indian Indian Indian Indian Indian Indian Indian Indian Indian Indian Indian Indian Indian Indian Indian Indian Indian Indian Indian Indian Indian Indian Indian Indian Indian Indian Indian Indian Indian Indian Indian Indian Indian Indian Indian Indian Indian Indian Indian Indian Indian Indian Indian Indian Indian Indian Indian Indian Indian Indian Indian Indian Indian Indian Indian Indian Indian Indian Indian Indian Indian Indian Indian Indian Indian Indian Indian Indian Indian Indian Indian Indian Indian Indian Indian Indian Indian Indian Indian Indian Indian Indian Indian Indian Indian Indian Indian Indian Indian Indian Indian Indian Indian Indian Indian Indian Indian Indian Indian Indian Indian Indian Indian Indian Indian Indian Indian Indian Indian Indian Indian Indian Indian Indian Indian Indian Indian Indian Indian Indian Indian Indian Indian Indian Indian Indian Indian Indian Indian Indian Indian Indian Indian Indian Indian Indian Indian Indian Indian Indian Indian Indian Indian Indian Indian Indian Indian Indian Indian Indian Indian Indian Indian Indian Indian Indian Indian Indian Indian Indian Indian Indian Indian Indian Indian Indian Indian Indian Indian Indian Indian Indian Indian Indian Indian Indian Indian Indian Indian Indian Indian Indian Indian Indian Indian Indian Indian Indian Indian Indian Indian Indian Indian Indian Indian Indian Indian Indian Indian Indian Indian Indian Indian Indian Indian Indian Indian Indian Indian Indian Indian Indian Indian Indian Indian Indian Indian Indian Indian Indian Indian Indian Indian Indian Indian Indian Indian Indian Indian Indian Indian Indian Indian,25.0,5362.5,25.0,100.0,-300.0,0.0,0.0,0.0,5262.5
Whisper base,Indian,8,Whistle-blower Edward Snowden still lives in exile in Russia.,We sell blower at word Snowden still is in exile in Russia.,We shall,66.67,100.0,33.33,22.22,33.33,0.0,77.78,33.33,0.0
Whisper base,Indian,9,I work at the hospital as a paediatrician.,I work at the hospital as a pediatrician.,I work at the hospital as a pediatrician.,12.5,12.5,12.5,12.5,0.0,0.0,0.0,0.0,0.0
Whisper base,Indian,10,The squirrel ran up the pine tree in a spiral.,The squirrel ran up the pine tree in a spiral.,The squirrel ran up the pine tree in a spiral.,0.0,0.0,0.0,0.0,0.0,0.0,0.0,0.0,0.0
Whisper base,Indian,11,Please do not think that I already know it all.,Please do not think that I already know it all.,Please do not,0.0,70.0,0.0,0.0,0.0,0.0,70.0,0.0,0.0
Whisper base,Indian,12,Greaseproof paper is very useful for wrapping sandwiches,Quiz proof paper is very useful for wrapping sandwiches.,Please please.,25.0,100.0,12.5,25.0,-100.0,0.0,75.0,12.5,0.0
Whisper base,Indian,13,Nothing to it.,Nothing to it.,Nothing do it.,0.0,33.33,0.0,33.33,0.0,0.0,0.0,0.0,0.0
Whisper base,Indian,14,I can recommend the soup.,I can recommend the soup.,I can recommend the soup.,0.0,0.0,0.0,0.0,0.0,0.0,0.0,0.0,0.0
Whisper base,Indian,15,Remembering is more satisfying than forgetting.,Remembering is most satisfying than forgetting.,Remembering.,16.67,83.33,16.67,0.0,100.0,0.0,83.33,0.0,0.0
Whisper base,Indian,16,Whatever he guessed he locked away in the taboo room of Naomi.,"Whatever he guessed, he locked away in the taboo realm of Naomi.",Whatever he,8.33,83.33,8.33,0.0,100.0,0.0,83.33,0.0,0.0
Whisper base,Indian,17,What are the identifying features of a herring gull?,What are the identifying features of a herring girl?,What are the identifying features of a,11.11,22.22,11.11,0.0,100.0,0.0,22.22,0.0,0.0
Whisper base,Indian,18,Lack of appetite!,"Like off, appetite.",Like off.,66.67,100.0,66.67,66.67,0.0,0.0,33.33,0.0,0.0
Whisper base,Indian,19,Talk about the day I met her.,Talk about that day I met her.,I'm,14.29,100.0,14.29,14.29,0.0,0.0,85.71,0.0,0.0
Whisper base,Indian,20,He blew across the top of the milk bottle,He blew across the top of the milk bottle.,He blew across the,0.0,55.56,0.0,0.0,0.0,0.0,55.56,0.0,0.0
Whisper base,Indian,21,Stop harassing me!,Stop harassing me.,Stop.,0.0,66.67,0.0,0.0,0.0,0.0,66.67,0.0,0.0
Whisper base,Indian,22,Or a fairly large brick would do.,Auto-failly large break would do.,Or a fairly large break would do.,57.14,14.29,28.57,14.29,50.0,28.57,0.0,0.0,0.0
Whisper base,Indian,23,I understand that your position was very difficult.,I understand that your position was very difficult.,I understand that your position was very difficult.,0.0,0.0,0.0,0.0,0.0,0.0,0.0,0.0,0.0
Whisper base,Indian,24,"Well, it's a pretty anecdote.","Well, it's a pretty anecdote.","Well, well, well, well, well, well, well, well, with with with with with with with with with with with with with with with with with with with with with with with with with with with with with with with with with with with with with with with with with with with with with with with with with with with with with with with with with with with with with with with with with with with with with with with with with with with with with with with with with with with with with with with with with with with with with with with with with with with with with with with with with with with with with with with with with with with with with with with with with with with with with with with with with with with with with with with with with with with with with with with with with with with with with with with with with with with with with with with with with with with with with with with with with with with with with with with with with with with with with with with with with with with with with with with with with with with with with with with with with with with with with with with with with with with with with with with with with with with with with with with with with with with with with with with with with with with with with with with with with with with with with with with with with with with with with with with with with with with with with with with with with with with with with with with with with with with with with with with with with with with with with with with with with with with with with with with with with with with with with with with with with with with with with with with with with with with with with with with with with with with with with with with with with with with with with with with with with with with with with with with with with with with with with with with with with with with with with with with with with with with with with with with with with with with with with with with with with with with with with with with with with with with with with with with with with with with with with with with with with with with with with with with with with with with with with",0.0,8400.0,0.0,80.0,0.0,0.0,0.0,0.0,8320.0
Whisper base,Indian,25,In the post-orange-juice era?,In the post-orinducera.,in the post. post. post.,50.0,75.0,25.0,50.0,-100.0,25.0,0.0,0.0,25.0
Whisper base,Indian,26,"“Look at the time,” said the old man.","Look at the time, said the old man.",Look at the old man.,0.0,37.5,0.0,0.0,0.0,0.0,37.5,0.0,0.0
Whisper base,Indian,27,There are many approaches to solving a single problem.,There are many approaches to solving a single problem.,There are many approaches to solving a single,0.0,11.11,0.0,0.0,0.0,0.0,11.11,0.0,0.0
Whisper base,Indian,28,These are my top grades.,These are my top grades.,Aisah.,0.0,100.0,0.0,20.0,0.0,0.0,80.0,0.0,0.0
Whisper base,Indian,29,To my knowledge I never heard it.,But my knowledge I never heard it.,But my knowledge I never heard it.,14.29,14.29,14.29,14.29,0.0,0.0,0.0,0.0,0.0
Whisper base,Indian,30,A man is recreating a classic painting using a paintbrush and color pallet,A man is recreating a classic painting using a paintbrush and color palette.,A man is recreating a classic painting using a paintbrush and color palette.,7.69,7.69,7.69,7.69,0.0,0.0,0.0,0.0,0.0
Whisper base,Indian,31,"We have gone into them, and he has not.",We have gone into them and he has not.,We have gone into them and he has not.,0.0,0.0,0.0,0.0,0.0,0.0,0.0,0.0,0.0
Whisper base,Indian,32,His vanity is colossal.,"It's banities, kula san.",Is,100.0,75.0,100.0,0.0,100.0,0.0,75.0,0.0,0.0
Whisper base,Indian,33,"I thought then, growing uneasy, that I ought to write an answer.","I thought then, going on a G that I ought to write in answer",I thought,41.67,83.33,25.0,0.0,100.0,0.0,83.33,16.67,0.0
Whisper base,Indian,34,But of course you have others.,But of course you have others,"But of course, but of course, you have others.",0.0,50.0,0.0,0.0,0.0,0.0,0.0,0.0,50.0
Whisper base,Indian,35,The request is invalid.,The request is invalid.,The request is in valid.,0.0,50.0,0.0,25.0,0.0,0.0,0.0,0.0,25.0
Whisper base,Indian,36,I'm an entry-level clerk.,I am an entry level click.,I am an an an an an an an an an an an an an an an an an an an an an an an an an an an an an an an an an an an an an an an an an an an an an an an an an an an an an an an an an an an an an an an an an an an an an an an an an an an an an an an an an an an an an an an an an an an an an an an an an an an an an an an an an an an an an an an an an an an an an an an an an an an an an an an an an an an an an an an an an an an an an an an an an an an an an an an an an an an an an an an an an an an an an an an an an an an an an an an an an an an an an an an an an an an an an an an an an an an an an an an an an an an an an an an an an an an an an an an an an an an an an an an an an an an an an an an an an an an an an an an an an an an an an an an an an an an an an an an an an an an an an an an an an an an an an an an an an an an an an an an an an an an an an an an an an an an an an an an an an an an an an an an an an an an an an an an an an an an an an an an an an an an an an an an an an an an an an an an an an an an an an an an an an an an an an an an an an an an an an an an an an an an an an an an an an an an an an an an an an an an an an an an an an an an an an an an an an an an an an an an an an an an an an an an an an an an an an an an an an an an an an an an an an an an,125.0,10700.0,75.0,75.0,0.0,0.0,0.0,50.0,10625.0
Whisper base,Indian,37,Alice almost stamped with irritation at the slow drawl in which he spoke.,Ali is almost tammed with the rotation at the slow draw in which he spoke.,Alis almost tammed with with with with with with with with with with with with with with with with with with with with with with with with with with with with with with with with with with with with with with with with with with with with with with with with with with with with with with with with with with with with with with with with with with with with with with with with with with with with with with with with with with with with with with with with with with with with with with with with with with with with with with with with with with with with with with with with with with with with with with with with with with with with with with with with with with with with with with with with with with with with with with with with with with with with with with with with with with with with with with with with with with with with with with with with with with with with with with with with with with with with with with with with with with with with with with with with with with with with with with with with with with with with with with with with with with with with with with with with with with with with with with with with with with with with with with with with with with with with with with with with with with with with with with with with with with with with with with with with with with with with with with with with with with with with with with with with with with with with with with with with with with with with with with with with with with with with with with with with with with with with with with with with with with with with with with with with with with with with with with with with with with with with with with with with with with with with with with with with with with with with with with with with with with with with with with with with with with with with with with with with with with with with with with with with with with with with with with with with with with with with with with with with with with with with with with with with with with with with with with with with with with with with with with with with with with with with with with with with with with with with with with with with,46.15,3269.23,30.77,84.62,-175.0,0.0,0.0,15.38,3184.62
Whisper base,Indian,38,The contract is pending final checks.,The contract is pending final checks.,The contact.,0.0,83.33,0.0,16.67,0.0,0.0,66.67,0.0,0.0
Whisper base,Indian,39,Nobody taught him even that much; he found it out.,Nobody taught him even that much. He found it out.,Nobody taught him even that much. He found it out.,0.0,0.0,0.0,0.0,0.0,0.0,0.0,0.0,0.0
Whisper base,Indian,40,Carelessness can have devastating consequences.,Carelessness can have devastating consequences.,Kierlesnis.,0.0,100.0,0.0,20.0,0.0,0.0,80.0,0.0,0.0
Whisper base,Indian,41,‘I wonder if all the things move along with us?’ thought poor puzzled Alice.,I wonder if all the things move along with us.,I wonder if I wonder if I wonder if I wonder if I wonder if for the things no belong to the,28.57,135.71,0.0,78.57,0.0,28.57,0.0,0.0,57.14
Whisper base,Indian,42,"There was applause, and a voice cried: ""Hear, hear!""",There was a clause and a vice-cry here here.,Then was applause.,66.67,77.78,44.44,11.11,75.0,11.11,66.67,11.11,0.0
Whisper base,Indian,43,That you shall know in good time.,That you should know in good time.,That you shall know and good time.,14.29,14.29,14.29,14.29,0.0,0.0,0.0,0.0,0.0
Whisper base,Indian,44,"You and your engagement book, indeed.","You and your engagement book, indeed.",You and your English English English English English English English English English English English English English English English English English English English English English English English English English English English English English English English English English English English English English English English English English English English English English English English English English English English English English English English English English English English English English English English English English English English English English English English English English English English English English English English English English English English English English English English English English English English English English English English English English English English English English English English English English English English English English English English English English English English English English English English English English English English English English English English English English English English English English English English English English English English English English English English English English English English English English English English English English English English English English English English English English English English English English English English English English English English English English English English English English English English English English English English English English English English English English English English English English English English English English English English English English English English English English English English English English English English English English English English English English English English English English English English English English English English English English English English English English English English English English English English English English English English English English English English English English English English English English English English English English English English English English English English English English English English English English English English English English English English English English English English English English English English English English English English English English English English English English English English English English English English English English English English English English English English English English English English English English English English English English English English English English English English English English English English English English English English English English English English English English English English English English English English English English English English English English English English English English English English English English English English English English English English English English English English English English English English English English English English English English English English English English English English English English English English English English English English English English English English English English English English English English English English English English English English English English English English English English English English English English English English English English English English English English English,0.0,7100.0,0.0,50.0,0.0,0.0,0.0,0.0,7050.0
Whisper base,Indian,45,I lost my bangle have you seen it?,I lost my bangles. Have you seen it?,I lost my,12.5,62.5,12.5,0.0,100.0,0.0,62.5,0.0,0.0
Whisper base,Indian,46,The woman herself is not the least item in his difficulty.,The woman herself is not the least item in his difficulty.,The woman herself is not the woman herself is not the least item in his difficulty.,0.0,45.45,0.0,0.0,0.0,0.0,0.0,0.0,45.45
Whisper base,Indian,47,The enhancement request can be split into several categories of work items.,The enhancement requests can be split into several categories of work items.,The enhancement with with with with with with with with with with with with with with with with with with with with with with with with with with with with with with with with with with with with with with with with with with with with with with with with with with with with with with with with with with with with with with with with with with with with with with with with with with with with with with with with with with with with with with with with with with with with with with with with with with with with with with with with with with with with with with with with with with with with with with with with with with with with with with with with with with with with with with with with with with with with with with with with with with with with with with with with with with with with with with with with with with with with with with with with with with with with with with with with with with with with with with with with with with with with with with with with with with with with with with with with with with with with with with with with with with with with with with with with with with with with with with with with with with with with with with with with with with with with with with with with with with with with with with with with with with with with with with with with with with with with with with with with with with with with with with with with with with with with with with with with with with with with with with with with with with with with with with with with with with with with with with with with with with with with with with with with with with with with with with with with with with with with with with with with with with with with with with with with with with with with with with with with with with with with with with with with with with with with with with with with with with with with with with with with with with with with with with with with with with with with with with with with with with with with with with with with with with with with with with with with with with with with with with with with with with with with with with with with with with with with with with with with with with with,8.33,3558.33,8.33,83.33,-900.0,0.0,0.0,0.0,3475.0
Whisper base,Indian,48,"‘A quarter to two,’ he said, looking at the parlour clock.",A quarter to two he said looking at the power of cloth.,A quarter to two to two to two to two to two to two to two,27.27,109.09,18.18,63.64,-250.0,0.0,0.0,9.09,45.45
Whisper base,Indian,49,Exerting excess pressure could damage the equipment.,Exerting access pressure could damage the equipment.,Exerting Exerting Exerting Exerting Exerting Exerting Exerting Exerting Exerting Exerting Exerting Exerting Exerting Exerting Exerting Exerting Exerting Exerting Exerting Exerting Exerting Exerting Exerting Exerting Exerting Exerting Exerting Exerting Exerting Exerting Exerting Exerting Exerting Exerting Exerting Exerting Exerting Exerting Exerting Exerting Exerting Exerting Exerting Exerting Exerting Exerting Exerting Exerting Exerting Exerting Exerting Exerting Exerting Exerting Exerting Exerting Exerting Exerting Exerting Exerting Exerting Exerting Exerting Exerting Exerting Exerting Exerting Exerting Exerting Exerting Exerting Exerting Exerting Exerting Exerting Exerting Exerting Exerting Exerting Exerting Exerting Exerting Exerting Exerting Exerting Exerting Exerting Exerting Exerting Exerting Exerting Exerting Exerting Exerting Exerting Exerting Exerting Exerting Exerting Exerting Exerting Exerting Exerting Exerting Exerting Exerting Exerting Exerting Exerting Exerting Exerting Exerting Exerting Exerting Exerting Exerting Exerting Exerting Exerting Exerting Exerting Exerting Exerting Exerting Exerting Exerting Exerting Exerting Exerting Exerting Exerting Exerting Exerting Exerting Exerting Exerting Exerting Exerting Exerting Exerting Exerting Exerting Exerting Exerting Exerting Exerting Exerting Exerting Exerting Exerting Exerting Exerting Exerting Exerting Exerting Exerting Exerting Exerting Exerting Exerting Exerting Exerting Exerting Exerting Exerting Exerting Exerting Exerting Exerting Exerting Exerting Exerting Exerting Exerting Exerting Exerting Exerting Exerting Exerting Exerting Exerting Exerting Exerting Exerting Exerting Exerting Exerting Exerting Exerting Exerting Exerting Exerting Exerting Exerting Exerting Exerting Exerting Exerting Exerting Exerting Exerting Exerting Exerting Exerting Exerting Exerting Exerting Exerting Exerting Exerting Exerting Exerting Exerting Exerting Ex,14.29,3057.14,14.29,85.71,-500.0,0.0,0.0,0.0,2971.43
Whisper base,Indian,50,The whole party stood like men stupefied.,The whole party stood like men stupified.,The whole part is stood like men stood like men stood,14.29,85.71,14.29,28.57,-100.0,0.0,0.0,0.0,57.14
Whisper base,Indian,51,"Indeed, Jane, you ought to believe me.","Indeed, Jane, you ought to believe me.",Indian Indian Indian Indian Indian Indian Indian Indian Indian Indian Indian Indian Indian Indian Indian Indian Indian Indian Indian Indian Indian Indian Indian Indian Indian Indian Indian Indian Indian Indian Indian Indian Indian Indian Indian Indian Indian Indian Indian Indian Indian Indian Indian Indian Indian Indian Indian Indian Indian Indian Indian Indian Indian Indian Indian Indian Indian Indian Indian Indian Indian Indian Indian Indian Indian Indian Indian Indian Indian Indian Indian Indian Indian Indian Indian Indian Indian Indian Indian Indian Indian Indian Indian Indian Indian Indian Indian Indian Indian Indian Indian Indian Indian Indian Indian Indian Indian Indian Indian Indian Indian Indian Indian Indian Indian Indian Indian Indian Indian Indian Indian Indian Indian Indian Indian Indian Indian Indian Indian Indian Indian Indian Indian Indian Indian Indian Indian Indian Indian Indian Indian Indian Indian Indian Indian Indian Indian Indian Indian Indian Indian Indian Indian Indian Indian Indian Indian Indian Indian Indian Indian Indian Indian Indian Indian Indian Indian Indian Indian Indian Indian Indian Indian Indian Indian Indian Indian Indian Indian Indian Indian Indian Indian Indian Indian Indian Indian Indian Indian Indian Indian Indian Indian Indian Indian Indian Indian Indian Indian Indian Indian Indian Indian Indian Indian Indian Indian Indian Indian Indian Indian Indian Indian Indian Indian Indian Indian Indian Indian Indian Indian Indian Indian Indian Indian Indian Indian Indian Indian Indian Indian Indian Indian Indian Indian Indian Indian Indian Indian Indian Indian Indian Indian Indian Indian Indian Indian Indian Indian Indian Indian Indian Indian Indian Indian Indian Indian Indian Indian Indian Indian Indian Indian Indian Indian Indian Indian Indian Indian Indian Indian Indian Indian Indian Indian Indian Indian Indian Indian Indian Indian Indian Indian Indian Indian Indian Indian Indian Indian Indian Indian Indian Indian Indian Indian Indian Indian Indian Indian Indian Indian Indian Indian Indian Indian Indian Indian Indian Indian Indian Indian Indian Indian Indian Indian Indian Indian Indian Indian Indian Indian Indian Indian Indian Indian Indian Indian Indian Indian Indian Indian Indian Indian Indian Indian Indian Indian Indian Indian Indian Indian Indian Indian Indian Indian Indian Indian Indian Indian Indian Indian Indian Indian Indian Indian Indian Indian Indian Indian Indian Indian Indian Indian Indian Indian Indian Indian Indian Indian Indian Indian Indian Indian Indian Indian Indian Indian Indian Indian Indian Indian Indian Indian Indian Indian Indian Indian Indian Indian Indian Indian Indian Indian Indian Indian Indian Indian Indian Indian Indian Indian Indian Indian Indian Indian Indian Indian Indian Indian Indian Indian Indian Indian Indian Indian Indian Indian Indian Indian Indian Indian Indian Indian Indian Indian Indian Indian Indian Indian Indian Indian Indian Indian Indian Indian Indian Indian Indian Indian,0.0,6128.57,0.0,100.0,0.0,0.0,0.0,0.0,6028.57
Whisper base,Indian,52,She witnessed the imperial troops flee from Aucona upon their defeat.,She witnessed the imperial troops flee from Okana upon their defeat.,She witnessed. She witnessed the imperial troops flee from Okaana upon that defeat.,9.09,36.36,9.09,18.18,-100.0,0.0,0.0,0.0,18.18
Whisper base,Indian,53,"Established were axle works, brickworks, and manufactories of machinery, car wheels, etc.","Established were axle works, brick works, and manufacturers of missionary car wheels etc.",established were acts. established were acts.,33.33,83.33,25.0,33.33,-33.33,0.0,50.0,8.33,0.0
Whisper base,Indian,54,The Lytton Band of Pomo Indians supports many charities.,The little band of palm oil Indians supports many charities.,The little band of palm of palm of palm of palm of,33.33,100.0,22.22,66.67,-200.0,0.0,0.0,11.11,33.33
Whisper base,Indian,55,James' version also was issued on M-G-M Records for national distribution.,James' version also was issued on MGM Records for National Distribution.,James is also was issued on MGM records for national distribution.,0.0,9.09,0.0,9.09,0.0,0.0,0.0,0.0,0.0
Whisper base,Indian,56,Imperial Brands' chairman is Mark Williamson.,Imperial Branches German is Mark Williamson.,Imperial branches German is Mark Williamson.,33.33,33.33,33.33,33.33,0.0,0.0,0.0,0.0,0.0
Whisper base,Indian,57,Telemachus currently plays for the Gestetner Eagles.,Telling Mac is currently placed for the just-tetner eagles.,Telling.,71.43,100.0,42.86,14.29,66.67,0.0,85.71,28.57,0.0
Whisper base,Indian,58,He was replaced by Prof. Roni Gamzo.,He was replaced by Professor Lonnie Ganso.,He was replaced by professor Ronny,42.86,42.86,42.86,28.57,33.33,0.0,14.29,0.0,0.0
Whisper base,Indian,59,"This mixture includes polymerising agents, which make the deicing effect last longer.",This mixture includes polymerizing agents which make the Dicing effect last longer.,This mixture. This mixture. This mixture. This mixture,16.67,83.33,16.67,50.0,-200.0,0.0,33.33,0.0,0.0
Whisper base,Indian,60,Two notable exceptions are dedicated to the death of members of his family.,Two notable exceptions are dedicated to the death of members of his family.,Two notable.,0.0,84.62,0.0,0.0,0.0,0.0,84.62,0.0,0.0
Whisper base,Indian,61,The therapy sessions were followed by police interviews.,The therapy sessions were followed by police interviews.,The therapy session.,0.0,75.0,0.0,12.5,0.0,0.0,62.5,0.0,0.0
Whisper base,Indian,62,About one-third of Mali's paddy rice is produced at the Office du Niger.,About 1 third of Mali's Paddy Rice is produced at the Office Dunejya.,About one third of,30.77,92.31,15.38,7.69,50.0,7.69,76.92,7.69,7.69
Whisper base,Indian,63,"Despite that connotation, the song was accepted by black and white Rhodesians.","Despite that connotation, the song was accepted by Black and White traditions.",Despite that,8.33,83.33,8.33,0.0,100.0,0.0,83.33,0.0,0.0
Whisper base,Indian,64,Here his teachers included Ildebrando Pizzetti and Luigi Dallapiccola.,Here his teachers included Ildebrando Pizeti and Luiji Dala Picola.,Here his teachers included with with with with with with with with with with with with with with with with with with with with with with with with with with with with with with with with with with with with with with with with with with with with with with with with with with with with with with with with with with with with with with with with with with with with with with with with with with with with with with with with with with with with with with with with with with with with with with with with with with with with with with with with with with with with with with with with with with with with with with with with with with with with with with with with with with with with with with with with with with with with with with with with with with with with with with with with with with with with with with with with with with with with with with with with with with with with with with with with with with with with with with with with with with with with with with with with with with with with with with with with with with with with with with with with with with with with with with with with with with with with with with with with with with with with with with with with with with with with with with with with with with with with with with with with with with with with with with with with with with with with with with with with with with with with with with with with with with with with with with with with with with with with with with with with with with with with with with with with with with with with with with with with with with with with with with with with with with with with with with with with with with with with with with with with with with with with with with with with with with with with with with with with with with with with with with with with with with with with with with with with with with with with with with with with with with with with with with with with with with with with with with with with with with with with with with with with with with with with with with with with with with with with with with with with with with with with with with with with with with with with with with with with with,44.44,4722.22,33.33,55.56,-66.67,0.0,0.0,11.11,4666.67
Whisper base,Indian,65,"There is some residual agriculture, primarily of ""edamame"", for which Noda was historically famous.",There is some residual agriculture primarily of Eda Maame for which Noda was historically famous.,There is some.,14.29,78.57,7.14,0.0,100.0,0.0,78.57,7.14,0.0
Whisper base,Indian,66,Zavala had a keen intellect and was fluent in many languages.,Savala had a keen intellect and was fluent in many languages.,had a,9.09,81.82,9.09,0.0,100.0,0.0,81.82,0.0,0.0
Whisper base,Indian,67,"Honda began to expand the Acura division into Mexico, Hong Kong, and China.","Hontar began to expand the Accura division into Mexico, Hong Kong and China.",Honda began to expand the a cura,15.38,61.54,15.38,15.38,0.0,0.0,46.15,0.0,0.0
Whisper base,Indian,68,Atribuation has also been given to Caesarius of Heisterbach.,Attribuation has been given to Cisérias of Heistabuck.,A Tribuation has been given to Ciserius of Iced aback.,44.44,66.67,33.33,33.33,0.0,11.11,11.11,0.0,22.22
Whisper base,Indian,69,He is also said to have studied at Douay.,He is also said to have studied at Dway.,He is also said to have studied at do a,11.11,22.22,11.11,11.11,0.0,0.0,0.0,0.0,11.11
Whisper base,Indian,70,"He also guest starred on ""Angel"".",He also guest start on Angel.,He also guest.,16.67,50.0,16.67,0.0,100.0,0.0,50.0,0.0,0.0
Whisper base,Indian,71,"As with Lychnoscopy, the diviner reads presages from the movements of the flame.","As with linkedoscopy, the diviner reads pre-sages from the movements of the flame.",As with linked as with linked as with linked as with linked as with with with with with with with with with with with with with with with with with with with with with with with with with with with with with with with with with with with with with with with with with with with with with with with with with with with with with with with with with with with with with with with with with with with with with with with with with with with with with with with with with with with with with with with with with with with with with with with with with with with with with with with with with with with with with with with with with with with with with with with with with with with with with with with with with with with with with with with with with with with with with with with with with with with with with with with with with with with with with with with with with with with with with with with with with with with with with with with with with with with with with with with with with with with with with with with with with with with with with with with with with with with with with with with with with with with with with with with with with with with with with with with with with with with with with with with with with with with with with with with with with with with with with with with with with with with with with with with with with with with with with with with with with with with with with with with with with with with with with with with with with with with with with with with with with with with with with with with with with with with with with with with with with with with with with with with with with with with with with with with with with with with with with with with with with with with with with with with with with with with with with with with with with with with with with with with with with with with with with with with with with with with with with with with with with with with with with with with with with with with with with with with with with with with with with with with with with with with with with with with with with with with with with with with with with with with with with with with with,7.69,3284.62,7.69,84.62,-1000.0,0.0,0.0,0.0,3200.0
Whisper base,Indian,72,"The ashram now has a museum, the Gandhi Smarak Sangrahalaya.","The Ashraf now has a museum, the Gandhi Samarok Sangrali.",The Ashw,30.0,90.0,30.0,10.0,66.67,0.0,80.0,0.0,0.0
Whisper base,Indian,73,The scene is at once real and unreal.,The scene is at once real and unreal.,The scene is at once real and,0.0,12.5,0.0,0.0,0.0,0.0,12.5,0.0,0.0
Whisper base,Indian,74,The Sabah Wildlife Department is the custodian of the animals in the reserve.,The Sabha Wide Life Department is the custodian of the animals in the reserve.,The Sabah. The Sabah. Sabah. Sabah. Sabah.,23.08,76.92,15.38,30.77,-100.0,0.0,46.15,7.69,0.0
Whisper base,Indian,75,"Shortly thereafter, Joan witnesses the coronation of Charles.","Shortly thereafter, Joanne witnesses the coronation of Charles.",shortly thereafter.,12.5,75.0,12.5,0.0,100.0,0.0,75.0,0.0,0.0
Whisper base,Indian,76,They met in Batumi during vacation.,They met in Batumi during vacation.,The met in batumi,0.0,50.0,0.0,16.67,0.0,0.0,33.33,0.0,0.0
Whisper base,Indian,77,"Meeting Traveller aboard they inspect his experimental rocket ""Phaeton.","Meeting Traveler aboard, they inspect his experimental rocket, Faton.",Meeting Traveler,22.22,88.89,22.22,11.11,50.0,0.0,77.78,0.0,0.0
Whisper base,Indian,78,"This emperor's posthumous name literally means ""joyfully healthy peace"".",The set for a supposed human's name literally means trifle-it-hell-leaf peace.,The sad first.,88.89,100.0,44.44,33.33,25.0,11.11,66.67,33.33,0.0
Whisper base,Indian,79,Byron was born in California.,Byron was born in California.,Byron was born in California.,0.0,0.0,0.0,0.0,0.0,0.0,0.0,0.0,0.0
Whisper base,Indian,80,First Nation peoples would be set apart on reserves from the new settlers.,First Nation peoples would be set apart on reserves from the new sectors.,First nation peoples would be set apart on reserves from the new sectors.,7.69,7.69,7.69,7.69,0.0,0.0,0.0,0.0,0.0
Whisper base,Indian,81,Wolff risks the dangers believing the reward will solve his debt problems.,The risk the dangers believing the reward will solve this depth problems.,The,33.33,91.67,33.33,0.0,100.0,0.0,91.67,0.0,0.0
Whisper base,Indian,82,The core collapse phase of a supernova is an extremely dense and energetic event.,The core collapse phase of a supernova is an extremely dense and energetic event.,The core.,0.0,85.71,0.0,0.0,0.0,0.0,85.71,0.0,0.0
Whisper base,Indian,83,These reaction products are essential for the regulation of intracellular Ca.,These reaction products are essential for the regulation of intracellular CA.,These reaction products are essential for the regulation of intrasalularca.,0.0,18.18,0.0,9.09,0.0,0.0,9.09,0.0,0.0
Whisper base,Indian,84,"Another extremely mammal-like family, Tritheledontidae, are unknown later than the Early Jurassic.","Another extremely memorable like family, tried to add on today are unknown later than the early Jurassic.",Another extremely mammal like family try it. try it.,58.33,83.33,16.67,41.67,-150.0,0.0,33.33,41.67,8.33
Whisper base,Indian,85,The album's lyrics were also examined.,The albums lyrics were also examined.,The albums lyrics were also examined.,0.0,0.0,0.0,0.0,0.0,0.0,0.0,0.0,0.0
Whisper base,Indian,86,The founder of the hospital was William Bromfeild.,The founder of the hospital was William Bromfield.,The founder of the founder of the founder of the,12.5,75.0,12.5,50.0,-300.0,0.0,0.0,0.0,25.0
Whisper base,Indian,87,His maternal grandparents were Prince Frederick of the Netherlands and Princess Louise of Prussia.,His maternal grandparents were Prince Frederick of the Netherlands and Princess Louis of Prussia.,is.,7.14,100.0,7.14,7.14,0.0,0.0,92.86,0.0,0.0
Whisper base,Indian,88,"By all accounts, Holmes visualised the layout in his imagination.","By all accounts, homes visualize the layout in his imagination.",By all accounts.,20.0,70.0,20.0,0.0,100.0,0.0,70.0,0.0,0.0
Whisper base,Indian,89,All of these tropical cyclones are featured within the Atlantic hurricane database.,All of these tropical cyclones are featured within the Atlantic hurricane database.,All of these tropicals,0.0,75.0,0.0,8.33,0.0,0.0,66.67,0.0,0.0
Whisper base,Indian,90,This was followed by numberless other commissions which the painter carried out.,This was followed by numberless other commissions which the painter carried out.,This was followed by,0.0,66.67,0.0,0.0,0.0,0.0,66.67,0.0,0.0
Whisper base,Indian,91,He is also said to have 'converted' Charles Saatchi to conceptual art.,He is also said to have converted Charles Sachi to conceptual art.,He is also said to have converted child's such to conceptual art.,8.33,16.67,8.33,16.67,-100.0,0.0,0.0,0.0,0.0
Whisper base,Indian,92,This large size is needed for low divergence beams.,This large size is needed for low divergence beams.,This large size is needed for low divergence beams.,0.0,0.0,0.0,0.0,0.0,0.0,0.0,0.0,0.0
Whisper base,Indian,93,He has not played baseball professionally since then.,He has not laid this ball professionally since then.,He has not played baseball,37.5,37.5,25.0,0.0,100.0,0.0,37.5,12.5,0.0
Whisper base,Indian,94,Solomon and Gergana Passy have four children from their three marriages.,"Solomon and Gurgana Paz, he have four children from their three marriages.",Salomon and,27.27,90.91,18.18,9.09,50.0,0.0,81.82,9.09,0.0
Whisper base,Indian,95,"Instead of using a specific programming language, the algorithms are written in Pseudocode.","Instead of using a specific programming language, the algorithms are written in subo code.",Instead of using a specific programming language. The algorithms are written in,15.38,7.69,7.69,0.0,100.0,0.0,7.69,7.69,0.0
Whisper base,Indian,96,"He also was the past owner of the Rainfair Company, which made protective footwear.",He also was the past owner of the Rainfare Company which made protective footwear.,He also was the,7.14,71.43,7.14,0.0,100.0,0.0,71.43,0.0,0.0
Whisper base,Indian,97,Bill rather than continuing a life in music.,"Bill, rather than continuing a life in music.",Bill.,0.0,87.5,0.0,0.0,0.0,0.0,87.5,0.0,0.0
Whisper base,Indian,98,This title was retained in the Russian Empire.,The battle was retained in the Russian Empire.,The,25.0,87.5,25.0,0.0,100.0,0.0,87.5,0.0,0.0
Whisper base,Indian,99,He is a supporter of the international development charity Mary's meals.,"Is the support of the International Development Society, various meals?",The support of the support of the support of the support of the international,45.45,109.09,36.36,81.82,-125.0,9.09,0.0,0.0,27.27
Whisper base,Indian,100,I just felt like I wasn't seen or understood.,I just felt like I wasn't seeing or understood.,I just felt like I just felt like I wasn't seen or understood.,11.11,44.44,11.11,0.0,100.0,0.0,0.0,0.0,44.44
Whisper base,British,1,"After his retirement from politics, he moved from Barnet to Oxfordshire.","After his retirement from politics, he moved from Barnett to Oxfordshire.",After his retirement from,9.09,63.64,9.09,0.0,100.0,0.0,63.64,0.0,0.0
Whisper base,British,2,The Lakes Region Library of Citrus Libraries is in Inverness.,The Lakes Region Library of Citrus Libraries is an invernous.,The links.,20.0,90.0,20.0,10.0,50.0,0.0,80.0,0.0,0.0
Whisper base,British,3,"Among other actions, authorities raided breakfast program locations while children were eating.","Among other actions, authorities raid and breakfast program locations while children were eating.",Among other actions. Among other actions.,16.67,75.0,8.33,25.0,-200.0,0.0,50.0,8.33,0.0
Whisper base,British,4,Its divisions were transferred away.,Its divisions were transferred away.,It's divisions were transferred away.,0.0,0.0,0.0,0.0,0.0,0.0,0.0,0.0,0.0
Whisper base,British,5,Nicholas survived his political downfall.,Nicholas survivors political downfall.,Nicholas. Nicholas. Nicholas. Nicholas. Nicholas. Nicholas. Nicholas. Nicholas. Nicholas. Nicholas. Nicholas. Nicholas. Nicholas. Nicholas. Nicholas. Nicholas. Nicholas. Nicholas. Nicholas. Nicholas. Nicholas. Nicholas. Nicholas. Nicholas. Nicholas. Nicholas. Nicholas. Nicholas. Nicholas. Nicholas. Nicholas.,40.0,600.0,20.0,80.0,-300.0,20.0,0.0,0.0,520.0
Whisper base,British,6,This was the sixth Crown Prince Cup final to be held at the stadium.,This was the 6th Crown Prince Cup final to be held at the stadium.,This was the 6th was the 6th was the 6th was with a,7.14,78.57,7.14,71.43,-900.0,0.0,7.14,0.0,0.0
Whisper base,British,7,The Racers were picked to finish in seventh place.,The races were picked to finish in seventh place.,The racist.,11.11,88.89,11.11,11.11,0.0,0.0,77.78,0.0,0.0
Whisper base,British,8,It is the only known site in Utah associated with Harris.,It is the only known site in Utah associated with Harris.,It is the only known sighting,0.0,54.55,0.0,9.09,0.0,0.0,45.45,0.0,0.0
Whisper base,British,9,His daughter married Sir Henry Kitson and was the mother of Sir Frank Kitson.,His daughter married Sir Henry Kitson and was the mother of Sir Frank Kitson.,His,0.0,92.86,0.0,0.0,0.0,0.0,92.86,0.0,0.0
Whisper base,British,10,Its investment paid off and the team returned from each successive event with medals.,It's investment paid off and the team return from age-successive event with medals.,It's an,21.43,92.86,14.29,7.14,50.0,7.14,85.71,0.0,0.0
Whisper base,British,11,He previously served as the British Ambassador to Algeria.,He previously served as the British ambassador to Bulgaria.,He previously served as the British ambassador to Bulgaria.,11.11,11.11,11.11,11.11,0.0,0.0,0.0,0.0,0.0
Whisper base,British,12,"The toponyms ""Lake Thompson"" and ""Thompson River"" are linked.","The top anems, Lake Thompson and Thompson River are linked.",The top an,22.22,88.89,11.11,22.22,-100.0,0.0,66.67,11.11,0.0
Whisper base,British,13,He was elected as president of the Student association of Peru.,He was elected as president of the Student Association of Peru.,He was elected as president of the student association of Peru.,0.0,0.0,0.0,0.0,0.0,0.0,0.0,0.0,0.0
Whisper base,British,14,OKAY NOW FOR A REGULAR CONVERSATION SO UH WOULD YOU RATHER GO TO THE BEACH TODAY OR DO CLUB GOLF DISCUSS,"Okay, now for a regular conversation. So would you rather go to the beach today or do pub golf discuss?",Okay. Okay. Okay. Okay. Okay. Now for a regular conversation. So. Would you rather go to the beach today or do pub golf. Discuss.,9.52,28.57,4.76,4.76,0.0,4.76,4.76,0.0,19.05
Whisper base,British,15,YEAH THE WEATHER'S ACTUALLY QUITE NICE I FEEL LIKE WE HAVEN'T HAD SUN LIKE THIS WE HAD LIKE ONE DAY OF SUN IN LIKE THREE WEEKS YOU KNOW,"Yeah, the weather's actually quite nice. I feel like we haven't had some like this. We had like one day of sod in like three weeks, you know?",Yeah. Yeah. Yeah. Yeah. Yeah. Yeah. Yeah. Yeah. Yeah. Yeah. Yeah. Yeah. Yeah. Yeah. Yeah. Yeah. Yeah. Yeah. Yeah. Yeah. Yeah. Yeah. Yeah. Yeah. Yeah. Yeah. Yeah. Yeah. Yeah. Yeah. Yeah. Yeah. Yeah. Yeah. Yeah. Yeah. Yeah. Yeah. Yeah. Yeah. Yeah. Yeah. Yeah. Yeah. Yeah. Yeah. Yeah. Yeah. Yeah. Yeah. Yeah. Yeah. Yeah. Yeah. Yeah. Yeah. Yeah. Yeah. Yeah. Yeah. Yeah. Yeah. Yeah. Yeah. Yeah. Yeah. Yeah. Yeah. Yeah. Yeah. Yeah. Yeah. Yeah. Yeah. Yeah. Yeah. Yeah. Yeah. Yeah. Yeah. Yeah. Yeah. Yeah. Yeah. Yeah. Yeah. Yeah. Yeah. Yeah. Yeah. Yeah. Yeah. Yeah. Yeah. Yeah. Yeah. Yeah. Yeah. Yeah. Yeah. Yeah. Yeah. Yeah. Yeah. Yeah. Yeah. Yeah. Yeah. Yeah. Yeah. Yeah. Yeah. Yeah. Yeah. Yeah. Yeah. Yeah. Yeah. Yeah. Yeah. Yeah. Yeah. Yeah. Yeah. Yeah. Yeah. Yeah. Yeah. Yeah. Yeah. Yeah. Yeah. Yeah. Yeah. Yeah. Yeah. Yeah. Yeah. Yeah. Yeah. Yeah. Yeah. Yeah. Yeah. Yeah. Yeah. Yeah. Yeah. Yeah. Yeah. Yeah. Yeah. Yeah. Yeah. Yeah. Yeah. Yeah. Yeah. Yeah. Yeah. Yeah. Yeah. Yeah. Yeah. Yeah. Yeah. Yeah. Yeah. Yeah. Yeah. Yeah. Yeah. Yeah. Yeah. Yeah. Yeah. Yeah. Yeah. Yeah. Yeah. Yeah. Yeah. Yeah. Yeah. Yeah. Yeah. Yeah. Yeah. Yeah. Yeah. Yeah. Yeah. Yeah. Yeah. Yeah. Yeah. Yeah. Yeah. Yeah. Yeah. Yeah. Yeah. Yeah. Yeah. Yeah. Yeah. Yeah. Yeah. Yeah. Yeah. Yeah. Yeah. Yeah. Yeah. Yeah,7.14,764.29,7.14,96.43,-1250.0,0.0,0.0,0.0,667.86
Whisper base,British,16,YEAH THAT'S TRUE I MEAN WE COULD JUST GO AFTER THIS YOU KNOW WHAT'S STOPPING US,"Yeah, that's true. I mean, we could just go after this. Yeah, what's stopping us?",Yeah. Yeah. Yeah. Yeah. Yeah. Yeah. Yeah. Yeah. Yeah. Yeah. Yeah. Yeah. Yeah. Yeah. Yeah. Yeah. Yeah. Yeah. Yeah. Yeah. Yeah. Yeah. Yeah. Yeah. Yeah. Yeah. Yeah. Yeah. Yeah. Yeah. Yeah. Yeah. Yeah. Yeah. Yeah. Yeah. Yeah. Yeah. Yeah. Yeah. Yeah. Yeah. Yeah. Yeah. Yeah. Yeah. Yeah. Yeah. Yeah. Yeah. Yeah. Yeah. Yeah. Yeah. Yeah. Yeah. Yeah. Yeah. Yeah. Yeah. Yeah. Yeah. Yeah. Yeah. Yeah. Yeah. Yeah. Yeah. Yeah. Yeah. Yeah. Yeah. Yeah. Yeah. Yeah. Yeah. Yeah. Yeah. Yeah. Yeah. Yeah. Yeah. Yeah. Yeah. Yeah. Yeah. Yeah. Yeah. Yeah. Yeah. Yeah. Yeah. Yeah. Yeah. Yeah. Yeah. Yeah. Yeah. Yeah. Yeah. Yeah. Yeah. Yeah. Yeah. Yeah. Yeah. Yeah. Yeah. Yeah. Yeah. Yeah. Yeah. Yeah. Yeah. Yeah. Yeah. Yeah. Yeah. Yeah. Yeah. Yeah. Yeah. Yeah. Yeah. Yeah. Yeah. Yeah. Yeah. Yeah. Yeah. Yeah. Yeah. Yeah. Yeah. Yeah. Yeah. Yeah. Yeah. Yeah. Yeah. Yeah. Yeah. Yeah. Yeah. Yeah. Yeah. Yeah. Yeah. Yeah. Yeah. Yeah. Yeah. Yeah. Yeah. Yeah. Yeah. Yeah. Yeah. Yeah. Yeah. Yeah. Yeah. Yeah. Yeah. Yeah. Yeah. Yeah. Yeah. Yeah. Yeah. Yeah. Yeah. Yeah. Yeah. Yeah. Yeah. Yeah. Yeah. Yeah. Yeah. Yeah. Yeah. Yeah. Yeah. Yeah. Yeah. Yeah. Yeah. Yeah. Yeah. Yeah. Yeah. Yeah. Yeah. Yeah. Yeah. Yeah. Yeah. Yeah. Yeah. Yeah. Yeah. Yeah. Yeah. Yeah. Yeah. Yeah. Yeah. Yeah. Yeah. Yeah. Yeah. Yeah. Yeah. Yeah,12.5,1337.5,6.25,93.75,-1400.0,6.25,0.0,0.0,1243.75
Whisper base,British,17,PEOPLE GOING BOURBON OH MY GOD THAT SOUNDS ATROCIOUS YEAH,That sounds atrocious. Yeah.,That's a bit.,60.0,100.0,0.0,30.0,0.0,60.0,70.0,0.0,0.0
Whisper base,British,18,ANOTHER RIGHT ANOTHER NIGHT AT RASCALS,Another night at Rothschilds.,Another.,50.0,83.33,16.67,0.0,100.0,33.33,83.33,0.0,0.0
Whisper base,British,19,YEAH <OVERLAP> OF COURSE WELL THE BIG PROMOTER IS RIGHT HERE WITH ME BUT,"Yeah, of course, well, the big promoter is right here with me.","Yeah, yeah, yeah, yeah, yeah, yeah, yeah, yeah, yeah, yeah, yeah, yeah, yeah, yeah, yeah, yeah, yeah, yeah, yeah, yeah, yeah, yeah, yeah, yeah, yeah, yeah, yeah, yeah, yeah, yeah, yeah, yeah, yeah, yeah, yeah, yeah, yeah, yeah, yeah, yeah, yeah, yeah, yeah, yeah, yeah, yeah, yeah, yeah, yeah, yeah, yeah, yeah, yeah, yeah, yeah, yeah, yeah, yeah, yeah, yeah, yeah, yeah, yeah, yeah, yeah, yeah, yeah, yeah, yeah, yeah, yeah, yeah, yeah, yeah, yeah, yeah, yeah, yeah, yeah, yeah, yeah, yeah, yeah, yeah, yeah, yeah, yeah, yeah, yeah, yeah, yeah, yeah, yeah, yeah, yeah, yeah, yeah, yeah, yeah, yeah, yeah, yeah, yeah, yeah, yeah, yeah, yeah, yeah, yeah, yeah, yeah, yeah, yeah, yeah, yeah, yeah, yeah, yeah, yeah, yeah, yeah, yeah, yeah, yeah, yeah, yeah, yeah, yeah, yeah, yeah, yeah, yeah, yeah, yeah, yeah, yeah, yeah, yeah, yeah, yeah, yeah, yeah, yeah, yeah, yeah, yeah, yeah, yeah, yeah, yeah, yeah, yeah, yeah, yeah, yeah, yeah, yeah, yeah, yeah, yeah, yeah, yeah, yeah, yeah, yeah, yeah, yeah, yeah, yeah, yeah, yeah, yeah, yeah, yeah, yeah, yeah, yeah, yeah, yeah, yeah, yeah, yeah, yeah, yeah, yeah, yeah, yeah, yeah, yeah, yeah, yeah, yeah, yeah, yeah, yeah, yeah, yeah, yeah, yeah, yeah, yeah, yeah, yeah, yeah, yeah, yeah, yeah, yeah, yeah, yeah, yeah, yeah, yeah, yeah, yeah",14.29,1528.57,0.0,92.86,0.0,14.29,0.0,0.0,1435.71
Whisper base,British,20,YEAH NO WELL IT'S KIND OF FUNNY TO THINK THEY'LL BE ANALYZING THIS CONVERSATION BUT ANYWAY <LAUGH> YEAH,"Yeah, no, well, it's kind of funny to think they'll be analyzing this conversation, but anyway. Yeah.",Yeah. Yeah. Yeah. Yeah. Yeah.,5.56,88.89,0.0,16.67,0.0,5.56,72.22,0.0,0.0
Whisper base,British,21,OOH OKAY TELL ME ABOUT A PARTICULAR FOOD YOU USED TO LIKE WHEN YOU WERE A CHILD THEN,"Oh, okay, tell me about a particular field you used to like when you were a child then.","Oh,",11.11,100.0,11.11,5.56,50.0,0.0,94.44,0.0,0.0
Whisper base,British,22,WELL ACTUALLY ARE THEY LIKE ALL THESE ALL THESE ALL THESE DUMPLINGS OF EASTERN EUROPEAN ORIGIN,"Well, actually are they the goldies, all these dumplings of Eastern European origin?","Well, well, well, well, well, well, well, well, well, well, actually are they, the goldies, all these all these dumplings of Eastern European origin.",31.25,75.0,12.5,12.5,0.0,18.75,6.25,0.0,56.25
Whisper base,British,23,THAT DOES SOUND PRETTY GOOD IF I HADN'T JUST EATEN AN ENTIRE PEPPERONI PIZZA I COULD DEFINITELY SCRAN A FEW OF THOSE,"That does sound pretty good. If I hadn't just eaten an entire pepperoni pizza, I could definitely scramble a few of those.",That does. That does. That does. That does. That does. That does. I'm pretty good. If I hadn't just eaten an entire pepper any pizza. I could definitely scramble for you.,4.55,81.82,4.55,22.73,-400.0,0.0,9.09,0.0,50.0
Whisper base,British,24,THEY'RE NOT REALLY BIG WHEN THEY'RE DUMPLINGS ACTUALLY,They're not really big when they're dumplings actually.,And I'm,0.0,100.0,0.0,25.0,0.0,0.0,75.0,0.0,0.0
Whisper base,British,25,YEAH THEY HAVE WELL THE CLOSEST THING WE HAVE IS SOMETHING CALLED UM <FOREIGN> BUT IT'S NOT LIKE A DUMPLING IT'S LIKE WRAPPED IN THOSE LIKE BANANA LEAVES YOU KNOW,"Yeah, the closest thing we have is something called Saramadesh, but it's not like a dumpling. It's like wrapped in those banana leaves, you know?","Yeah, the. Yeah, the. Yeah, the. Yeah, the. Yeah, the. The. The. The. The. The. The. The. The. The. The. The. The. The. The. The. The. The. The. The. The. The. The. The. The. The. The. The. The. The. The. The. The. The. The. The. The. The. The. The. The. The. The. The. The. The. The. The. The. The. The. The. The. The. The. The. The. The. The. The. The. The. The. The. The. The. The. The. The. The. The. The. The. The. The. The. The. The. The. The. The. The. The. The. The. The. The. The. The. The. The. The. The. The. The. The. The. The. The. The. The. The. The. The. The. The. The. The. The. The. The. The. The. The. The. The. The. The. The. The. The. The. The. The. The. The. The. The. The. The. The. The. The. The. The. The. The. The. The. The. The. The. The. The. The. The. The. The. The. The. The. The. The. The. The. The. The. The. The. The. The. The. The. The. The. The. The. The. The. The. The. The. The. The. The. The. The. The. The. The. The. The. The. The. The. The. The. The. The. The. The. The. The. The. The. The. The. The. The. The. The. The. The. The. The. The",20.0,710.0,3.33,93.33,-2700.0,16.67,0.0,0.0,616.67
Whisper base,British,26,SO IT'S LIKE IT'S BEEF OR MINTS OR WHATEVER BUT IT'S WRAPPED IN THE LEAVES AND THEN YOU,"So it's like the formments or whatever, but it's wrapped in the leaves and then",So it's a,27.78,88.89,11.11,5.56,50.0,16.67,83.33,0.0,0.0
Whisper base,British,27,YEAH CABBAGE CABBAGE LEAVES AND LIKE YOU BOIL THE LEAVES AND YOU COOK THE MEAT AND THEN YOU WRAP THEM IN AND IT'S LIKE A A DUMPLING BUT WITH A LEAF ON THE OUTSIDE AND YOU EAT THAT WITH LIKE SOUR CREAM AND STUFF AND THAT'S PRETTY GOOD,"Yeah, cabbage, cabbage leaves. And like you boil the leaves and you cook them meat and then you wrap them in. And it's like a dumpling that would alif on the outside. And then you eat that with like sour cream and stuff and that's pretty good.","Yeah, yeah, yeah, yeah, yeah, yeah, yeah, yeah, yeah, yeah, yeah, yeah, yeah, yeah, yeah, yeah, yeah, yeah, yeah, yeah, yeah, yeah, yeah, yeah, yeah, yeah, yeah, yeah, yeah, yeah, yeah, yeah, yeah, yeah, yeah, yeah, yeah, yeah, yeah, yeah, yeah, yeah, yeah, yeah, yeah, yeah, yeah, yeah, yeah, yeah, yeah, yeah, yeah, yeah, yeah, yeah, yeah, yeah, yeah, yeah, yeah, yeah, yeah, yeah, yeah, yeah, yeah, yeah, yeah, yeah, yeah, yeah, yeah, yeah, yeah, yeah, yeah, yeah, yeah, yeah, yeah, yeah, yeah, yeah, yeah, yeah, yeah, yeah, yeah, yeah, yeah, yeah, yeah, yeah, yeah, yeah, yeah, yeah, yeah, yeah, yeah, yeah, yeah, yeah, yeah, yeah, yeah, yeah, yeah, yeah, yeah, yeah, yeah, yeah, yeah, yeah, yeah, yeah, yeah, yeah, yeah, yeah, yeah, yeah, yeah, yeah, yeah, yeah, yeah, yeah, yeah, yeah, yeah, yeah, yeah, yeah, yeah, yeah, yeah, yeah, yeah, yeah, yeah, yeah, yeah, yeah, yeah, yeah, yeah, yeah, yeah, yeah, yeah, yeah, yeah, yeah, yeah, yeah, yeah, yeah, yeah, yeah, yeah, yeah, yeah, yeah, yeah, yeah, yeah, yeah, yeah, yeah, yeah, yeah, yeah, yeah, yeah, yeah, yeah, yeah, yeah, yeah, yeah, yeah, yeah, yeah, yeah, yeah, yeah, yeah, yeah, yeah, yeah, yeah, yeah, yeah, yeah, yeah, yeah, yeah, yeah, yeah, yeah, yeah, yeah, yeah, yeah, yeah, yeah, yeah, yeah, yeah, yeah, yeah, yeah",14.58,445.83,8.33,97.92,-1075.0,4.17,0.0,2.08,347.92
Whisper base,British,28,AND HE'S ALWAYS LIKE OH YOU CAN'T FIND THEM AUTHENTICALLY MADE HERE SO IT DOESN'T BOTHER ME SHE LIKES THE WAY SHE DOES THEM SO HE'LL JUST EAT LIKE LOADS OF THOSE AT CHRISTMAS LIKE I'VE NEVER WE HAVEN'T DONE A CHRISTMAS TURKEY FOR LIKE TEN YEARS IT'S ALWAYS JUST A BUNCH OF ROMANIAN FOOD FOR SOME REASON,"And he's always like, oh, you can't find them authentically made here. So it doesn't bother. But she likes the way she does them. So he'll just eat loads of those at Christmas. We haven't done a Christmas turkey for 10 years. It's always just a bunch of Romanian food for some reason.","And he's always like, he's always like, he's always like, always like, oh, you can't find them authentically made his early disembodied, but she likes the way she does them. So he'll just eat like loads of those at Christmas. Like, we haven't done a Christmas turkey for like 10 years. It's always just a bunch of Romanian food for some reason.",12.07,29.31,3.45,8.62,-150.0,8.62,6.9,0.0,13.79
Whisper base,British,29,YEAH NO IT'S GREAT IT STARTED LIKE MAYBE LIKE FIVE OR SIX YEARS AGO MY SISTER WAS LIKE ''OH LET'S WATCH DIE HARD'' AND THEN I SAID I'D NEVER WATCHED IT EVERYONE GOES OH <OVERLAP> SO WE WATCHED DIE HARD AND YEAH IT'S IT'S THE BEST TRADITION BUT I THINK MY FAVORITE,"Yeah, no, it's great. It started like maybe like five or six years ago my sister was like, oh, let's switch to hard and then I said I never watched it. Never go. Oh, and yeah, it's the best tradition. I think I was that",Yeah. Yeah. Yeah. Yeah. Yeah. Yeah. Yeah. Yeah. Yeah. Yeah. Yeah. Yeah. Yeah. Yeah. Yeah. Yeah. Yeah. Yeah. Yeah. Yeah. Yeah. Yeah. Yeah. Yeah. Yeah. Yeah. Yeah. Yeah. Yeah. Yeah. Yeah. Yeah. Yeah. Yeah. Yeah. Yeah. Yeah. Yeah. Yeah. Yeah. Yeah. Yeah. Yeah. Yeah. Yeah. Yeah. Yeah. Yeah. Yeah. Yeah. Yeah. Yeah. Yeah. Yeah. Yeah. Yeah. Yeah. Yeah. Yeah. Yeah. Yeah. Yeah. Yeah. Yeah. Yeah. Yeah. Yeah. Yeah. Yeah. Yeah. Yeah. Yeah. Yeah. Yeah. Yeah. Yeah. Yeah. Yeah. Yeah. Yeah. Yeah. Yeah. Yeah. Yeah. Yeah. Yeah. Yeah. Yeah. Yeah. Yeah. Yeah. Yeah. Yeah. Yeah. Yeah. Yeah. Yeah. Yeah. Yeah. Yeah. Yeah. Yeah. Yeah. Yeah. Yeah. Yeah. Yeah. Yeah. Yeah. Yeah. Yeah. Yeah. Yeah. Yeah. Yeah. Yeah. Yeah. Yeah. Yeah. Yeah. Yeah. Yeah. Yeah. Yeah. Yeah. Yeah. Yeah. Yeah. Yeah. Yeah. Yeah. Yeah. Yeah. Yeah. Yeah. Yeah. Yeah. Yeah. Yeah. Yeah. Yeah. Yeah. Yeah. Yeah. Yeah. Yeah. Yeah. Yeah. Yeah. Yeah. Yeah. Yeah. Yeah. Yeah. Yeah. Yeah. Yeah. Yeah. Yeah. Yeah. Yeah. Yeah. Yeah. Yeah. Yeah. Yeah. Yeah. Yeah. Yeah. Yeah. Yeah. Yeah. Yeah. Yeah. Yeah. Yeah. Yeah. Yeah. Yeah. Yeah. Yeah. Yeah. Yeah. Yeah. Yeah. Yeah. Yeah. Yeah. Yeah. Yeah. Yeah. Yeah. Yeah. Yeah. Yeah. Yeah. Yeah. Yeah. Yeah. Yeah. Yeah. Yeah. Yeah. Yeah. Yeah. Yeah. Yeah. Yeah. Yeah. Yeah. Yeah. Yeah. Yeah. Yeah. Yeah,30.77,409.62,13.46,96.15,-614.29,15.38,0.0,1.92,313.46
Whisper base,British,30,I THINK IT'S QUITE AN AMERICAN THING,I think it's quite an American thing.,And I think.,0.0,85.71,0.0,0.0,0.0,0.0,71.43,0.0,14.29
Whisper base,British,31,IT'S LIKE YOU WATCH HOME ALONE OR THE THE SCROOGE MCDUCK ONE OR WHATEVER THAT'S CALLED OR DIE HARD BUT I REMEMBER A FEW YEARS AGO THERE WAS ONE TIME WHERE WE WATCHED DIE HARD ONE AND EVERYONE KINDA LIKE FELL ASLEEP FROM A FOOD COMA AND THEN MY DAD WAS LIKE OKAY HE JUST PUT ON DIE HARD TWO SO WE WATCHED DIE HARD ONE AT LIKE FOUR O'CLOCK AND THEN ABOUT TWENTY MINUTES INTO DIE HARD TWO I JUST PASSED OUT AND FELL ASLEEP ON THE COUCH AND THIS <OVERLAP> SIX THIRTY I WAKE UP AROUND MIDNIGHT AND I'M LIKE WHAT'S GOING ON AND MY DAD IS LIKE SEVENTY PERCENT OF THE WAY THROUGH DIE HARD FOUR HE JUST WATCHED LIKE ALL FOUR OF THEM BACK TO BACK <LAUGH> <DTMF> EVERYBODY ELSE IS ASLEEP HE WAS JUST THERE LIKE OH WELL TIME FOR DIE HARD THREE OH WELL TIME FOR DIE HARD FOUR,"It's like you watch home alone or the Scrooge McDock one, whatever that's called or die hard. But I remember a few years ago, there was one time where we watched die hard one and everyone kind of like fell asleep from a food coma. And then my dad was like, okay, he just put on die hard too. So he watched die hard one at like four o'clock. And then about 20 minutes of the die hard too, I just passed out in a fell asleep on the couch. And this is like 630. I wake up around midnight.","It's like, it's like, it's like, it's like, it's like, it's like you watch home alone or the the scrooge, Mac.com, whatever that's called, or die. Hard. Remember a few years ago, there was one time where we watched die. Hard. One and everyone kind of like fell asleep from a food coma. And then my dad was like, okay, he just put on die. Hard. Two. So he watched die. Hard. One. Like four o'clock. And then about 20 minutes of the die. Hard. Two. I just passed out in a fell asleep on the couch. And this is the. That's the. That's the. The. The. The. The. The. The. The. The. The. The. The. The. The. The. The. The. The. The. The. The. The. The. The. The. The. The. The. The. The. The. The. The. The. The. The. The. The. The. The. The. The. The. The. The. The. The. The. The. The. The. The. The. The. The. The. The. The. The. The. The. The. The. The. The. The. The. The. The. The. The. The. The. The. The. The. The. The. The. The. The. The. The. The. The. The. The. The. The. The. The. The. The. The. The. The. The. The. The. The. The. The. The. The. The. The. The. The. The. The. The. The. The. The. The. The. The. The. The. The. The. The. The. The. The. The. The. The. The. The. The. The. The. The. The. The. The. The. The. The.",46.45,108.39,7.1,44.52,-527.27,37.42,3.23,1.94,60.65
Whisper base,British,32,YEAH I DUNNO THAT WAS THAT WAS A GREAT CHRISTMAS I THINK THAT WAS THAT WAS LIKE THE FIRST CORONA CHRISTMAS HE JUST FULLY LOST IT,"Yeah, I don't know. That was a great Christmas. I think that was, I was like the first corona Christmas. He just fully lost the.","Yeah, yeah, yeah, yeah, yeah, yeah, yeah, yeah, yeah, yeah, yeah, yeah, yeah, yeah, yeah, yeah, yeah, yeah, yeah, yeah, yeah, yeah, yeah, yeah, yeah, yeah, yeah, yeah, yeah, yeah, yeah, yeah, yeah, yeah, yeah, yeah, yeah, yeah, yeah, yeah, yeah, yeah, yeah, yeah, yeah, yeah, yeah, yeah, yeah, yeah, yeah, yeah, yeah, yeah, yeah, yeah, yeah, yeah, yeah, yeah, yeah, yeah, yeah, yeah, yeah, yeah, yeah, yeah, yeah, yeah, yeah, yeah, yeah, yeah, yeah, yeah, yeah, yeah, yeah, yeah, yeah, yeah, yeah, yeah, yeah, yeah, yeah, yeah, yeah, yeah, yeah, yeah, yeah, yeah, yeah, yeah, yeah, yeah, yeah, yeah, yeah, yeah, yeah, yeah, yeah, yeah, yeah, yeah, yeah, yeah, yeah, yeah, yeah, yeah, yeah, yeah, yeah, yeah, yeah, yeah, yeah, yeah, yeah, yeah, yeah, yeah, yeah, yeah, yeah, yeah, yeah, yeah, yeah, yeah, yeah, yeah, yeah, yeah, yeah, yeah, yeah, yeah, yeah, yeah, yeah, yeah, yeah, yeah, yeah, yeah, yeah, yeah, yeah, yeah, yeah, yeah, yeah, yeah, yeah, yeah, yeah, yeah, yeah, yeah, yeah, yeah, yeah, yeah, yeah, yeah, yeah, yeah, yeah, yeah, yeah, yeah, yeah, yeah, yeah, yeah, yeah, yeah, yeah, yeah, yeah, yeah, yeah, yeah, yeah, yeah, yeah, yeah, yeah, yeah, yeah, yeah, yeah, yeah, yeah, yeah, yeah, yeah, yeah, yeah, yeah, yeah, yeah, yeah, yeah, yeah, yeah, yeah, yeah, yeah, yeah",19.23,823.08,15.38,96.15,-525.0,3.85,0.0,0.0,726.92
Whisper base,British,33,ALMOST ALMOST CERTAINLY WENT A TAD INSANE,"my soul, my soul, my soul, my soul, my soul, my soul, my soul, my soul, my soul, my soul, my soul, my soul, my soul, my soul, my soul, my soul, my soul, my soul, my soul, my soul, my soul, my soul, my soul, my soul, my soul, my soul, my soul, my soul, my soul, my soul, my soul, my soul, my soul, my soul, my soul, my soul, my soul, my soul, my soul, my soul, my soul, my soul, my soul, my soul, my soul, my soul, my soul, my soul, my soul, my soul, my soul, my soul, my soul, my soul, my soul, my soul, my soul, my soul, my soul, my soul, my soul, my soul, my soul, my soul, my soul, my soul, my soul, my soul, my soul, my soul, my soul, my soul, my soul, my soul, my soul, my soul, my soul, my soul, my soul, my soul, my soul, my soul, my soul, my soul, my soul, my soul, my soul, my soul, my soul, my soul, my soul, my soul, my soul, my soul, my soul, my soul, my soul, my soul, my soul, my soul, my soul, my soul, my soul, my soul, my soul, my soul, my soul, my soul, my soul, my soul, my soul, my soul, my soul, my soul, my soul, my soul, my soul, my soul, my soul, my soul, my soul, my soul, my soul, my soul, my soul, my soul, my soul, my soul, my soul, my soul, my soul, my soul, my soul, my soul, my soul, my soul, my soul, my soul, my soul, my soul, my soul, my soul, my soul, my soul, my soul, my soul, my soul, my soul,",And,4228.57,100.0,100.0,14.29,85.71,0.0,85.71,4128.57,0.0
Whisper base,British,34,YEAH YOU CAN ACTUALLY WATCH BRUCE WILLIS GET LIKE MORE AND MORE BOLD AS THE FILMS GO THROUGH IT'S QUITE FUN,"Yeah, you can actually watch Bruce Willis get like more and more bold as the films go through. It's quite fun.",Yeah. Yeah. Yeah. Yeah. Yeah. You can actually watch Bruce Willis get like more and more bold as the films go through. It's quite fun.,0.0,19.05,0.0,0.0,0.0,0.0,0.0,0.0,19.05
Whisper base,British,35,OH I JUST SAW SOMEONE OUTSIDE WITH THE NEW HAVE YOU SEEN THE NEW LIKE AIRPOD HEADPHONES,"Oh, I just saw someone outside with the new, have you seen the new like airport headphones?","Oh, I just also went outside with the new. Have you seen the new like airport headphones?",5.88,17.65,5.88,17.65,-200.0,0.0,0.0,0.0,0.0
Whisper base,British,36,YOU SHOULD LOOK THEM UP AFTER THIS BUT THEY'RE REALLY GUCCI THEY'RE LIKE THEY THEY HAVE THAT LIKE OLD LIKE EIGHTIES FANCY HEADPHONE LIKE HI FI DESIGN BUT THEY THEY'RE LIKE SIX HUNDRED QUID AS WELL BUT APPARENTLY THEY'RE REALLY GOOD BUT ALSO YOU LOOK LIKE A COMPLETE TOOL WEARING THEM,"You should look them up after this, but they're really spooky. They're like, they have their like old like 80s fancy headphone like high-fi design, but they're like 600 quid as well, but apparently they're really good. Also, you know, like a complete tool wearing them.",You should look.,21.57,94.12,11.76,0.0,100.0,9.8,94.12,0.0,0.0
Whisper base,British,37,PEOPLE PEOPLE WHEN THEY FIRST CAME OUT PEOPLE MOCKED THEM SO HARD AND NOW THEY'RE JUST EVERYWHERE,people when they first came out people mocked them so hard and now they just want to,And I'm,23.53,94.12,11.76,5.88,50.0,5.88,88.24,5.88,0.0
Whisper base,British,38,TO BE FAIR I REMEMBER WHEN I FIRST GOT AIRPODS IT'S LIKE CAUSE I TRIED TO LIKE LIKE BACK THEN BEATS HAD SOME LIKE WIRELESS EARBUDS AND STUFF AND THEY'VE PROBABLY GOTTEN A LOT BETTER NOW BUT THEY'RE LIKE SONY ONES BACK IN TWENTY SIXTEEN OR WHATEVER THEY WERE COMPLETE SHIT THEY WERE FALLING OUT OF YOUR EARS,"I remember when I first got my report, it's like because I tried to like back then beats had some like wireless earbuds and stuff and they probably got in a lot better now but the like Sony ones back in 2016 or whatever they were complete shit they were falling out of his",I remember.,25.86,96.55,12.07,0.0,100.0,10.34,96.55,3.45,0.0
Whisper base,British,39,AND YOU GET AIRPODS AND IT'S JUST LIKE BOOP CONNECTED TO MY PHONE EASY PEASY,"I don't have any more things. It's just like, boop, connect to my phone. Easy, easy.",I'm,53.33,100.0,46.67,6.67,85.71,0.0,93.33,6.67,0.0
Whisper base,British,40,YEAH I NEVER I NEVER WORKED OUT WHY THAT DIDN'T ACTUALLY BECOME A BIG THING REMEMBER SMOSH MADE A VIDEO WHERE THEY LIKE ROASTED,"Yeah, I never worked out why that didn't actually come a big thing. I remember Smosh made a video where they were like, yeah.",Yeah. Yeah. Yeah. Yeah. Yeah. Yeah. Yeah. Yeah. Yeah. Yeah. Yeah. Yeah. Yeah. Yeah. Yeah. Yeah. Yeah. Yeah. Yeah. Yeah. Yeah. Yeah. Yeah. Yeah. Yeah. Yeah. Yeah. Yeah. Yeah. Yeah. Yeah. Yeah. Yeah. Yeah. Yeah. Yeah. Yeah. Yeah. Yeah. Yeah. Yeah. Yeah. Yeah. Yeah. Yeah. Yeah. Yeah. Yeah. Yeah. Yeah. Yeah. Yeah. Yeah. Yeah. Yeah. Yeah. Yeah. Yeah. Yeah. Yeah. Yeah. Yeah. Yeah. Yeah. Yeah. Yeah. Yeah. Yeah. Yeah. Yeah. Yeah. Yeah. Yeah. Yeah. Yeah. Yeah. Yeah. Yeah. Yeah. Yeah. Yeah. Yeah. Yeah. Yeah. Yeah. Yeah. Yeah. Yeah. Yeah. Yeah. Yeah. Yeah. Yeah. Yeah. Yeah. Yeah. Yeah. Yeah. Yeah. Yeah. Yeah. Yeah. Yeah. Yeah. Yeah. Yeah. Yeah. Yeah. Yeah. Yeah. Yeah. Yeah. Yeah. Yeah. Yeah. Yeah. Yeah. Yeah. Yeah. Yeah. Yeah. Yeah. Yeah. Yeah. Yeah. Yeah. Yeah. Yeah. Yeah. Yeah. Yeah. Yeah. Yeah. Yeah. Yeah. Yeah. Yeah. Yeah. Yeah. Yeah. Yeah. Yeah. Yeah. Yeah. Yeah. Yeah. Yeah. Yeah. Yeah. Yeah. Yeah. Yeah. Yeah. Yeah. Yeah. Yeah. Yeah. Yeah. Yeah. Yeah. Yeah. Yeah. Yeah. Yeah. Yeah. Yeah. Yeah. Yeah. Yeah. Yeah. Yeah. Yeah. Yeah. Yeah. Yeah. Yeah. Yeah. Yeah. Yeah. Yeah. Yeah. Yeah. Yeah. Yeah. Yeah. Yeah. Yeah. Yeah. Yeah. Yeah. Yeah. Yeah. Yeah. Yeah. Yeah. Yeah. Yeah. Yeah. Yeah. Yeah. Yeah. Yeah. Yeah. Yeah. Yeah. Yeah. Yeah. Yeah. Yeah. Yeah. Yeah. Yeah. Yeah. Yeah. Yeah,25.0,891.67,8.33,95.83,-1050.0,8.33,0.0,8.33,795.83
Whisper base,British,41,THE HELL OUT OF IT BUT THEN THEY NEVER ACTUALLY LIKE MADE THEM,"hell out of it. Yeah, they never actually made them.",The,30.77,92.31,7.69,0.0,100.0,23.08,92.31,0.0,0.0
Whisper base,British,42,I'M ALSO ALMOST CERTAIN THAT LIKE EVERY SINGLE PERSON OR THE LIKE LAB RATS THEY HAD DOING THEM GOT SOME KIND OF LIKE RETINAL CANCER OR SOMETHING,I'm also almost certain that like every single person or the lab rats they had doing and got some kind of like rental cancer or something.,"And also. And also almost certainly. And also almost certainly. And also almost certainly every single person, all the like lab rats they had doing and got some kind of like rental cancer or something.",11.11,55.56,7.41,25.93,-250.0,3.7,0.0,0.0,29.63
Whisper base,British,43,GOOGLE GOOGLE THEY UH THEY LIKE THEIR VISION WAS JUST RUINED AND GOOGLE PROBABLY HUSHED THEM,"Google, they, like their vision was just ruined and Google probably hushed them.",Google,18.75,93.75,0.0,0.0,0.0,18.75,93.75,0.0,0.0
Whisper base,British,44,YEAH THEY DID LOOK PRETTY DUMB,"Yeah, they did look pretty dumb.",Yeah.,0.0,83.33,0.0,0.0,0.0,0.0,83.33,0.0,0.0
Whisper base,British,45,UM SEE WHAT ELSE WE HAVE IN THE OLD PROMPT SECTION,"Well, see what else we have in the old prompt section.","Well,",9.09,100.0,9.09,9.09,0.0,0.0,90.91,0.0,0.0
Whisper base,British,46,DID YOU HAVE A FAVORITE BOOK OR FILM OR TV SHOW OR CARTOON AS A CHILD WHAT WAS IT ABOUT,Did you have a favorite book or film or TV show or cartoon as a child? What was it about?,Did you have a,0.0,80.0,0.0,0.0,0.0,0.0,80.0,0.0,0.0
Whisper base,British,47,ADVENTURE TIME I READ THIS BOOK WHEN I WAS A KID CALLED UM DO YOU EVER READ THIS JAY THE PHANTOM TOLL BOOTH,I read this book when I was a kid called Do you ever read this giant? The Phantom Toll booth?,I read the,17.39,86.96,4.35,0.0,100.0,13.04,86.96,0.0,0.0
Whisper base,British,48,IT'S VERY CLASSIC LIKE EIGHT YEAR OLD BOY BOOK BUT IT'S SUPER FUCKING JARRING BECAUSE IT'S BASICALLY LIKE THIS KID THAT GOES INTO LIKE AN ALTERNATE DIMENSION WHERE MATHS THERE'S LIKE A BUNCH OF WEIRD SUPERHEROES THAT ALL HAVE LIKE MATH POWER HE'S LIKE A MATH WIZARD AND STUFF,It's very classic like a year old boy book. It's super fucking jarring because it's basically like this kid that goes into like an object dimension where maths is like a bunch of weird superheroes that all have like math power like a math wizard and stuff.,And I'm,10.2,97.96,6.12,2.04,66.67,4.08,95.92,0.0,0.0
Whisper base,British,49,AND THERE WAS THIS ONE KID WHO WOULD JUST GO AROUND LIKE FLOATING IN MID AIR,And there was this one kid who would just go around like floating in mid air.,And there was,0.0,81.25,0.0,0.0,0.0,0.0,81.25,0.0,0.0
Whisper base,British,50,AND THE MAIN CHARACTER SEES HIM AND HE GOES WHY ARE YOU FLOATING IN MID AIR AND THEN HE SAYS UM YOU KNOW HOW WHEN YOU GROW UP AS YOU GET TALLER YOUR LIKE VANTAGE POINT IS CONSTANTLY CHANGING THROUGHOUT THE YEARS 'CAUSE YOU'RE GETTING TALLER AND TALLER AND HE SAYS HE COMES FROM A SPECIES WHERE EVERYONE STARTS WITH THEIR HEAD WHERE <DTMF> UP AND YOUR LEGS JUST GO DOWN <LAUGH> AND EVENTUALLY YOU TOUCH THE GROUND LIKE IT'S LIKE OH THAT MAKES WAY MORE SENSE BECAUSE NOW I ALWAYS LOOK AT THINGS THE SAME WAY I THOUGHT THAT WAS SUCH A WEIRD IDEA,"And the main character sees him and he goes, why are you floating in mid air? And he says, you know how when you grow up as you get taller, you're like vantage point is constantly changing front of the years because you're getting taller and taller. And he says he comes from a species where everyone starts with their head where it f's up and your legs just go down and eventually touch the ground. And he's like, oh, that makes way more sense because now I always look at things the same way.","And the main character. And the main character. And he goes, why are you floating in mid air? And he says, you know how when you grow up as you get taller, you're like vantage point is constantly changing front the years because you're getting taller and taller. And he says he comes from a species where everyone starts with their head where f is up and your legs just go down and eventually touch the ground. And they go, that makes way more sense because now I always look at things the same way.",19.05,23.81,5.71,8.57,-50.0,11.43,12.38,1.9,2.86
Whisper base,British,51,AS A KID I DON'T KNOW IT'S QUITE TOUGH I FEEL LIKE I PROBABLY DID WATCH LOADS OF MOVIES AS A KID BUT A LOT OF THEM WERE LIKE DUMB LIKE DISNEY FILMS AND STUFF,"as a kid. I don't know. That's quite tough. I feel like I probably did wish leds him or as a kid, but a lot of them were just like dumb like Disney films and stuff.",as a,17.14,94.29,14.29,0.0,100.0,0.0,94.29,2.86,0.0
Whisper base,British,52,YOU KNOW I'M NOT GON I USED TO LOVE UM YOU KNOW THE THE JIM CARREY MOVIE THE MASK,"I'm not gonna, I used to love, you know, that Jim carried me with a mask.",Okay. Okay. Okay. Okay. Okay. Okay. Okay. Okay. Okay. Okay. Okay. Okay. Okay. Okay. Okay. Okay. Okay. Okay. Okay. Okay. Okay. Okay. Okay. Okay. Okay. Okay. Okay. Okay. Okay. Okay. Okay. Okay. Okay. Okay. Okay. Okay. Okay. Okay. Okay. Okay. Okay. Okay. Okay. Okay. Okay. Okay. Okay. Okay. Okay. Okay. Okay. Okay. Okay. Okay. Okay. Okay. Okay. Okay. Okay. Okay. Okay. Okay. Okay. Okay. Okay. Okay. Okay. Okay. Okay. Okay. Okay. Okay. Okay. Okay. Okay. Okay. Okay. Okay. Okay. Okay. Okay. Okay. Okay. Okay. Okay. Okay. Okay. Okay. Okay. Okay. Okay. Okay. Okay. Okay. Okay. Okay. Okay. Okay. Okay. Okay. Okay. Okay. Okay. Okay. Okay. Okay. Okay. Okay. Okay. Okay. Okay. Okay. Okay. Okay. Okay. Okay. Okay. Okay. Okay. Okay. Okay. Okay. Okay. Okay. Okay. Okay. Okay. Okay. Okay. Okay. Okay. Okay. Okay. Okay. Okay. Okay. Okay. Okay. Okay. Okay. Okay. Okay. Okay. Okay. Okay. Okay. Okay. Okay. Okay. Okay. Okay. Okay. Okay. Okay. Okay. Okay. Okay. Okay. Okay. Okay. Okay. Okay. Okay. Okay. Okay. Okay. Okay. Okay. Okay. Okay. Okay. Okay. Okay. Okay. Okay. Okay. Okay. Okay. Okay. Okay. Okay. Okay. Okay. Okay. Okay. Okay. Okay. Okay. Okay. Okay. Okay. Okay. Okay. Okay. Okay. Okay. Okay. Okay. Okay. Okay. Okay. Okay. Okay. Okay. Okay. Okay. Okay. Okay. Okay. Okay. Okay. Okay. Okay. Okay. Okay,52.63,1131.58,36.84,100.0,-171.43,15.79,0.0,0.0,1031.58
Whisper base,British,53,THE SCENE WHERE HE STARTS DANCING AND DOES LIKE THE LITTLE CONGA ROUTINE IT'S JUST,the seed where he starts dancing and does the little congregate.,The,40.0,93.33,13.33,0.0,100.0,26.67,93.33,0.0,0.0
Whisper base,British,54,YEAH IT'S GREAT AND HE HAS SO MANY GOOFY UH NOISES AND MOVEMENTS AND STUFF WITH HAMMERS AND HIS EXPLOSIONS,And he has so many goofy noises and moments and stuff with hammers and his explosions.,And he has a,25.0,85.0,5.0,5.0,0.0,20.0,80.0,0.0,0.0
Whisper base,British,55,I CAN'T BELIEVE THAT MUSICAL IS STILL RUNNING WICKED,I can't believe that musical is still running wicked.,I can't leave that musical is still running wicked.,0.0,11.11,0.0,11.11,0.0,0.0,0.0,0.0,0.0
Whisper base,British,56,I LIKE I REMEMBER BEING A KID WALKING AROUND LONDON AND YOU SEE THE ADS FOR THAT THERE'S THAT AND THE LION KING WHO IS LIKE HOW CAN THERE STILL BE DEMAND HOW HAS EVERYONE NOT WATCHED THEM ALREADY,"I remember being a kid working here on London and you see the ads for that. Is that an Align King? Who is like, how can there still be demand? How is everyone not watched them already?","I remember. I remember. I remember. I remember being a kid working here on London. You see the ads for that. That and the Lion King. Who is like, how can there still be demand? How is everyone not watched them already?",25.64,28.21,15.38,10.26,33.33,7.69,5.13,2.56,12.82
Whisper base,British,57,YEAH I GUESS SO THEY'RE LIKE <OVERLAP>,"Yeah, I guess so.","Yeah, yeah.",42.86,85.71,0.0,14.29,0.0,42.86,71.43,0.0,0.0
Whisper base,British,58,I WENT TO SEE I WENT TO SEE UH A PERFORMANCE OF MAMA MIA IN GREECE AND IT WAS JUST LIKE THE GAYEST THING I'VE EVER SEEN THEY WENT SUPER CAMP WITH IT IT WAS HILARIOUS BECAUSE YOU HAD THIS LIKE,"I went to see a performance of Mama Mia in Greece and it was just like the gayest thing I've ever seen. It went to a camp with it, it was hilarious because you had this like",I went to see a,19.51,87.8,4.88,0.0,100.0,12.2,87.8,2.44,0.0
Whisper base,British,59,TINY BLONDE GREEK GIRL AND THERE WERE LIKE FORTY DUDES BECAUSE YOU KNOW HOW LIKE EACH OF THE THREE DUDES THAT THINKS IT'S HER DAD IT'S LIKE SLIGHTLY DIFFERENT,tiny blonde Greek girl and there were like 40 dudes because you know how like each of the three dudes at thinks his her dad is like slightly different.,I'm,13.79,100.0,13.79,3.45,75.0,0.0,96.55,0.0,0.0
Whisper base,British,60,I MIGHT BE COMPLETELY MISREMEMBERING MAMA MIA BUT THAT'S WHAT HAPPENED IN THE PLAY ANYWAY,"I might be completely mismembring over here, but that's what I'm having to play anyway.",I'm a bit. I'm a bit. I'm a bit. I'm a bit. I'm a bit. I'm a bit. I'm a bit. I'm a bit. I'm a bit. I'm a bit. I'm a bit. I'm a bit. I'm a bit. I'm a bit. I'm a bit. I'm a bit. I'm a bit. I'm a bit. I'm a bit. I'm a bit. I'm a bit. I'm a bit. I'm a bit. I'm a bit. I'm a bit. I'm a bit. I'm a bit. I'm a bit. I'm a bit. I'm a bit. I'm a bit. I'm a bit. I'm a bit. I'm a bit. I'm a bit. I'm a bit. I'm a bit. I'm a bit. I'm a bit. I'm a bit. I'm a bit. I'm a bit. I'm a bit. I'm a bit. I'm a bit. I'm a bit. I'm a bit. I'm a bit. I'm a bit. I'm a bit. I'm a bit. I'm a bit. I'm a bit. I'm a bit. I'm a bit. I'm a bit. I'm a bit. I'm a bit. I'm a bit. I'm a bit. I'm a bit. I'm a bit. I'm a bit. I'm a bit. I'm a bit. I'm a bit. I'm a bit. I'm a bit. I'm a bit. I'm a bit. I'm a bit. I'm a bit. I'm a bit. I'm a bit. I'm a bit. I'm a bit. I'm a bit. I'm a bit. I'm a bit. I'm a bit. I'm a bit. I'm a bit. I'm a bit. I'm a bit. I'm a bit. I'm a bit,40.0,1720.0,40.0,100.0,-150.0,0.0,0.0,0.0,1620.0
Whisper base,British,61,IT WAS SUPER FUNNY BECAUSE IT WAS JUST LIKE IN THIS PLAY IT WAS BASICALLY THREE GAY DUDES ALL DRESSED IN LIKE SEQUINS WITH ONE WAS LIKE FULLY PURPLE ONE WAS FULLY,It was super funny because it was just like in this play. It was basically three gay dudes all dressed in like sequins with one of them like fully purple one was fully,I'm,6.25,100.0,3.12,3.12,0.0,0.0,96.88,3.12,0.0
Whisper base,British,62,AND THEY WOULD JUST DO ALL THESE DANCES ON STAGE IT WAS HILARIOUS,"do what these dancers on stage, you know, there it is.",the,84.62,100.0,23.08,7.69,66.67,38.46,92.31,23.08,0.0
Whisper base,British,63,YEAH WELL BECAUSE A LOT OF IT WAS JUST THEY WERE JUST SINGING THE SONGS,"Because alone, they were just singing the songs.",because of the,53.33,80.0,6.67,0.0,100.0,46.67,80.0,0.0,0.0
Whisper base,British,64,I THINK I THINK MOST OF THEM THEY ADAPTED TO GREEK BUT LIKE THE FAMOUS ONES THEY KEPT IN ENGLISH LIKE MAMA MIA THEY SANG IN ENGLISH AND UM WHAT'S THE ONE THEY SING WHEN THEY'RE IN THE OCEAN LIKE DON'T GO LIKE THAT LAY ALL YOUR LAY ALL YOUR LOVE ON ME I THINK THAT ONE THEY KEPT IN ENGLISH,"I think most of them they adapted to Greek but like the famous ones they kept in English. Mamma mia they sang in English and what's the one they sing when they're in the ocean? Like don't go like that. Lay on your lap, lay on your lap on me. I think that one they can't know English.",I think. I think. I think. I think. I think. I think most of the most of the English.,18.03,88.52,9.84,19.67,-100.0,6.56,68.85,1.64,0.0
Whisper base,British,65,FINDING NEMO THAT'S A WEIRD THAT'S A MOVIE I HAVEN'T WATCHED SINCE I WAS LIKE A LITTLE KID AND ALL I REMEMBER,finding me right. That's a weird movie I haven't watched since I was a little kid and all that.,And I'm,31.82,95.45,9.09,4.55,50.0,18.18,90.91,4.55,0.0
Whisper base,British,66,NO I'VE NEVER ACTUALLY SEEN THE SWEDISH VERSION OF FINDING NEMO,"No, I've never actually seen the Swedish version of finding it.","No, no.",9.09,90.91,9.09,9.09,0.0,0.0,81.82,0.0,0.0
Whisper base,British,67,IS THAT HOW YOU SAY THE END IN SWEDISH,Is that how you say the end in Swedish?,Is that is that is that is that is that is that has a,0.0,133.33,0.0,77.78,0.0,0.0,0.0,0.0,55.56
Whisper base,British,68,AND WITH THAT THAT'S BEEN FIFTEEN MINUTES I THINK WE CAN CALL IT A DAY EXCELLENT CONVERSATION,"And with that, that's been 50 minutes, I think we could call it a day.",and with that.,23.53,82.35,11.76,0.0,100.0,11.76,82.35,0.0,0.0
Whisper base,British,69,YEAH YEAH THAT WAS GOOD FUN ALL RIGHT COME BACK ROUND I'LL FINISH THE RECORDING NOW TOODLES,"Yeah, now it's good fun. All right, come background. I'll finish the recording now.",Yeah. Yeah. Yeah. Yeah. Yeah. Yeah. Yeah. Yeah. Yeah. Yeah. Yeah. Yeah. Yeah. Yeah. Yeah. Yeah. Yeah. Yeah. Yeah. Yeah. Yeah. Yeah. Yeah. Yeah. Yeah. Yeah. Yeah. Yeah. Yeah. Yeah. Yeah. Yeah. Yeah. Yeah. Yeah. Yeah. Yeah. Yeah. Yeah. Yeah. Yeah. Yeah. Yeah. Yeah. Yeah. Yeah. Yeah. Yeah. Yeah. Yeah. Yeah. Yeah. Yeah. Yeah. Yeah. Yeah. Yeah. Yeah. Yeah. Yeah. Yeah. Yeah. Yeah. Yeah. Yeah. Yeah. Yeah. Yeah. Yeah. Yeah. Yeah. Yeah. Yeah. Yeah. Yeah. Yeah. Yeah. Yeah. Yeah. Yeah. Yeah. Yeah. Yeah. Yeah. Yeah. Yeah. Yeah. Yeah. Yeah. Yeah. Yeah. Yeah. Yeah. Yeah. Yeah. Yeah. Yeah. Yeah. Yeah. Yeah. Yeah. Yeah. Yeah. Yeah. Yeah. Yeah. Yeah. Yeah. Yeah. Yeah. Yeah. Yeah. Yeah. Yeah. Yeah. Yeah. Yeah. Yeah. Yeah. Yeah. Yeah. Yeah. Yeah. Yeah. Yeah. Yeah. Yeah. Yeah. Yeah. Yeah. Yeah. Yeah. Yeah. Yeah. Yeah. Yeah. Yeah. Yeah. Yeah. Yeah. Yeah. Yeah. Yeah. Yeah. Yeah. Yeah. Yeah. Yeah. Yeah. Yeah. Yeah. Yeah. Yeah. Yeah. Yeah. Yeah. Yeah. Yeah. Yeah. Yeah. Yeah. Yeah. Yeah. Yeah. Yeah. Yeah. Yeah. Yeah. Yeah. Yeah. Yeah. Yeah. Yeah. Yeah. Yeah. Yeah. Yeah. Yeah. Yeah. Yeah. Yeah. Yeah. Yeah. Yeah. Yeah. Yeah. Yeah. Yeah. Yeah. Yeah. Yeah. Yeah. Yeah. Yeah. Yeah. Yeah. Yeah. Yeah. Yeah. Yeah. Yeah. Yeah. Yeah. Yeah. Yeah. Yeah. Yeah. Yeah. Yeah. Yeah. Yeah. Yeah. Yeah. Yeah. Yeah,35.29,1252.94,17.65,88.24,-400.0,17.65,0.0,0.0,1164.71
Whisper base,British,70,OH MY GOODNESS WELL IT'S KIND OF DIFFICULT TO ANSWER BECAUSE UH WHAT WITH MY BROTHER'S DIET RESTRICTIONS THERE WAS A SIX MONTH PERIOD WHERE I HAD SPAGHETTI EVERY DAY FOR DINNER AND NOT BY CHOICE UM,"Oh my goodness. Well, it's kind of difficult to answer because what was my brother's diet or jurisdictions, there was a sick front period where I had to get to every day for dinner and not by choice.","Oh my goodness. Oh my goodness. Oh my goodness. Well, it's kind of difficult to answer because what was my brother's diet or his",27.03,75.68,13.51,8.11,40.0,5.41,51.35,8.11,16.22
Whisper base,British,71,VERY TRAUMATIC DESPITE THIS ONE OF MY FAVORITE FOODS WAS STILL SPAGHETTI WITH TOMATO SAUCE AND CHEESE,"Very traumatic, despite this one, my favourite foods was still spaghetti with tomato sauce and cheese.",Very dramatic.,11.76,94.12,5.88,5.88,0.0,5.88,88.24,0.0,0.0
Whisper base,British,72,WHICH SPEAKS TO THE PREVAILING NATURE OF PASTA UM APART FROM THAT IT'S KIND OF HARD TO REMEMBER I REALLY LIKED HUMMUS WHICH I FEEL LIKE IS QUITE SOPHISTICATED,"with Vailing Nature and Pastor. Apart from that, it's kind of hard to remember. I really liked hummus, which I felt like it's quite sophisticated.",And I really liked.,34.48,89.66,20.69,3.45,83.33,13.79,86.21,0.0,0.0
Whisper base,British,73,JUST LIKE ON ITS OWN AND STUFF ON BREAD AND THINGS THAT WAS VERY VERY NICE AND I LIKED UM I LIKED COLIN THE CATERPILLAR CAKE AS WELL BECAUSE IT HAD VERY,I like calling the cast for the cake as well.,And I like.,84.38,93.75,15.62,3.12,80.0,68.75,90.62,0.0,0.0
Whisper base,British,74,IT HAD BITS THAT WERE LIKE A PURE PURE CHOCOLATE LIKE A CHOCOLATE BAR INSTEAD OF LIKE A CAKEY MIX,had bits that were like a pure chocolate like a chocolate bar instead of like a cakey mix.,And then.,10.0,100.0,0.0,10.0,0.0,10.0,90.0,0.0,0.0
Whisper base,British,75,YEAH THE OTHER THE ONLY OTHER THING WAS FAIRY BREAD HAVE YOU HEARD OF IT,"Yeah, the only other thing was ferry bread. Have you heard of it?","Yeah, the other the other the other the other the other the other",20.0,66.67,6.67,53.33,-700.0,13.33,13.33,0.0,0.0
Whisper base,British,76,OKAY SO IT'S SORT OF IT'S SORT OF OKAY DO NOT JUDGE ME IT IS AN AUSTRALIAN THING AND IT IS MADE FROM WHITE BREAD WITH A LAYER OF LIKE MARGARINE OR BUTTER AND THEN SPRINKLES ON TOP AND,"Okay, so it's just okay do not judge me it is an Australian thing and is made from white bread with a layer of like margarine or butter and then sprinkles on top and","Okay, it is. Okay. Okay. Okay. Okay. Okay. Do not judge me. It is an Australian thing. And it is made from white bread with a layer of like margarine or butter and then sprinkles on top.",15.38,20.51,2.56,15.38,-500.0,12.82,5.13,0.0,0.0
Whisper base,British,77,IT TASTES REALLY REALLY GOOD AND NORMALLY WHEN I TELL PEOPLE THAT THEY SAY IT'S DISGUSTING BUT I LOVED IT AS A KID,"it tastes really, really good. And normally when I tell people that they say it's disgusting, but I love this kid.","It tastes really, it tastes really, it tastes really, really good. And normally when I tell people that they say it's disgusting, but I love to",17.39,47.83,8.7,8.7,0.0,8.7,13.04,0.0,26.09
Whisper base,British,78,YOU CAN UNDERSTAND IT AND YOU NEED THE BUTTER TO STICK THE SPRINKLES LIKE THAT'S HOW IT WORKS,You can understand it and you need the bottle to take a spring cold. It's like a hot wax.,And you can understand. And you need the butter to stick a spring cold. So that's how it works.,55.56,33.33,38.89,16.67,57.14,5.56,5.56,11.11,11.11
Whisper base,British,79,SURPRISING CONSIDERING HOW YOU'RE LIKE NOW <LAUGH>,Frizing considering how you're like now,And I'm,28.57,100.0,14.29,28.57,-100.0,14.29,71.43,0.0,0.0
Whisper base,British,80,DID YOU DID YOU EAT ANY LIKE WEIRD FOODS AS A KID,"Did you get any like, weird foods as a kid?",did you.,25.0,83.33,8.33,0.0,100.0,16.67,83.33,0.0,0.0
Whisper base,British,81,THAT YOU WOULDN'T EAT NOW THAT IS OR MAYBE YOU WOULD EAT IT NOW I DON'T KNOW,"that you would need now that is, oh maybe you would get out of that.",That you would.,52.94,82.35,41.18,0.0,100.0,11.76,82.35,0.0,0.0
Whisper base,British,82,LIKE A DID YOU LIKE PICKLE IT OR IS IT PRESERVED,"Like, did you like, petal it or is it preserved?",Like a,18.18,81.82,9.09,0.0,100.0,9.09,81.82,0.0,0.0
Whisper base,British,83,I MEAN GROWING UP WITH TWO BROTHERS I JUST LEARNED THAT YOU SHOULD EAT EVERYTHING PRESENTED TO YOU AND YOU SHOULD EAT WHATEVER THE OTHERS DON'T EAT AS WELL BECAUSE IF THAT WAS THE THING IF MY BROTHER'S DIDN'T FINISH A PLATE MY DAD AND I WOULD FINISH IT SO THERE WAS NO FOOD WASTE AND IF I PUT I THINK I'VE TOLD YOU IF IF ANYTHING GOES IN THE FRIDGE I JUST EXPECT IT TO BE GONE NEXT TIME,"I mean, growing up with two brothers, I just learned that you should eat everything presented to you and you should eat whatever the others don't eat as well. Because if that was the thing, if my brothers didn't finish, you'd play it in my dad and I would finish it. So there was no food waste. And if I think of toilet, if anything goes in the fridge, I just expect it to be gone next time.","I mean, because if that was a thing. If my dad and if I put I think of toilet, if anything goes in the fridge, I just expect to be gone next time.",12.5,62.5,5.0,3.75,25.0,5.0,58.75,2.5,0.0
Whisper base,British,84,WE HAD LIKE ENOUGH FOOD IN THE HOUSE IT'S JUST THAT EVERYBODY WAS GRABBING AT IT SO I'VE ALWAYS DEVELOPED THE THE THING OF OLDER THE THAT IF YOU AS I'M OLDER THAT LIKE IF YOU HAVE EXTRA RICE IN THE PAN IT IS A CHALLENGE TO FINISH THE RICE <LAUGH> YOU'VE COMMITTED TO THE RICE YOU HAVE TO FINISH THE RICE SO I GUESS I SEE MEALS AS A BIT OF A CHALLENGE UM BUT ALSO JUST FOOD'S FANTASTIC I LOVE IT THERE ARE VERY FEW FOODS I I DIDN'T LIKE AS A KID AND THERE ARE VERY FEW FOODS I DON'T LIKE NOW LIKE AL ALMOST EVERYTHING I EAT NOW I ALSO ATE AS A KID I THINK THE EXCEPTIONS WILL BE COFFEE ALTHOUGH I DIDN'T REALLY HAVE THAT MUCH AS A KID BUT LIKE MORE OF A COFFEE FLAVOR,"We had like enough food in the house. It's just that everybody was grabbing us it. So I've always developed the thing of older that if you have an older like if you have extra rice in the pan, it is a challenge to finish the rice. You've committed to the rice. You have to finish the rice. So I guess I'm seeing the others a bit of a challenge. But also just food is fantastic. I love it. There are very few foods I didn't like as a kid and there are very few foods that I don't like now. Like almost everything I eat now I also like to kid. I think the",I guess.,28.87,98.59,7.04,0.0,100.0,20.42,98.59,1.41,0.0
Whisper base,British,85,AND I THINK LIKE BROWN BROWN SEEDY BREAD I DIDN'T I DIDN'T LIKE SEEDY BREAD AS A KID AT ALL I HATED THE TASTE OF SUNFLOWER SEEDS BECAUSE I ATE THEM TOO MUCH WE HAD SUNFLOWERS WE TOOK THE SEEDS AND THEN I JUST LIKE I JUST OVERDID IT UM BUT APART FROM THAT MOSTLY THE SAME THING I I DID EAT AS A KID I ATE A LOT OF KETCHUP ON TOAST WHEN I WAS AT A BABY SITTERS,I think like brown brown CD Brad I didn't like CD friends a kid at all. I hated the taste of sunflower seeds because I ate them too much. We had some flowers. We took the seed and then I just like I just over did it. But apart from that. Most of the same thing I did eat as a kid I ate a lot of ketchup on toast when I was at a baby sitter's.,And I think.,21.25,96.25,10.0,0.0,100.0,7.5,96.25,3.75,0.0
Whisper base,British,86,AND I PROBABLY WOULDN'T EAT THAT NOW I'M NOT GONNA LIE TO YOU THINLY SPREAD SO IT WASN'T TOO UNHEALTHY BUT I I WOULDN'T I THINK I THINK I'D GIVE THAT ONE PASS BUT APART FROM THAT I DON'T THINK I'VE REALLY CHANGED I EAT MORE VEGETABLES NOW THAT'S THE ONLY THING BECAUSE I MY PARENTS BLESS THEM THEY THEY WERE VERY GOOD COOKS IN ANY WAYS BUT THEY WERE NOT GOOD AT JUST PREPARING PLAIN VEGETABLES,"Probably wouldn't need that now. I'm not going to like you thinly spread it wasn't too unhealthy, but I wouldn't I think I think I'd give that one a pass. But apart from that, I don't think I've really changed. I eat well vegetables now. That's anything. My parents bless them that they were very good to cook so many ways, but they were not good at just preparing plain vegetables.",I'm not. Probably would need that now. Probably would need that now. I'm not going to like you. Finley spread. It was into unhealthy. But I wouldn't. I think I think I think I think I think I think I think I think I think I think I think I think I think I think I think I think I think I think I think I think I think I think I think I think I think I think I think I think I think I think I think I think I think I think I think I think I think I think I think I think I think I think I think I think I think I think I think I think I think I think I think I think I think I think I think I think I think I think I think I think I think I think I think I think I think I think I think I think I think I think I think I think I think I think I think I think I think I think I think I think I think I think I think I think I think I think I think I think I think I think I think I think I think I think I think I think I think I think I think I think I think I think I think I think I think I think I think I think I think I think I think I think I think I think I think I think I think I think I think I think I think I think I think I think I think I think I think I think I think I think I think I think I think I think I think I think I think I think I think I think I think I think I think I think I think I think I think I think I think I think I think I think I think I think I think I think I think I think I think I think I think I think I think I think I think I think I think I think I think I think I think I think I think I think I think I think I think I think I think I think I think I think I think I think I think I think I think I think I think I think I think I think I think I think I think I,25.97,518.18,12.99,72.73,-460.0,10.39,1.3,2.6,444.16
Whisper base,British,87,BECAUSE THEY WOULD DO THAT THE THING THE BRITISH THING OF BOILING THEM AND NOW I'M A BIT OLDER I KNOW TO STEAM THEM AND THEN LIKE VERY LIGHTLY SEASON THEM AND THEY TASTE MUCH BETTER,"because they would do the thing with the butt of the British thing of boiling them. And now I'm at older, I know to steam them and then like very lightly season them and they taste much better.",the the the the the the the the the the the the the the the the the the the the the the the the the the the the the the the the the the the the the the the the the the the the the the the the the the the the the the the the the the the the the the the the the the the the the the the the the the the the the the the the the the the the the the the the the the the the the the the the the the the the the the the the the the the the the the the the the the the the the the the the the the the the the the the the the the the the the the the the the the the the the the the the the the the the the the the the the the the the the the the the the the the the the the the the the the the the the the the the the the the the the the the the the the the the the the the the the the the the the the the the the the the the the the the the the the the the the the the the the the the the the the the the the the the the the the the the the the the the the the the the the the the the the the the the the the the the the the the the the the the the the the the the the the the the the the the the the the the the the the the the the the the the the the the the the the the the the the the the the the the the the the the the the the the the the the the the the the the the the the the the the the the the the the the the the the the the the the the the the the the the the the the the the the the the the the the the the the the the the the the the the the the the the the the the the the the the the the the the the the the the the the the the the the the the the the the the the the the the the the the the the the the the the the the the the the the the the the the the the the the the the the the the the the the the the,19.44,1186.11,2.78,94.44,-3300.0,5.56,0.0,11.11,1091.67
Whisper base,British,88,YEAH <LAUGH> YOU LIVE AND YOU LEARN DON'T YOU,"Yeah. You live in your land, don't you?",Yeah. Yeah. Yeah. Yeah. You live in your,44.44,77.78,33.33,66.67,-100.0,11.11,11.11,0.0,0.0
Whisper base,British,89,I'VE HEARD HAT AS WELL THAT THEIR THEIR TASTE SYSTEMS ARE HEIGHTENED,heard that as well that they take systems are heightened.,I've heard that as well that they're that they're that they're,41.67,58.33,25.0,50.0,-100.0,16.67,8.33,0.0,0.0
Whisper base,British,90,SO WHEN THEY PREFER BLAND FOOD THEY LITERALLY ARE ARE TASTING IN A DIFFERENT WAY TO YOU THAT THEY'RE NOT JUST UNINVENTIVE IT JUST IS STRONG FOR THEM,"So when they prefer bland food, they literally are tasting in a different way to you. They're not just inventive. It just is stronger for them.",So when they're not just is just is just is just is just is just a bit of a bit of a bit of a bit of a bit of a bit of a bit of a bit of a bit of a bit of a bit of a bit of a bit of a bit of a bit of a bit of a bit of a bit of a bit of a bit of a bit of a bit of a bit of a bit of a bit of a bit of a bit of a bit of a bit of a bit of a bit of a bit of a bit of a bit of a bit of a bit of a bit of a bit of a bit of a bit of a bit of a bit of a bit of a bit of a bit of a bit of a bit of a bit of a bit of a bit of a bit of a bit of a bit of a bit of a bit of a bit of a bit of a bit of a bit of a bit of a bit of a bit of a bit of a bit of a bit of a bit of a bit of a bit of a bit of a bit of a bit of a bit of a bit of a bit of a bit of a bit of a bit of a bit of a bit of a bit of a bit of a bit of a bit of a bit of a bit of a bit of a bit of a bit of a bit of a bit of a bit of a bit of a bit of a bit of a bit of a bit of a bit of a bit of a bit of a bit of a bit of a bit of a bit of a bit of a bit of a bit of a bit of a bit of a bit of a bit of a bit of a bit of a bit of a bit of a bit of a bit of a bit of a bit of a bit of a bit of a bit of a bit of a bit of a bit of a bit of a bit of a bit of a bit of a bit of a bit of a bit of a bit of a bit of a bit of a bit of a bit of a bit of a bit,14.29,1517.86,7.14,89.29,-1150.0,7.14,0.0,0.0,1428.57
Whisper base,British,91,I FEEL LIKE YOU YOU KNOW I I FEEL LIKE AS STUDENTS GO WE BOTH BETTER COOK FOR A LOT OF STUDENTS PARTICULARLY UH LIKE WHEN WE'RE IN THE FIRST THE LIKE FIRST SECOND THIRD YEARS I THINK WHEN YOU GET INTO THE LATER YEARS OF THE DEGREE PEOPLE GENERALLY HAVE LEARNED HOW TO COOK BY THEN,"I feel like, you know, I feel like as students go, we're both better cooked for a lot of students, particularly like when we end the like first second third years, I think when you get into the late years of a degree, people generally have learned how to cook well then.","I feel like when we're both. I feel like when we both better cook for a lot of students, particularly, like when we in the first, like, first, second, third years. I think when you get into the later years of a degree, people generally have learned how to cook",21.05,22.81,12.28,10.53,14.29,8.77,12.28,0.0,0.0
Whisper base,British,92,BUT I I I STILL FEEL IT'S FRUSTRATING WHEN YOU KNOW THE IDEA OF STUDENT COOKING A LOT OF IT IS BECAUSE I JUST DON'T HAVE TIME TO PREPARE BIG MEALS 'CAUSE IT'S JUST ME I'M KIND OF OKAY TO COOK FOR JUST ME BUT IF I'M YOU KNOW AND I DON'T MIND IF IT'S IF IT'S LIKE SIMPLE FOOD OR REPETITIVE FOOD BUT IF I'M COOKING FOR SOMEBODY ELSE OR MY FAMILY I'M THEN A MUCH BETTER COOK THAN I NORMALLY AM SO IT'S NOT THAT I CAN'T COOK IT'S JUST THAT YOU KNOW YOU DON'T WANNA PUT IN ALL THAT EFFORT WHEN IT IS JUST FOR YOU YOURSELF,"But I still feel it's frustrating when the idea of student cooking a lot of it's because I just don't have time to prepare big meals because it's just me. I'm kind of okay to cook for just me. But if I'm, you know, I don't mind if it's like simple food or repetitive food, but if I'm cooking for somebody else or my family, I'm then a much better cook than I normally am. So it's not like I can't cook. It's just that, you know, you don't need to put in all that effort when it's just for you yourself.","But I still. But I still, but I still, but I still, but I still, but I still, but I still, but I still, but I still, but I still, but I still, but I still, but I still, but I still, but I still, but I still, but I still, but I still, but I still, but I still, but I still, but I still, but I still, but I still, but I still, but I still, but I still, but I still, but I still, but I still, but I still, but I still, but I still, but I still, but I still, but I still, but I still, but I still, but I still, but I still, but I still, but I still, but I still, but I still, but I still, but I still, but I still, but I still, but I still, but I still, but I still, but I still, but I still, but I still, but I still, but I still, but I still, but I still, but I still, but I still, but I still, but I still, but I still, but I still, but I still, but I still, but I still, but I still, but I still, but I still, but I still, but I still, but I still, but I still, but I still, but I still, but I still, but I still, but I still, but I still, but I still, but I still, but I still, but I still, but I still, but I still, but I still, but I still, but I still, but I still, but I still, but I still, but I still, but I still, but I still, but I still, but I still, but I still, but I still, but I still, but I still, but I still, but I still, but I still, but I still, but I still, but I still, but",13.64,282.73,4.55,90.0,-1880.0,8.18,0.0,0.91,192.73
Whisper base,British,93,YOU KNOW THAT YOU'RE A GOOD YOU DON'T HAVE TO PROVE IT TO YOURSELF,You know that you're good. Get off your proof yourself.,You know that you know that you know that you know that you know that you know that you know that you know that you know that you know that you know that you know that you know that you know that you know that you know that you know that you know that you know that you know that you know that you know that you know that you know that you know that you know that you know that you know that you know that you know that you know that you know that you know that you know that you know that you know that you know that you know that you know that you know that you know that you know that you know that you know that you know that you know that you know that you know that you know that you know that you know that you know that you know that you know that you know that you know that you know that you know that you know that you know that you know that you know that you know that you know that you know that you know that you know that you know that you know that you know that you know that you know that you know that you know that you know that you know that you know that you know that you know that you know that you know that you know that you know that you know that you know that you know that you know that you know that you know that you know that you know that you know that you know that you know that you know that you know that you know that you know that you know that you know that you know that you know that you know that you know that you know that you know that you know that you know that you know that you know that you know that you know that you know that you know that you know that you know that you know that you know that you know that you know that you know that you know that you know that you know that you know that you know that you know that you know that you know that you know that you know that you know that you know that you know that you know that you know that you know that you know that you know that you know that you know that you know that you know that,57.14,3035.71,28.57,71.43,-150.0,28.57,0.0,0.0,2964.29
Whisper base,British,94,I I HATE REHEATING FOOD FROM THE FREEZER THOUGH IT TAKES FOREVER I JUST I HAVE IT IN THE FRIDGE BECAUSE LIKE I'M DEAD PARANOID ABOUT STUFF GOING OFF BUT I FIGURED THAT IF IT'S ONLY VEGETABLES IT CAN BE IN THE FRIDGE FOR THREE OR OR MAYBE LIKE THREE AND A HALF FOUR DAYS AND IT WILL BE OKAY LIKE IF IT'S VEGETABLE SOUP,"I hate making food for the food that it takes forever. I just, I have it in the fridge because like, I'm dead paranoid about stuff going off. But I figured that if it's only vegetables, it can be in the fridge for three or maybe like three and a half or four days and it will be okay. Like it is vegetable soup.",I hate. I hate. I hate. I hate. I hate. I hate. I hate. I hate. I hate. I hate. I hate. I hate. I hate. I hate. I hate. I hate. I hate. I hate. I hate. I hate. I hate. I hate. I hate. I hate. I hate. I hate. I hate. I hate. I hate. I hate. I hate. I hate. I hate. I hate. I hate. I hate. I hate. I hate. I hate. I hate. I hate. I hate. I hate. I hate. I hate. I hate. I hate. I hate. I hate. I hate. I hate. I hate. I hate. I hate. I hate. I hate. I hate. I hate. I hate. I hate. I hate. I hate. I hate. I hate. I hate. I hate. I hate. I hate. I hate. I hate. I hate. I hate. I hate. I hate. I hate. I hate. I hate. I hate. I hate. I hate. I hate. I hate. I hate. I hate. I hate. I hate. I hate. I hate. I hate. I hate. I hate. I hate. I hate. I hate. I hate. I hate. I hate. I hate. I hate. I hate. I hate. I hate. I hate. I hate. I hate. I hate. I hate. I hate. I hate. I hate. I hate. I hate. I hate. I hate. I hate. I hate. I hate. I hate. I hate. I hate. I hate. I hate. I hate. I hate. I hate. I hate. I hate. I hate. I hate. I hate. I hate. I hate. I hate. I hate. I hate. I hate. I hate. I hate. I hate. I hate. I hate. I hate. I hate.,13.85,430.77,9.23,90.77,-883.33,3.08,0.0,1.54,340.0
Whisper base,British,95,AND IT'S AN AIRTIGHT CONTAINER THAT'S ALL RIGHT AND THEN I CAN JUST I DON'T HAVE TO WORRY ABOUT I CAN JUST HEAT IT UP,"I mean, that's all right. And then I don't have to worry about it. I can seat it up.",I'm,44.0,100.0,12.0,4.0,66.67,28.0,96.0,4.0,0.0
Whisper base,British,96,YEAH THAT'S IT IT'S JUST SO HARD TO LIKE TRAVEL WITH IT BECAUSE THE LIBRARY DOESN'T DO YOU KNOW,"Yeah, that's just so hard to like, cover with it because the library doesn't do, you know.","Yeah, yeah. Yeah. Yeah. Yeah. Yeah. Yeah. Yeah. Yeah. Yeah. Yeah. Yeah. Yeah. Yeah. Yeah. Yeah. Yeah. Yeah. Yeah. Yeah. Yeah. Yeah. Yeah. Yeah. Yeah. Yeah. Yeah. Yeah. Yeah. Yeah. Yeah. Yeah. Yeah. Yeah. Yeah. Yeah. Yeah. Yeah. Yeah. Yeah. Yeah. Yeah. Yeah. Yeah. Yeah. Yeah. Yeah. Yeah. Yeah. Yeah. Yeah. Yeah. Yeah. Yeah. Yeah. Yeah. Yeah. Yeah. Yeah. Yeah. Yeah. Yeah. Yeah. Yeah. Yeah. Yeah. Yeah. Yeah. Yeah. Yeah. Yeah. Yeah. Yeah. Yeah. Yeah. Yeah. Yeah. Yeah. Yeah. Yeah. Yeah. Yeah. Yeah. Yeah. Yeah. Yeah. Yeah. Yeah. Yeah. Yeah. Yeah. Yeah. Yeah. Yeah. Yeah. Yeah. Yeah. Yeah. Yeah. Yeah. Yeah. Yeah. Yeah. Yeah. Yeah. Yeah. Yeah. Yeah. Yeah. Yeah. Yeah. Yeah. Yeah. Yeah. Yeah. Yeah. Yeah. Yeah. Yeah. Yeah. Yeah. Yeah. Yeah. Yeah. Yeah. Yeah. Yeah. Yeah. Yeah. Yeah. Yeah. Yeah. Yeah. Yeah. Yeah. Yeah. Yeah. Yeah. Yeah. Yeah. Yeah. Yeah. Yeah. Yeah. Yeah. Yeah. Yeah. Yeah. Yeah. Yeah. Yeah. Yeah. Yeah. Yeah. Yeah. Yeah. Yeah. Yeah. Yeah. Yeah. Yeah. Yeah. Yeah. Yeah. Yeah. Yeah. Yeah. Yeah. Yeah. Yeah. Yeah. Yeah. Yeah. Yeah. Yeah. Yeah. Yeah. Yeah. Yeah. Yeah. Yeah. Yeah. Yeah. Yeah. Yeah. Yeah. Yeah. Yeah. Yeah. Yeah. Yeah. Yeah. Yeah. Yeah. Yeah. Yeah. Yeah. Yeah. Yeah. Yeah. Yeah. Yeah. Yeah. Yeah. Yeah. Yeah. Yeah. Yeah. Yeah. Yeah. Yeah. Yeah. Yeah. Yeah. Yeah",15.79,1126.32,5.26,94.74,-1700.0,10.53,0.0,0.0,1031.58
Whisper base,British,97,THEY HAVE MICROWAVES I SEE WHY THEY HAVE MICROWAVES BUT THEN THE STUDY ROOM IN THE ENGLISH BLOCK HAVE A MICROWAVE AND THAT'S VERY USEFUL BECAUSE YOU CAN JUST GO YOU KNOW HEAT THE WHOLE THING UP,"I see why they are like waves, but then the study of them in the English block have a microwave and that's very useful because you can just go, you know, keep your little thing up.",I see why they're the English block.,29.73,83.78,16.22,2.7,83.33,8.11,81.08,5.41,0.0
Whisper base,British,98,WELL I'M GONNA COOK FOR MY FAMILY WHEN I GET HOME AND IT'S IT'S USEFUL NOW THAT ONE OF MY BROTHERS HAS MOVED OUT UM BECAUSE HE'S A VEGAN SO I'LL HAVE TO THINK ABOUT THAT,"Well, I'm going to cook for my family when I get home and it's it's useful now that one of my brothers has moved out because he's a vegan so I have to think about that.","Well, because with a bit.",11.11,91.67,5.56,5.56,0.0,2.78,86.11,2.78,0.0
Whisper base,British,99,BUT THAT STILL LEAVES MY YOUNGEST BROTHER WHO ONLY EATS QUITE SPECIFIC THINGS AND THEN HE WON'T EAT FOOD THAT'S <DTMF> IN THE WRONG WAY AND THEN MY DAD EATS NORMALLY UM BUT HE DOESN'T LIKE SOUP AND MY MOM IS A PESCATARIAN BUT NONETHELESS I'M GOING TO BE <LAUGH> COOKING NOW SO I I GUESS I'M GOING TO BE THINKING CREATIVELY,"But that still leaves my youngest brother who only it's quite specific things. And then he won't eat food that's touching in the wrong way. And then my dad eats normally, but he doesn't like soup. And my mom is a pescatarian. But nonetheless, I'm going to be so I guess I'm going to be thinking creatively.","But that still leaves. But that still leaves my younger brother who needs quite specific things. And then he won't eat food that's touching in the wrong way. And then my dad eats normally. And they don't like soup. And my mum is a pescatarian. But nonetheless, I'm going to be. So I guess I'm going to be thinking creatively.",11.29,27.42,3.23,11.29,-250.0,8.06,9.68,0.0,6.45
Whisper base,British,100,AND I THINK I'LL LEARN NOT TO STRESS ABOUT IT SO MUCH BECAUSE I JUST PHYSICALLY CAN'T STRESS ABOUT IF THIS IS PERFECT OR NOT IF I'M COOKING AT THREE DAYS A WEEK MY RESPONSE LIKE WOULD BE WELL IF YOU IF YOU WOULD RATHER HAVE SOMETHING ELSE FOR DINNER YOU CAN MAKE IT YOURSELF THEN,"And I think I'll learn not to stress about it so much because I just physically can't stress about if it's perfect or not if I'm cooking it three days a week. My response like would be well, if you would rather have something else, but then you can make it yourself then.","And I think. And I think. And I think. And I think I'll learn not to stress about it so much because I just physically can't stress about it is perfect or not if I'm cooking it three days a week. My response like would be well if you would rather have something else, but then you can make it yourself then.",12.5,28.57,7.14,7.14,0.0,5.36,5.36,0.0,16.07
Whisper large-v3,Singaporean,1,One could sense the struggle going on within.,One could sense the struggle going on within.,One could sense the struggle going on within.,0.0,0.0,0.0,0.0,0.0,0.0,0.0,0.0,0.0
Whisper large-v3,Singaporean,2,And a long time afterwards she brought her another supply.,"And a long time afterwards, she bought her another supply.","And a long time afterwards, she bought her another supply.",10.0,10.0,10.0,10.0,0.0,0.0,0.0,0.0,0.0
Whisper large-v3,Singaporean,3,The project also would preserve greenspace throughout the city and create new parks.,The project also would preserve green space throughout the city and create new parks.,The project also would preserve green space throughout the city and create new parks.,15.38,15.38,7.69,7.69,0.0,0.0,0.0,7.69,7.69
Whisper large-v3,Singaporean,4,"However, Pakistan needed to apply to join.","However, Pakistan needed to apply to join.","However, Pakistan needed to apply to join.",0.0,0.0,0.0,0.0,0.0,0.0,0.0,0.0,0.0
Whisper large-v3,Singaporean,5,One wounded man was killed by a shell while the corporal was carrying him.,One wounded man was killed by a shell while the corporal was carrying him.,One wounded man was killed by a shell while the corporal was carrying him.,0.0,0.0,0.0,0.0,0.0,0.0,0.0,0.0,0.0
Whisper large-v3,Singaporean,6,"There is still the use of the horseshoe arch, at least decoratively.","There is still the use of the Houshuu Ark, at least decoratively.","There is still the use of the Horseshoe Ark, at least decoratively.",16.67,8.33,16.67,8.33,50.0,0.0,0.0,0.0,0.0
Whisper large-v3,Singaporean,7,She mostly played the leading actor's love interest in all these films.,She mostly played the leading actor's love interest in all his films.,She mostly played the leading actor's love interest in all his films.,8.33,8.33,8.33,8.33,0.0,0.0,0.0,0.0,0.0
Whisper large-v3,Singaporean,8,"We know what a child can bring, no matter the circumstances.","We know what a child can bring, no matter the circumstances.","We know what a child can bring, no matter the circumstances.",0.0,0.0,0.0,0.0,0.0,0.0,0.0,0.0,0.0
Whisper large-v3,Singaporean,9,Baldwin himself designed the two storey wood frame house.,Bollig himself designed the Do-Sorry-Wood frame house.,Paul himself designed the Do-Sorry Wood frame house.,44.44,33.33,22.22,22.22,0.0,22.22,11.11,0.0,0.0
Whisper large-v3,Singaporean,10,The family owned some farmland as well as a shop in the city.,The family owned some farmland as well as a shop in the city.,The family owned some farmland as well as a shop in the city.,0.0,0.0,0.0,0.0,0.0,0.0,0.0,0.0,0.0
Whisper large-v3,Singaporean,11,The existing dam is the second structure to be called the American Falls Dam.,The existing dam is the second structure to be called the American Falls Dam.,The existing dam is the second structure to be called the American Falls Dam.,0.0,0.0,0.0,0.0,0.0,0.0,0.0,0.0,0.0
Whisper large-v3,Singaporean,12,The promontory on which Agropoli stands has been inhabited since Neolithic times.,The promontory on which Agrippoli stands has been inhabited since Neolithic times.,The promontory on which Agrippoli stands has been inhabited since Neolithic times.,8.33,8.33,8.33,8.33,0.0,0.0,0.0,0.0,0.0
Whisper large-v3,Singaporean,13,It is the home of the football team of Harvard.,It is the home of the football team of Harvard.,It is the home of the football team of Harvard.,0.0,0.0,0.0,0.0,0.0,0.0,0.0,0.0,0.0
Whisper large-v3,Singaporean,14,Emily Jones is the director.,Emily Jones is the director.,Emily Jones is the director.,0.0,0.0,0.0,0.0,0.0,0.0,0.0,0.0,0.0
Whisper large-v3,Singaporean,15,Kurds and Zazas have for centuries lived in the same areas in Anatolia.,Kurds and Zazans have for centuries lived in the same areas in Anatolia.,Kurds and Zazans have for centuries lived in the same areas in Anatolia.,7.69,7.69,7.69,7.69,0.0,0.0,0.0,0.0,0.0
Whisper large-v3,Singaporean,16,"In the film, a real frog is skinned alive while fish are mutilated.","In the film, a real frog is skinned alive while fish are mutilated.","In the film, a real frog is skinned alive while fish are mutilated.",0.0,0.0,0.0,0.0,0.0,0.0,0.0,0.0,0.0
Whisper large-v3,Singaporean,17,This rule is not always strictly observed in the New World.,This rule is not always strictly observed in the New World.,This rule is not always strictly observed in the New World.,0.0,0.0,0.0,0.0,0.0,0.0,0.0,0.0,0.0
Whisper large-v3,Singaporean,18,There is also the Mansion Hotel and Conference Centre.,There is also the Mansion Hotel and Conference Center.,There is also the Mansion Hotel and Conference Centre.,11.11,0.0,11.11,0.0,100.0,0.0,0.0,0.0,0.0
Whisper large-v3,Singaporean,19,"Their blended family includes daughters Alexis, Hailey, Addison and son, Jack.","Their blended family includes daughters Alexis, Hayley, Edison and son Jack.","Their blended family includes daughters Alexis, Hayley, Edison and son Jack.",18.18,18.18,18.18,18.18,0.0,0.0,0.0,0.0,0.0
Whisper large-v3,Singaporean,20,"At around the same time, the Romans were finally the victors over Carthage.","At around the same time, the Romans were finally the victors of Carthage.","At around the same time, the Romans were finally the victors of a cottage.",7.69,23.08,7.69,15.38,-100.0,0.0,0.0,0.0,7.69
Whisper large-v3,Singaporean,21,"Yashar Books, a smaller Jewish publisher, agreed to distribute them.","Yahshua Books, a smaller Jewish publisher, agreed to distribute them.","Yaesha Books, a smaller Jewish publisher, agreed to distribute them.",10.0,10.0,10.0,10.0,0.0,0.0,0.0,0.0,0.0
Whisper large-v3,Singaporean,22,"""Sounds Funny"" is the show's theme.",Sounds funny is the show's theme.,Sounds funny is the show's theme.,0.0,0.0,0.0,0.0,0.0,0.0,0.0,0.0,0.0
Whisper large-v3,Singaporean,23,"Since that date any new ""development"" has required planning permission.","With that date, any new development has required planning permission.","With that date, any new development has required planning permission.",10.0,10.0,10.0,10.0,0.0,0.0,0.0,0.0,0.0
Whisper large-v3,Singaporean,24,These men became known as 'Vaughan's doves'.,These men became known as Von's Doves.,These men became known as Vaughan's Doves.,14.29,0.0,14.29,0.0,100.0,0.0,0.0,0.0,0.0
Whisper large-v3,Singaporean,25,"The name Brumstead is believed to derive from the ""place of broom"".",The name Drumsteed is believed to derive from the place of Broome.,The name Drumsteed is believed to derive from the place of Broome.,16.67,16.67,16.67,16.67,0.0,0.0,0.0,0.0,0.0
Whisper large-v3,Singaporean,26,Crimes committed east of the Curzon line could not be prosecuted by Polish courts.,Crimes committed east of the Curzon Line could not be prosecuted by Polish courts.,Crimes committed east of the Curzon Line could not be prosecuted by Polish courts.,0.0,0.0,0.0,0.0,0.0,0.0,0.0,0.0,0.0
Whisper large-v3,Singaporean,27,Lacking professional routine his painting seem bitter and sounding.,Blacking professional routine. His paintings seem bitter and sounding.,"Lacking professional routine, his paintings seem bitter and sounding.",22.22,11.11,22.22,11.11,50.0,0.0,0.0,0.0,0.0
Whisper large-v3,Singaporean,28,His works had a strong influence on the next generation of Russian landscape painters.,His works had a strong influence on the next generation of Russian landscape painters.,His works had a strong influence on the next generation of Russian landscape painters.,0.0,0.0,0.0,0.0,0.0,0.0,0.0,0.0,0.0
Whisper large-v3,Singaporean,29,"The commune is located on the east side of the department, southeast of Pau.","The commune is located on the east side of the department, southeast of Pau.","The commune is located on the east side of the department, southeast of Pau.",0.0,0.0,0.0,0.0,0.0,0.0,0.0,0.0,0.0
Whisper large-v3,Singaporean,30,The mixed color fraction is the least valuable.,The mixed color fraction is the least valuable.,The mixed colour fraction is the least valuable.,0.0,12.5,0.0,12.5,0.0,0.0,0.0,0.0,0.0
Whisper large-v3,Singaporean,31,Senator Lloyd Bentsen of Texas.,Senator Lloyd Benson of Texas,Senator Lloyd Benson of Texas,20.0,20.0,20.0,20.0,0.0,0.0,0.0,0.0,0.0
Whisper large-v3,Singaporean,32,They were disciplined for their efforts.,They were disciplined for their efforts.,They were disciplined for their efforts.,0.0,0.0,0.0,0.0,0.0,0.0,0.0,0.0,0.0
Whisper large-v3,Singaporean,33,This is a simple consequence of the Lagrange form of the remainder.,This is a simple consequence of the Lagrange form of the remainder.,This is a simple consequence of the Lagrange form of the remainder.,0.0,0.0,0.0,0.0,0.0,0.0,0.0,0.0,0.0
Whisper large-v3,Singaporean,34,"Subscribers may register for specific messages at build time, initialization time or runtime.","Subscribers may register for specific messages at build time, initialization time or run time.","Subscribers may register for specific messages at build time, initialization time or run time.",15.38,15.38,7.69,7.69,0.0,0.0,0.0,7.69,7.69
Whisper large-v3,Singaporean,35,Guizot expounded and carried out this doctrine with uncompromising rigour.,Guizot expounded and carried out this doctrine with uncompromising rigor.,Guizot expounded and carried out this doctrine with uncompromising rigour.,10.0,0.0,10.0,0.0,100.0,0.0,0.0,0.0,0.0
Whisper large-v3,Singaporean,36,"Karl Ohs was born in Malta, Montana, the son of a Swedish immigrant.","Carl Oz was born in Malta, Montana, the son of a Swedish immigrant.","Carl Oz was born in Malta, Montana, the son of a Swedish immigrant.",15.38,15.38,15.38,15.38,0.0,0.0,0.0,0.0,0.0
Whisper large-v3,Singaporean,37,These produce more than two-thirds of all industrial output of the Novosibirsk region.,These produce more than two-thirds of all industrial output of the NovoBusk region.,These produce more than two-thirds of all industrial output of the NovoBusk region.,7.69,7.69,7.69,7.69,0.0,0.0,0.0,0.0,0.0
Whisper large-v3,Singaporean,38,The large boulders of Joshua Tree National Park in southern California are quartz monzonite.,The large borders of Joshua Tree National Park in Southern California are Quartz Monzenite.,The large borders of Joshua Tree National Park in Southern California are Quartz Monzenite.,14.29,14.29,14.29,14.29,0.0,0.0,0.0,0.0,0.0
Whisper large-v3,Singaporean,39,Pango-processed text will appear similar under different operating systems.,Pango processed text will appear similar under different operating systems.,Pango processed text will appear similar under different operating systems.,22.22,22.22,11.11,11.11,0.0,0.0,0.0,11.11,11.11
Whisper large-v3,Singaporean,40,"Mortenson tagged the station ""The Light"".",Mortensen tagged the station with a light.,Mortenson tagged the station with a light.,50.0,33.33,33.33,16.67,50.0,0.0,0.0,16.67,16.67
Whisper large-v3,Singaporean,41,The American loss is uncertain.,The American loss is uncertain.,The American loss is uncertain.,0.0,0.0,0.0,0.0,0.0,0.0,0.0,0.0,0.0
Whisper large-v3,Singaporean,42,"Eddy regularly performs in Austin, Texas with the Salvage Vanguard Theater.","Eddie regularly performs in Austin, Texas with the Salvage Vanguard Theatre.","Eddie regularly performs in Austin, Texas with the Salvage Vanguard Theatre.",18.18,18.18,18.18,18.18,0.0,0.0,0.0,0.0,0.0
Whisper large-v3,Singaporean,43,I laid out a game plan for the next day.,I laid out a game plan for the next day.,I laid out a game plan for the next day.,0.0,0.0,0.0,0.0,0.0,0.0,0.0,0.0,0.0
Whisper large-v3,Singaporean,44,Blanton's administration was noted for extensive recruiting of foreign industrial and trade opportunities.,Bellator's administration was noted for extensive recruiting of foreign industrial and trade opportunities.,Bellatron's administration was noted for extensive recruiting of foreign industrial and trade opportunities.,7.69,7.69,7.69,7.69,0.0,0.0,0.0,0.0,0.0
Whisper large-v3,Singaporean,45,"Aside from Bruni and Ambrogio Traversari, they included Guarino da Verona and Palla Strozzi.","Aside from Bruni and Ambrogio Traversary, they included Granino, Davaruna and Pella Strozzi.","Aside from Bruni and Ambrogio Traversary, they included Granino, Davaruna and Pella Strozzi.",35.71,35.71,28.57,28.57,0.0,7.14,7.14,0.0,0.0
Whisper large-v3,Singaporean,46,Privatisations have always been controversial in Ireland.,Privatizations have always been controversial in Ireland.,Privatisations have always been controversial in Ireland.,14.29,0.0,14.29,0.0,100.0,0.0,0.0,0.0,0.0
Whisper large-v3,Singaporean,47,Bock's description of oak apples is noted in the entomologists data base.,Bock's description of oak apples is noted in the entomologist's database.,Box description of oak apples is noted in the entomologist database.,16.67,33.33,8.33,25.0,-200.0,8.33,8.33,0.0,0.0
Whisper large-v3,Singaporean,48,There are two Confederate dead interred in the cemetery.,There are two Confederate dead interred in the cemetery.,There are two Confederate dead interred in the cemetery.,0.0,0.0,0.0,0.0,0.0,0.0,0.0,0.0,0.0
Whisper large-v3,Singaporean,49,"The programme caused a controversy for allegedly featuring distasteful, sexist, offending and humiliating content.","The programme caused a controversy for allegedly featuring distasteful, sexist, offending and humiliating content.","The programme caused a controversy for allegedly featuring distasteful, sexist, offending and humiliating content.",0.0,0.0,0.0,0.0,0.0,0.0,0.0,0.0,0.0
Whisper large-v3,Singaporean,50,"In style and manner of expression, he is thoroughly French.","In style and manner of expression, he is thoroughly French.",The style and manner of expression here is thoroughly French.,0.0,20.0,0.0,20.0,0.0,0.0,0.0,0.0,0.0
Whisper large-v3,Singaporean,51,"When that store opened, there were stores in New York, Chicago, Washington and Paris.","When that store opened, there were stores in New York, Chicago, Washington and Paris.","When that store opened, there were stores in New York, Chicago, Washington and Paris.",0.0,0.0,0.0,0.0,0.0,0.0,0.0,0.0,0.0
Whisper large-v3,Singaporean,52,He also spent seasons performing with Prospect Theatre Company and the Royal National Theatre.,He also spent seasons performing with Prospect Theatre Company and the Royal National Theatre.,He also spent seasons performing with Prospect Theatre Company and the Royal National Theatre.,0.0,0.0,0.0,0.0,0.0,0.0,0.0,0.0,0.0
Whisper large-v3,Singaporean,53,This provided the first open architecture for a multi-server chassis.,This provided the first open architecture for a multi-server chassis.,This provided the first open architecture for a multi-server chassis.,0.0,0.0,0.0,0.0,0.0,0.0,0.0,0.0,0.0
Whisper large-v3,Singaporean,54,The signal is 'buffered from' load currents.,The signal is busted from load currents.,The signal is buffeted from load currents.,14.29,14.29,14.29,14.29,0.0,0.0,0.0,0.0,0.0
Whisper large-v3,Singaporean,55,She has since gained control through training and maturity.,She has since gained control through training and maturity.,She has since gained control through training and maturity.,0.0,0.0,0.0,0.0,0.0,0.0,0.0,0.0,0.0
Whisper large-v3,Singaporean,56,"The aircraft is operated by many private individuals, companies and flying clubs.","The aircraft is operated by many private individuals, companies and flying clubs.","The aircraft is operated by many private individuals, companies and flying clubs.",0.0,0.0,0.0,0.0,0.0,0.0,0.0,0.0,0.0
Whisper large-v3,Singaporean,57,"Under international funding, the temple has undergone many changes, both structurally and internally.","Under international funding, the temple has undergone many changes both structurally and internally.","Under international funding, the temple has undergone many changes both structurally and internally.",0.0,0.0,0.0,0.0,0.0,0.0,0.0,0.0,0.0
Whisper large-v3,Singaporean,58,Normally such paper towels are two-ply.,Normally such paper towels are two-ply.,Normally such paper towels are two-ply.,0.0,0.0,0.0,0.0,0.0,0.0,0.0,0.0,0.0
Whisper large-v3,Singaporean,59,"As a two-box design, the body style includes an A, B and C-pillar.","As a two box design, the body style includes an A, B and C pillar.","As a two-box design, the body style includes an A, B and C pillar.",30.77,15.38,15.38,7.69,50.0,0.0,0.0,15.38,7.69
Whisper large-v3,Singaporean,60,Many deploy broad blocks of harmoniously arranged colour and are symbolic rather than narratival.,"Many deploy broad blocks of harmoniously arranged color and are symbolic, rather than narrative-al.","Many deploy broad blocks of harmoniously arranged colour and are symbolic, rather than narrative-al.",14.29,7.14,14.29,7.14,50.0,0.0,0.0,0.0,0.0
Whisper large-v3,Singaporean,61,"He also provided the voicing for several characters in the videogame ""Discworld"".",He also provided the voicing for several characters in the video game Discworld.,He also provided the voicing for several characters in the video game Discworld.,16.67,16.67,8.33,8.33,0.0,0.0,0.0,8.33,8.33
Whisper large-v3,Singaporean,62,This is also used at other points where lanes merge.,This is also used at other points where lanes merge.,This is also used at other points where lanes merge.,0.0,0.0,0.0,0.0,0.0,0.0,0.0,0.0,0.0
Whisper large-v3,Singaporean,63,The unincorporated community of Indian Heights is located in the town.,The unincorporated community of Indian Heights is located in this town.,The unincorporated community of Indian Heights is located in this town.,9.09,9.09,9.09,9.09,0.0,0.0,0.0,0.0,0.0
Whisper large-v3,Singaporean,64,"Parker attended Union Theological Seminary, and became an ordained Christian minister.",Parker attended Union Theological Seminary and became an ordained Christian minister.,Parker attended Union Theological Seminary and became an ordained Christian minister.,0.0,0.0,0.0,0.0,0.0,0.0,0.0,0.0,0.0
Whisper large-v3,Singaporean,65,He was married to the soprano Teresina Brambilla.,He was married to the soprano Teresina Brambilla.,He was married to the soprano Tarasina Brambilla.,0.0,12.5,0.0,12.5,0.0,0.0,0.0,0.0,0.0
Whisper large-v3,Singaporean,66,"Initially benefits were paid weekly, in cash, at the Employment Exchange.",Initially benefit to paid weekly in cash at the employment exchange.,Initially benefited to paid weekly in cash at the employment exchange.,18.18,18.18,18.18,18.18,0.0,0.0,0.0,0.0,0.0
Whisper large-v3,Singaporean,67,"As a result, the British attack was disordered and confused.","As a result, the British attack was disordered and confused.","As a result, the British attack was disordered and confused.",0.0,0.0,0.0,0.0,0.0,0.0,0.0,0.0,0.0
Whisper large-v3,Singaporean,68,Brady also threw for two touchdowns and an interception.,Brady also threw for two touchdowns and an interception.,Brady also threw for two touchdowns and an interception.,0.0,0.0,0.0,0.0,0.0,0.0,0.0,0.0,0.0
Whisper large-v3,Singaporean,69,His childhood was marred by difficult circumstances.,His childhood was marred by difficult circumstances.,His childhood was marred by difficult circumstances.,0.0,0.0,0.0,0.0,0.0,0.0,0.0,0.0,0.0
Whisper large-v3,Singaporean,70,Regular textbooks are transcribed into Braille and distributed throughout the United States.,Regular textbooks are transcribed into braille and distributed throughout the United States.,Regular textbooks are transcribed into braille and distributed throughout the United States.,0.0,0.0,0.0,0.0,0.0,0.0,0.0,0.0,0.0
Whisper large-v3,Singaporean,71,Cancelled projects are in italics.,Cancelled projects are in italics.,Cancelled projects are in italics.,0.0,0.0,0.0,0.0,0.0,0.0,0.0,0.0,0.0
Whisper large-v3,Singaporean,72,"This process is known as ""electron-hole pair generation"".",This process is known as electron hole pair generation.,This process is known as electron hole pair generation.,25.0,25.0,12.5,12.5,0.0,0.0,0.0,12.5,12.5
Whisper large-v3,Singaporean,73,Dedicoat also works as an after dinner speaker.,The record also works as an after-dinner speaker.,The record also works as an after-dinner speaker.,50.0,50.0,25.0,25.0,0.0,12.5,12.5,12.5,12.5
Whisper large-v3,Singaporean,74,A significant exception is some forms of the domino logic family.,A significant exception is some forms of the domino logic family.,A significant exception is some forms of the domino logic family.,0.0,0.0,0.0,0.0,0.0,0.0,0.0,0.0,0.0
Whisper large-v3,Singaporean,75,This gave Opeth three weeks to rehearse and perfect the recording in the studio.,This gave Opeth three weeks to rehearse and perfect the recording in the studio.,This gave Opeth three weeks to rehearse and perfect the recording in the studio.,0.0,0.0,0.0,0.0,0.0,0.0,0.0,0.0,0.0
Whisper large-v3,Singaporean,76,Duke Lukela in selected episodes.,"Duke, Lukella, and Selected Episodes","Duke, you can tell us in selected episodes.",40.0,80.0,40.0,20.0,50.0,0.0,0.0,0.0,60.0
Whisper large-v3,Singaporean,77,Criminal mischief is usually a misdemeanor.,Criminal mischief is usually a misdemeanor.,Criminal mischief is usually a misdemeanor.,0.0,0.0,0.0,0.0,0.0,0.0,0.0,0.0,0.0
Whisper large-v3,Singaporean,78,Munich Reinsurance America is a subsidiary of Munich Re.,Munich Reinsurance America is a subsidiary of Munich Re.,Munich Re Insurance America is a subsidiary of Munich Re.,0.0,22.22,0.0,11.11,0.0,0.0,0.0,0.0,11.11
Whisper large-v3,Singaporean,79,Trenches were dug across the surrounding area to prevent an airborne attack.,Trenches were dug across the surrounding area to prevent an airborne attack.,Trenches were dug across the surrounding area to prevent an airborne attack.,0.0,0.0,0.0,0.0,0.0,0.0,0.0,0.0,0.0
Whisper large-v3,Singaporean,80,"In all other circumstances, a military award should be considered.","In all other circumstances, a military award should be considered.","In all other circumstances, a military award should be considered.",0.0,0.0,0.0,0.0,0.0,0.0,0.0,0.0,0.0
Whisper large-v3,Singaporean,81,"As a result, many research projects in the university are funded by industrial companies.","As a result, many research projects in the university are funded by industrial companies.","As a result, many research projects in the university are funded by industrial companies.",0.0,0.0,0.0,0.0,0.0,0.0,0.0,0.0,0.0
Whisper large-v3,Singaporean,82,"Homie, as it stands now, was a one-time effort.",HOMI as it stands now was a one-time effort.,HOMI as it stands now was a one-time effort.,11.11,11.11,11.11,11.11,0.0,0.0,0.0,0.0,0.0
Whisper large-v3,Singaporean,83,The Chuckwalla Range is divided from the Little Chuckwalla Range by Graham Pass.,The Chakwala Range is divided from the Little Chakwala Range by Graham Pass.,The Chakwala Range is divided from the Little Chakwala Range by Graham Pass.,15.38,15.38,15.38,15.38,0.0,0.0,0.0,0.0,0.0
Whisper large-v3,Singaporean,84,The Pussycat Dolls.,The Pussycat Dolls,The Pussycat Dolls,0.0,0.0,0.0,0.0,0.0,0.0,0.0,0.0,0.0
Whisper large-v3,Singaporean,85,Popular control during this era of orthodoxy was maintained through various means.,Popular control during this era of orthodoxy was maintained through various means.,Popular control during this era of orthodoxy was maintained through various means.,0.0,0.0,0.0,0.0,0.0,0.0,0.0,0.0,0.0
Whisper large-v3,Singaporean,86,In the Bill we drop that provision in regard to the trial altogether.,In the bill we dropped that provision in regard to the trial altogether.,In the bill we dropped that provision in regard to the trial altogether.,7.69,7.69,7.69,7.69,0.0,0.0,0.0,0.0,0.0
Whisper large-v3,Singaporean,87,Modern shopping malls are scattered in the city.,Modern shopping malls are scattered in the city.,Modern shopping malls are scattered in the city.,0.0,0.0,0.0,0.0,0.0,0.0,0.0,0.0,0.0
Whisper large-v3,Singaporean,88,It is typically formed when two glaciers erode parallel U-shaped valleys.,It is typically formed when two glaciers erode parallel U-shaped valleys.,It is typically formed when two glaciers erode parallel U-shaped valleys.,0.0,0.0,0.0,0.0,0.0,0.0,0.0,0.0,0.0
Whisper large-v3,Singaporean,89,"For the remainder of Quinn's tenure as Bosox owner, the team was severely underfinanced.","For the remainder of Quinn's tenure as Bosox owner, the team was severely underfinanced.","For the remainder of Quinn's tenure as Bosox owner, the team was severely underfinanced.",0.0,0.0,0.0,0.0,0.0,0.0,0.0,0.0,0.0
Whisper large-v3,Singaporean,90,Symmetry given assumes all faces are the same color.,Symmetry Given assumes all faces are the same color.,Symmetry Given assumes all faces are the same colour.,0.0,11.11,0.0,11.11,0.0,0.0,0.0,0.0,0.0
Whisper large-v3,Singaporean,91,"One confirmed vector of the virus is the phlebotomine sand fly ""Lutzomyia shannoni"".",One confirmed vector of the virus is the Phlebotomyne sandfly Lutzumia shinoni.,One confirmed vector of the virus is the phlebotomyne sandfly Lutzumia shinoni.,38.46,38.46,30.77,30.77,0.0,7.69,7.69,0.0,0.0
Whisper large-v3,Singaporean,92,Tell me something relevant to what I am trying to accomplish - something scientific.,Tell me something relevant to what I am trying to accomplish. Something scientific.,Tell me something relevant to what I am trying to accomplish. Something scientific.,0.0,0.0,0.0,0.0,0.0,0.0,0.0,0.0,0.0
Whisper large-v3,Singaporean,93,"Music videos were released for ""Just So You Know"" and ""All Wrapped Up"".",Music videos released for Just So You Know and All Wrapped Up.,Music videos released for Just So You Know and All Wrapped Up.,7.69,7.69,0.0,0.0,0.0,7.69,7.69,0.0,0.0
Whisper large-v3,Singaporean,94,"Murdoch, the Sussex captain, wished to increase his team's playing strength.","Doc, the Sussex captain, wished to increase his team's playing strength.",The Sussex captain wished to increase his team's playing strength.,9.09,9.09,9.09,0.0,100.0,0.0,9.09,0.0,0.0
Whisper large-v3,Singaporean,95,"During a conversation with Deckert, Steele realizes Stone was right.","During a conversation with Deckard, Steele realises Sloane was right.","During a conversation with Deckard, Steele realises Sloane was right.",30.0,30.0,30.0,30.0,0.0,0.0,0.0,0.0,0.0
Whisper large-v3,Singaporean,96,The revenue funds the provision of services by local authorities.,The revenue funds the provision of services by local authorities.,The revenue funds to provision of services by local authorities.,0.0,10.0,0.0,10.0,0.0,0.0,0.0,0.0,0.0
Whisper large-v3,Singaporean,97,These isotopes help start the lamps and improve lamp operating characteristics.,These isotopes help start the lamps and improve lamp operating characteristics.,These isotopes help start the lamps and improve lamp operating characteristics.,0.0,0.0,0.0,0.0,0.0,0.0,0.0,0.0,0.0
Whisper large-v3,Singaporean,98,"While running the school, she sponsored competitions for American musicians to develop American music.","While running the school, she sponsored competitions for American musicians to develop American music.","While running the school, she sponsored competitions for American musicians to develop American music.",0.0,0.0,0.0,0.0,0.0,0.0,0.0,0.0,0.0
Whisper large-v3,Singaporean,99,Release of this set is now delayed indefinitely.,Release of this set is now delayed indefinitely.,Release of this set is now delayed indefinitely.,0.0,0.0,0.0,0.0,0.0,0.0,0.0,0.0,0.0
Whisper large-v3,Singaporean,100,The revolt's aim was for Bosnia to gain autonomy from the Ottoman Empire.,The revolt's aim was for Bosnia to gain autonomy from the Ottoman Empire.,The revolt's aim was for Bosnia to gain autonomy from the Ottoman Empire.,0.0,0.0,0.0,0.0,0.0,0.0,0.0,0.0,0.0
Whisper large-v3,Indian,1,Men in orange vests are at work on a construction site.,Men in orange vests are at work on a construction site.,Men in orange vests are at work on a construction site.,0.0,0.0,0.0,0.0,0.0,0.0,0.0,0.0,0.0
Whisper large-v3,Indian,2,This child is getting a pedicure.,This child is getting a pedicure,This child is getting a pedicure.,0.0,0.0,0.0,0.0,0.0,0.0,0.0,0.0,0.0
Whisper large-v3,Indian,3,Did you get the Mayor?,Did you get the mail?,Did you get the mail?,20.0,20.0,20.0,20.0,0.0,0.0,0.0,0.0,0.0
Whisper large-v3,Indian,4,Finally I didn't have to feel guilty for using my computer on weekends.,"Finally, I didn't have to feel guilty for using my computer on weekends.","Finally, I don't have to feel guilty for using my computer on weekends.",0.0,7.69,0.0,7.69,0.0,0.0,0.0,0.0,0.0
Whisper large-v3,Indian,5,I'd still like to have a word with her.,I still like to have a word with her.,I still like to have a word with her.,11.11,11.11,11.11,11.11,0.0,0.0,0.0,0.0,0.0
Whisper large-v3,Indian,6,This view is wrong though.,This view is wrong though.,This view is wrong though.,0.0,0.0,0.0,0.0,0.0,0.0,0.0,0.0,0.0
Whisper large-v3,Indian,7,Fedric was unable to find his lucky marble.,Frederick was unable to find his lucky marbles.,Frederick was unable to find his lucky marbles.,25.0,25.0,25.0,25.0,0.0,0.0,0.0,0.0,0.0
Whisper large-v3,Indian,8,Whistle-blower Edward Snowden still lives in exile in Russia.,Whistleblower Edward Snowden still is in exile in Russia.,Whistleblower Edward Snowden still is in exile in Russia.,11.11,11.11,11.11,11.11,0.0,0.0,0.0,0.0,0.0
Whisper large-v3,Indian,9,I work at the hospital as a paediatrician.,I work at the hospital as a pediatrician.,I work at the hospital as a pediatrician.,12.5,12.5,12.5,12.5,0.0,0.0,0.0,0.0,0.0
Whisper large-v3,Indian,10,The squirrel ran up the pine tree in a spiral.,The squirrel ran up the pine tree in a spiral.,The squirrel ran up the pine tree in a spiral.,0.0,0.0,0.0,0.0,0.0,0.0,0.0,0.0,0.0
Whisper large-v3,Indian,11,Please do not think that I already know it all.,Please do not think that I already know it all.,Please do not think that I already know it all.,0.0,0.0,0.0,0.0,0.0,0.0,0.0,0.0,0.0
Whisper large-v3,Indian,12,Greaseproof paper is very useful for wrapping sandwiches,Grease proof paper is very useful for wrapping sandwiches.,Grease proof paper is very useful for wrapping sandwiches.,25.0,25.0,12.5,12.5,0.0,0.0,0.0,12.5,12.5
Whisper large-v3,Indian,13,Nothing to it.,Nothing to it.,Nothing to it.,0.0,0.0,0.0,0.0,0.0,0.0,0.0,0.0,0.0
Whisper large-v3,Indian,14,I can recommend the soup.,I can recommend this soup.,I can recommend this soup.,20.0,20.0,20.0,20.0,0.0,0.0,0.0,0.0,0.0
Whisper large-v3,Indian,15,Remembering is more satisfying than forgetting.,Remembering is more satisfying than forgetting.,Remembering is more satisfying than forgetting.,0.0,0.0,0.0,0.0,0.0,0.0,0.0,0.0,0.0
Whisper large-v3,Indian,16,Whatever he guessed he locked away in the taboo room of Naomi.,"Whatever he guessed, he locked away in the taboo realm of Naomi.","Whatever he guessed, he locked away in the taboo realm of Naomi.",8.33,8.33,8.33,8.33,0.0,0.0,0.0,0.0,0.0
Whisper large-v3,Indian,17,What are the identifying features of a herring gull?,What are the identifying features of a hearing girl?,What are the identifying features of a hearing girl?,22.22,22.22,22.22,22.22,0.0,0.0,0.0,0.0,0.0
Whisper large-v3,Indian,18,Lack of appetite!,Like or Apartheid?,Like an Appendage,100.0,100.0,100.0,100.0,0.0,0.0,0.0,0.0,0.0
Whisper large-v3,Indian,19,Talk about the day I met her.,Talk about that day I met her.,Talk about the day I met her.,14.29,0.0,14.29,0.0,100.0,0.0,0.0,0.0,0.0
Whisper large-v3,Indian,20,He blew across the top of the milk bottle,He blew across the top of the milk bottle.,He blew across the top of the milk bottle.,0.0,0.0,0.0,0.0,0.0,0.0,0.0,0.0,0.0
Whisper large-v3,Indian,21,Stop harassing me!,Stop harassing me.,Stop harassing me.,0.0,0.0,0.0,0.0,0.0,0.0,0.0,0.0,0.0
Whisper large-v3,Indian,22,Or a fairly large brick would do.,or a fairly large brick would do.,or a fairly large brick would do.,0.0,0.0,0.0,0.0,0.0,0.0,0.0,0.0,0.0
Whisper large-v3,Indian,23,I understand that your position was very difficult.,I understand that your position was very difficult.,I understand that your position was very difficult.,0.0,0.0,0.0,0.0,0.0,0.0,0.0,0.0,0.0
Whisper large-v3,Indian,24,"Well, it's a pretty anecdote.","Well, it's a pretty anecdote.","Well, it's a pretty anecdote.",0.0,0.0,0.0,0.0,0.0,0.0,0.0,0.0,0.0
Whisper large-v3,Indian,25,In the post-orange-juice era?,"In the post-Aurangist era,","In the post-Aurine Juice era,",25.0,50.0,25.0,25.0,0.0,0.0,0.0,0.0,25.0
Whisper large-v3,Indian,26,"“Look at the time,” said the old man.","Look at the time, said the old man.","Look at the time, said the old man.",0.0,0.0,0.0,0.0,0.0,0.0,0.0,0.0,0.0
Whisper large-v3,Indian,27,There are many approaches to solving a single problem.,There are many approaches to solving a single problem.,There are many approaches to solving a single problem.,0.0,0.0,0.0,0.0,0.0,0.0,0.0,0.0,0.0
Whisper large-v3,Indian,28,These are my top grades.,These are my top grades.,These are my top grades.,0.0,0.0,0.0,0.0,0.0,0.0,0.0,0.0,0.0
Whisper large-v3,Indian,29,To my knowledge I never heard it.,"To my knowledge, I never heard it.","To my knowledge, I never heard it.",0.0,0.0,0.0,0.0,0.0,0.0,0.0,0.0,0.0
Whisper large-v3,Indian,30,A man is recreating a classic painting using a paintbrush and color pallet,A man is recreating a classic painting using a paintbrush and color palette.,A man is recreating a classic painting using a paintbrush and color palette.,7.69,7.69,7.69,7.69,0.0,0.0,0.0,0.0,0.0
Whisper large-v3,Indian,31,"We have gone into them, and he has not.",We have gone into them and he has not.,We have gone into them and he has not.,0.0,0.0,0.0,0.0,0.0,0.0,0.0,0.0,0.0
Whisper large-v3,Indian,32,His vanity is colossal.,It's Vanity's Colossal,It's Vanity's Colossal.,75.0,75.0,50.0,50.0,0.0,25.0,25.0,0.0,0.0
Whisper large-v3,Indian,33,"I thought then, growing uneasy, that I ought to write an answer.","I thought then, growing uneasy, that I ought to write an answer.","I thought then, growing uneasy, that I ought to write an answer.",0.0,0.0,0.0,0.0,0.0,0.0,0.0,0.0,0.0
Whisper large-v3,Indian,34,But of course you have others.,But of course you have others,But of course you have others,0.0,0.0,0.0,0.0,0.0,0.0,0.0,0.0,0.0
Whisper large-v3,Indian,35,The request is invalid.,The request is invalid.,The request is invalid.,0.0,0.0,0.0,0.0,0.0,0.0,0.0,0.0,0.0
Whisper large-v3,Indian,36,I'm an entry-level clerk.,I am an entry level clerk,I am an entry-level clerk.,100.0,50.0,50.0,25.0,50.0,0.0,0.0,50.0,25.0
Whisper large-v3,Indian,37,Alice almost stamped with irritation at the slow drawl in which he spoke.,Alice almost stamped with irritation at the slow drawl in which he spoke.,Alice almost stamped with irritation at the slow drawl in which he spoke.,0.0,0.0,0.0,0.0,0.0,0.0,0.0,0.0,0.0
Whisper large-v3,Indian,38,The contract is pending final checks.,the contract is pending final checks,The contract is pending final checks.,0.0,0.0,0.0,0.0,0.0,0.0,0.0,0.0,0.0
Whisper large-v3,Indian,39,Nobody taught him even that much; he found it out.,Nobody taught him even that much. He found it out.,Nobody taught him even that much. He found it out.,0.0,0.0,0.0,0.0,0.0,0.0,0.0,0.0,0.0
Whisper large-v3,Indian,40,Carelessness can have devastating consequences.,Carelessness can have devastating consequences.,Carelessness can have devastating consequences.,0.0,0.0,0.0,0.0,0.0,0.0,0.0,0.0,0.0
Whisper large-v3,Indian,41,‘I wonder if all the things move along with us?’ thought poor puzzled Alice.,"I wonder if all the things move along with us, thought poor puzzled Alice.","I wonder if all the things move along with us, thought poor puzzled Alice.",0.0,0.0,0.0,0.0,0.0,0.0,0.0,0.0,0.0
Whisper large-v3,Indian,42,"There was applause, and a voice cried: ""Hear, hear!""","There was applause and a voice cry, Hear! Hear!","There was applause and a voice cry, hear, hear.",11.11,11.11,11.11,11.11,0.0,0.0,0.0,0.0,0.0
Whisper large-v3,Indian,43,That you shall know in good time.,That you shall know in good time.,That you shall know in good time.,0.0,0.0,0.0,0.0,0.0,0.0,0.0,0.0,0.0
Whisper large-v3,Indian,44,"You and your engagement book, indeed.","You and your engagement book, indeed.","You and your engagement book, indeed.",0.0,0.0,0.0,0.0,0.0,0.0,0.0,0.0,0.0
Whisper large-v3,Indian,45,I lost my bangle have you seen it?,I lost my bangle. Have you seen it?,I lost my bangle. Have you seen it?,0.0,0.0,0.0,0.0,0.0,0.0,0.0,0.0,0.0
Whisper large-v3,Indian,46,The woman herself is not the least item in his difficulty.,The woman herself is not the least item in his difficulty.,The woman herself is not the least item in his difficulty.,0.0,0.0,0.0,0.0,0.0,0.0,0.0,0.0,0.0
Whisper large-v3,Indian,47,The enhancement request can be split into several categories of work items.,The enhancement request can be split into several categories of work items.,The enhancement request can be split into several categories of work items.,0.0,0.0,0.0,0.0,0.0,0.0,0.0,0.0,0.0
Whisper large-v3,Indian,48,"‘A quarter to two,’ he said, looking at the parlour clock.","A quarter to two, he said, looking at the power of a clock.","A quarter to two, he said, looking at the power of a clock.",27.27,27.27,9.09,9.09,0.0,0.0,0.0,18.18,18.18
Whisper large-v3,Indian,49,Exerting excess pressure could damage the equipment.,Exerting excess pressure could damage the equipment.,Exerting excess pressure could damage the equipment.,0.0,0.0,0.0,0.0,0.0,0.0,0.0,0.0,0.0
Whisper large-v3,Indian,50,The whole party stood like men stupefied.,"The whole party stood like men, stupefied.",The whole party stood like men stupefied.,0.0,0.0,0.0,0.0,0.0,0.0,0.0,0.0,0.0
Whisper large-v3,Indian,51,"Indeed, Jane, you ought to believe me.","Indeed Jane, you ought to believe me.","Indeed Jane, you ought to believe me.",0.0,0.0,0.0,0.0,0.0,0.0,0.0,0.0,0.0
Whisper large-v3,Indian,52,She witnessed the imperial troops flee from Aucona upon their defeat.,She witnessed the imperial troops flee from Okana upon their defeat.,She witnessed the Imperial troops flee from Ocona upon their defeat.,9.09,9.09,9.09,9.09,0.0,0.0,0.0,0.0,0.0
Whisper large-v3,Indian,53,"Established were axle works, brickworks, and manufactories of machinery, car wheels, etc.","Established were axle works, brick works and manufactories of machinery, car wheels, etc.","Established were axle works, brick works, and manufactories of machinery, car wheels, etc.",16.67,16.67,8.33,8.33,0.0,0.0,0.0,8.33,8.33
Whisper large-v3,Indian,54,The Lytton Band of Pomo Indians supports many charities.,The Little Band of Pomo Indians supports many charities.,The Little Band of Pomo Indians supports many charities.,11.11,11.11,11.11,11.11,0.0,0.0,0.0,0.0,0.0
Whisper large-v3,Indian,55,James' version also was issued on M-G-M Records for national distribution.,James's version also was issued on MGM Records for national distribution.,James's version also was issued on MGM Records for national distribution.,9.09,9.09,9.09,9.09,0.0,0.0,0.0,0.0,0.0
Whisper large-v3,Indian,56,Imperial Brands' chairman is Mark Williamson.,Imperial Brands' Chairman is Mark Williamson.,Imperial Brands' chairman is Mark Williamson.,0.0,0.0,0.0,0.0,0.0,0.0,0.0,0.0,0.0
Whisper large-v3,Indian,57,Telemachus currently plays for the Gestetner Eagles.,Telemachus currently plays for the Jastetner Eagles.,Telemachus currently plays for the Jastetner Eagles.,14.29,14.29,14.29,14.29,0.0,0.0,0.0,0.0,0.0
Whisper large-v3,Indian,58,He was replaced by Prof. Roni Gamzo.,He was replaced by Professor Ronnie Gantel.,He was replaced by Professor Ronnie Gantel.,42.86,42.86,42.86,42.86,0.0,0.0,0.0,0.0,0.0
Whisper large-v3,Indian,59,"This mixture includes polymerising agents, which make the deicing effect last longer.",This mixture includes polymerizing agents which make the dicing effect last longer.,This mixture includes polymerizing agents which make the dicing effect last longer.,16.67,16.67,16.67,16.67,0.0,0.0,0.0,0.0,0.0
Whisper large-v3,Indian,60,Two notable exceptions are dedicated to the death of members of his family.,Two notable exceptions are dedicated to the death of members of his family.,Two notable exceptions are dedicated to the death of members of his family.,0.0,0.0,0.0,0.0,0.0,0.0,0.0,0.0,0.0
Whisper large-v3,Indian,61,The therapy sessions were followed by police interviews.,The therapy sessions were followed by police interviews.,The therapy sessions were followed by police interviews.,0.0,0.0,0.0,0.0,0.0,0.0,0.0,0.0,0.0
Whisper large-v3,Indian,62,About one-third of Mali's paddy rice is produced at the Office du Niger.,About one-third of Mali's paddy rice is produced at the Office du Niger.,About one-third of Mali's paddy rice is produced at the Office du Niger.,0.0,0.0,0.0,0.0,0.0,0.0,0.0,0.0,0.0
Whisper large-v3,Indian,63,"Despite that connotation, the song was accepted by black and white Rhodesians.","Despite that connotation, the song was accepted by black and white traditions.","Despite that connotation, the song was accepted by black and white traditions.",8.33,8.33,8.33,8.33,0.0,0.0,0.0,0.0,0.0
Whisper large-v3,Indian,64,Here his teachers included Ildebrando Pizzetti and Luigi Dallapiccola.,Here his teachers included Ildebrando Pezzetti and Luigi Dalla Piccola.,"Here, his teachers included Ildebrando Pezzetti and Luigi Dalla Piccola.",33.33,33.33,22.22,22.22,0.0,0.0,0.0,11.11,11.11
Whisper large-v3,Indian,65,"There is some residual agriculture, primarily of ""edamame"", for which Noda was historically famous.",There is some residual agriculture primarily of Edamame for which Noda was historically famous.,"There is some residual agriculture, primarily of Edamame, for which Noda was historically famous.",0.0,0.0,0.0,0.0,0.0,0.0,0.0,0.0,0.0
Whisper large-v3,Indian,66,Zavala had a keen intellect and was fluent in many languages.,Zawala had a keen intellect and was fluent in many languages.,Zawala had a keen intellect and was fluent in many languages.,9.09,9.09,9.09,9.09,0.0,0.0,0.0,0.0,0.0
Whisper large-v3,Indian,67,"Honda began to expand the Acura division into Mexico, Hong Kong, and China.","Honda began to expand the Acura division into Mexico, Hong Kong and China.","Honda began to expand the Acura division into Mexico, Hong Kong and China.",0.0,0.0,0.0,0.0,0.0,0.0,0.0,0.0,0.0
Whisper large-v3,Indian,68,Atribuation has also been given to Caesarius of Heisterbach.,Atribution has been given to Caesareus of Hysterbach.,Attribution has been given to Caesarius of Hysterbach.,44.44,33.33,33.33,22.22,33.33,11.11,11.11,0.0,0.0
Whisper large-v3,Indian,69,He is also said to have studied at Douay.,He is also said to have studied at Doi.,He is also said to have studied at Doei.,11.11,11.11,11.11,11.11,0.0,0.0,0.0,0.0,0.0
Whisper large-v3,Indian,70,"He also guest starred on ""Angel"".",He also guest starred on Angel.,He also guest starred on Angel.,0.0,0.0,0.0,0.0,0.0,0.0,0.0,0.0,0.0
Whisper large-v3,Indian,71,"As with Lychnoscopy, the diviner reads presages from the movements of the flame.","As with Lingtoscopy, the diviner reads presages from the movements of the flame.","As with Lingtoscopy, the diviner reads presages from the movements of the flame.",7.69,7.69,7.69,7.69,0.0,0.0,0.0,0.0,0.0
Whisper large-v3,Indian,72,"The ashram now has a museum, the Gandhi Smarak Sangrahalaya.","The ashram now has a museum, the Gandhi Smarak Sangrale.","The ashram now has a museum, the Gandhi Smarak Sangrale.",10.0,10.0,10.0,10.0,0.0,0.0,0.0,0.0,0.0
Whisper large-v3,Indian,73,The scene is at once real and unreal.,The scene is at once real and unreal.,The scene is at once real and unreal.,0.0,0.0,0.0,0.0,0.0,0.0,0.0,0.0,0.0
Whisper large-v3,Indian,74,The Sabah Wildlife Department is the custodian of the animals in the reserve.,The Sabah Wildlife Department is the custodian of the animals in the reserve.,The Saba Wildlife Department is the custodian of the animals in the reserve.,0.0,7.69,0.0,7.69,0.0,0.0,0.0,0.0,0.0
Whisper large-v3,Indian,75,"Shortly thereafter, Joan witnesses the coronation of Charles.","Shortly thereafter, Joanne witnesses the coronation of Charles.","Shortly thereafter, Joanne witnesses the coronation of Charles.",12.5,12.5,12.5,12.5,0.0,0.0,0.0,0.0,0.0
Whisper large-v3,Indian,76,They met in Batumi during vacation.,They met in Batumi during vacation.,They met in Batumi during vacation.,0.0,0.0,0.0,0.0,0.0,0.0,0.0,0.0,0.0
Whisper large-v3,Indian,77,"Meeting Traveller aboard they inspect his experimental rocket ""Phaeton.","Meeting traveller aboard, they inspect his experimental rocket Phaeton.","Meeting traveller aboard, they inspect his experimental rocket Phaeton.",0.0,0.0,0.0,0.0,0.0,0.0,0.0,0.0,0.0
Whisper large-v3,Indian,78,"This emperor's posthumous name literally means ""joyfully healthy peace"".",The censor's posthumous name literally means joyfully hilly peace.,The censor's posthumous name literally means joyfully hilly peace.,33.33,33.33,33.33,33.33,0.0,0.0,0.0,0.0,0.0
Whisper large-v3,Indian,79,Byron was born in California.,Byron was born in California.,Byron was born in California.,0.0,0.0,0.0,0.0,0.0,0.0,0.0,0.0,0.0
Whisper large-v3,Indian,80,First Nation peoples would be set apart on reserves from the new settlers.,First Nation peoples would be set apart on reserves from the new settlers.,First Nation peoples would be set apart on reserves from the new settlers.,0.0,0.0,0.0,0.0,0.0,0.0,0.0,0.0,0.0
Whisper large-v3,Indian,81,Wolff risks the dangers believing the reward will solve his debt problems.,Wolf risks the dangers believing the reward will solve his debt problems.,Wolf risks the dangers believing the reward will solve his debt problems.,8.33,8.33,8.33,8.33,0.0,0.0,0.0,0.0,0.0
Whisper large-v3,Indian,82,The core collapse phase of a supernova is an extremely dense and energetic event.,The core collapse phase of a supernova is an extremely dense and energetic event.,The core collapse phase of a supernova is an extremely dense and energetic event.,0.0,0.0,0.0,0.0,0.0,0.0,0.0,0.0,0.0
Whisper large-v3,Indian,83,These reaction products are essential for the regulation of intracellular Ca.,These reaction products are essential for the regulation of intracellular CA.,These reaction products are essential for the regulation of intracellular CA.,0.0,0.0,0.0,0.0,0.0,0.0,0.0,0.0,0.0
Whisper large-v3,Indian,84,"Another extremely mammal-like family, Tritheledontidae, are unknown later than the Early Jurassic.","Another extremely mammal-like family, Tritellodontidae, are unknown later than the early Jurassic.","Another extremely mammal-like family, Trithelodontidae, are unknown later than the early Jurassic.",8.33,8.33,8.33,8.33,0.0,0.0,0.0,0.0,0.0
Whisper large-v3,Indian,85,The album's lyrics were also examined.,The album's lyrics were also examined.,The album's lyrics were also examined.,0.0,0.0,0.0,0.0,0.0,0.0,0.0,0.0,0.0
Whisper large-v3,Indian,86,The founder of the hospital was William Bromfeild.,The founder of the hospital was William Bromfield.,The founder of the hospital was William Bromfield.,12.5,12.5,12.5,12.5,0.0,0.0,0.0,0.0,0.0
Whisper large-v3,Indian,87,His maternal grandparents were Prince Frederick of the Netherlands and Princess Louise of Prussia.,His maternal grandparents were Prince Frederick of the Netherlands and Princess Louis of Prussia.,His maternal grandparents were Prince Frederick of the Netherlands and Princess Louis of Prussia.,7.14,7.14,7.14,7.14,0.0,0.0,0.0,0.0,0.0
Whisper large-v3,Indian,88,"By all accounts, Holmes visualised the layout in his imagination.","By all accounts, Holmes visualized the layout in his imagination.","By all accounts, Holmes visualized the layout in his imagination.",10.0,10.0,10.0,10.0,0.0,0.0,0.0,0.0,0.0
Whisper large-v3,Indian,89,All of these tropical cyclones are featured within the Atlantic hurricane database.,All of these tropical cyclones are featured within the Atlantic Hurricane Database.,All of these tropical cyclones are featured within the Atlantic Hurricane Database.,0.0,0.0,0.0,0.0,0.0,0.0,0.0,0.0,0.0
Whisper large-v3,Indian,90,This was followed by numberless other commissions which the painter carried out.,This was followed by numberless other commissions which the painter carried out.,This was followed by numberless other commissions which the painter carried out.,0.0,0.0,0.0,0.0,0.0,0.0,0.0,0.0,0.0
Whisper large-v3,Indian,91,He is also said to have 'converted' Charles Saatchi to conceptual art.,He is also said to have converted Charles Chachri to conceptual art.,He is also said to have converted Charles Satchie to conceptual art.,8.33,8.33,8.33,8.33,0.0,0.0,0.0,0.0,0.0
Whisper large-v3,Indian,92,This large size is needed for low divergence beams.,This large size is needed for low divergence beams.,This large size is needed for low divergence beams.,0.0,0.0,0.0,0.0,0.0,0.0,0.0,0.0,0.0
Whisper large-v3,Indian,93,He has not played baseball professionally since then.,He has not played baseball professionally since then.,He has not played baseball professionally since then.,0.0,0.0,0.0,0.0,0.0,0.0,0.0,0.0,0.0
Whisper large-v3,Indian,94,Solomon and Gergana Passy have four children from their three marriages.,Solomon and Gergana Pasi have four children from their three marriages.,Solomon and Gergana Pasi have four children from their three marriages.,9.09,9.09,9.09,9.09,0.0,0.0,0.0,0.0,0.0
Whisper large-v3,Indian,95,"Instead of using a specific programming language, the algorithms are written in Pseudocode.","Instead of using a specific programming language, the algorithms are written in sub-code.","Instead of using a specific programming language, the algorithms are written in pseudocode.",7.69,0.0,7.69,0.0,100.0,0.0,0.0,0.0,0.0
Whisper large-v3,Indian,96,"He also was the past owner of the Rainfair Company, which made protective footwear.",He also was the past owner of the Rainfair company which made protective footwear.,"He also was the past owner of the Rainfair company, which made protective footwear.",0.0,0.0,0.0,0.0,0.0,0.0,0.0,0.0,0.0
Whisper large-v3,Indian,97,Bill rather than continuing a life in music.,"Bill, rather than continuing a life in music,","Bill, rather than continuing a life in music,",0.0,0.0,0.0,0.0,0.0,0.0,0.0,0.0,0.0
Whisper large-v3,Indian,98,This title was retained in the Russian Empire.,This title was retained in the Russian Empire.,This title was retained in the Russian Empire.,0.0,0.0,0.0,0.0,0.0,0.0,0.0,0.0,0.0
Whisper large-v3,Indian,99,He is a supporter of the international development charity Mary's meals.,He is a supporter of the international development charity Mary's Meals.,He is a supporter of the international development charity Mary's Meals.,0.0,0.0,0.0,0.0,0.0,0.0,0.0,0.0,0.0
Whisper large-v3,Indian,100,I just felt like I wasn't seen or understood.,I just felt like I wasn't seen or understood.,I just felt like I wasn't seen or understood.,0.0,0.0,0.0,0.0,0.0,0.0,0.0,0.0,0.0
Whisper large-v3,British,1,"After his retirement from politics, he moved from Barnet to Oxfordshire.","After his retirement from politics, he moved from Barnet to Oxfordshire.","After his retirement from politics, he moved from Barnet to Oxfordshire.",0.0,0.0,0.0,0.0,0.0,0.0,0.0,0.0,0.0
Whisper large-v3,British,2,The Lakes Region Library of Citrus Libraries is in Inverness.,The Lakes Region Library of Citrus Libraries is in Inverness.,The Lakes Region Library of Citrus Libraries is in Inverness.,0.0,0.0,0.0,0.0,0.0,0.0,0.0,0.0,0.0
Whisper large-v3,British,3,"Among other actions, authorities raided breakfast program locations while children were eating.","Among other actions, authorities raided breakfast programme locations while children were eating.","Among other actions, authorities raided breakfast programme locations while children were eating.",8.33,8.33,8.33,8.33,0.0,0.0,0.0,0.0,0.0
Whisper large-v3,British,4,Its divisions were transferred away.,Its divisions were transferred away.,Its divisions were transferred away.,0.0,0.0,0.0,0.0,0.0,0.0,0.0,0.0,0.0
Whisper large-v3,British,5,Nicholas survived his political downfall.,Nicholas survived his political downfall.,Nicholas survived his political downfall.,0.0,0.0,0.0,0.0,0.0,0.0,0.0,0.0,0.0
Whisper large-v3,British,6,This was the sixth Crown Prince Cup final to be held at the stadium.,This was the sixth Crown Prince Cup final to be held at the stadium.,This was the sixth Crown Prince Cup final to be held at the stadium.,0.0,0.0,0.0,0.0,0.0,0.0,0.0,0.0,0.0
Whisper large-v3,British,7,The Racers were picked to finish in seventh place.,The racers were picked to finish in seventh place.,The racers were picked to finish in seventh place.,0.0,0.0,0.0,0.0,0.0,0.0,0.0,0.0,0.0
Whisper large-v3,British,8,It is the only known site in Utah associated with Harris.,It is the only known site in Utah associated with Harris.,It is the only known site in Utah associated with Harris.,0.0,0.0,0.0,0.0,0.0,0.0,0.0,0.0,0.0
Whisper large-v3,British,9,His daughter married Sir Henry Kitson and was the mother of Sir Frank Kitson.,His daughter married Sir Henry Kitson and was the mother of Sir Frank Kitson.,His daughter married Sir Henry Kitson and was the mother of Sir Frank Kitson.,0.0,0.0,0.0,0.0,0.0,0.0,0.0,0.0,0.0
Whisper large-v3,British,10,Its investment paid off and the team returned from each successive event with medals.,Its investment paid off and the team returned from each successive event with medals.,It's investment paid off and the team returned from each successive event with medals.,0.0,0.0,0.0,0.0,0.0,0.0,0.0,0.0,0.0
Whisper large-v3,British,11,He previously served as the British Ambassador to Algeria.,He previously served as the British ambassador to Algeria.,He previously served as the British ambassador to Algeria.,0.0,0.0,0.0,0.0,0.0,0.0,0.0,0.0,0.0
Whisper large-v3,British,12,"The toponyms ""Lake Thompson"" and ""Thompson River"" are linked.",The toponyms Lake Thompson and Thompson River are linked.,The toponyms Lake Thompson and Thompson River are linked.,0.0,0.0,0.0,0.0,0.0,0.0,0.0,0.0,0.0
Whisper large-v3,British,13,He was elected as president of the Student association of Peru.,He was elected as president of the Student Association of Peru.,He was elected as president of the Student Association of Peru.,0.0,0.0,0.0,0.0,0.0,0.0,0.0,0.0,0.0
Whisper large-v3,British,14,OKAY NOW FOR A REGULAR CONVERSATION SO UH WOULD YOU RATHER GO TO THE BEACH TODAY OR DO CLUB GOLF DISCUSS,"Okay, now for a regular conversation. So, would you rather go to the beach today or do pub golf? Discuss.","Okay, now for a regular conversation. So, would you rather go to the beach today or do pub golf? Discuss.",9.52,9.52,4.76,4.76,0.0,4.76,4.76,0.0,0.0
Whisper large-v3,British,15,YEAH THE WEATHER'S ACTUALLY QUITE NICE I FEEL LIKE WE HAVEN'T HAD SUN LIKE THIS WE HAD LIKE ONE DAY OF SUN IN LIKE THREE WEEKS YOU KNOW,"Yeah, the weather's actually quite nice. I feel like we haven't had sun like this. We've had like one day of sun in like three weeks. You know?","Yeah, the weather's actually quite nice. I feel like we haven't had sun like this. We've had like one day of sun in like three weeks. You know?",3.57,3.57,3.57,3.57,0.0,0.0,0.0,0.0,0.0
Whisper large-v3,British,16,YEAH THAT'S TRUE I MEAN WE COULD JUST GO AFTER THIS YOU KNOW WHAT'S STOPPING US,"Yeah, that's true. I mean, we could just go after this. What's stopping us?","Yeah, that's true. I mean, we could just go after this. What's stopping us?",12.5,12.5,0.0,0.0,0.0,12.5,12.5,0.0,0.0
Whisper large-v3,British,17,PEOPLE GOING BOURBON OH MY GOD THAT SOUNDS ATROCIOUS YEAH,People going bourbon. Oh my God. That sounds atrocious. Yeah.,"Oh, my God, that sounds atrocious. Yeah.",0.0,30.0,0.0,0.0,0.0,0.0,30.0,0.0,0.0
Whisper large-v3,British,18,ANOTHER RIGHT ANOTHER NIGHT AT RASCALS,Another night at Rascal's.,Another night at Roscoe's.,33.33,50.0,0.0,16.67,0.0,33.33,33.33,0.0,0.0
Whisper large-v3,British,19,YEAH <OVERLAP> OF COURSE WELL THE BIG PROMOTER IS RIGHT HERE WITH ME BUT,"Yeah, of course. Well, the big promoter is right here with me.","Yeah, of course. Well, the big promoter is right here with me.",14.29,14.29,0.0,0.0,0.0,14.29,14.29,0.0,0.0
Whisper large-v3,British,20,YEAH NO WELL IT'S KIND OF FUNNY TO THINK THEY'LL BE ANALYZING THIS CONVERSATION BUT ANYWAY <LAUGH> YEAH,"Yeah, no. Well, it's kind of funny to think they'll be analyzing this conversation. But anyway. Yeah. Yeah.","Yeah, no. Well, it's kind of funny to think they'll be analyzing this conversation. But anyway. Yeah. Yeah.",5.56,5.56,5.56,5.56,0.0,0.0,0.0,0.0,0.0
Whisper large-v3,British,21,OOH OKAY TELL ME ABOUT A PARTICULAR FOOD YOU USED TO LIKE WHEN YOU WERE A CHILD THEN,"Oh, okay. Tell me about a particular food you used to like when you were a child then.","Okay, tell me about a particular food you used to like when you were a child then.",5.56,5.56,5.56,0.0,100.0,0.0,5.56,0.0,0.0
Whisper large-v3,British,22,WELL ACTUALLY ARE THEY LIKE ALL THESE ALL THESE ALL THESE DUMPLINGS OF EASTERN EUROPEAN ORIGIN,What actually are they? Like all these dumplings of Eastern European origin?,What actually are they? Like all these dumplings of Eastern European origin?,31.25,31.25,6.25,6.25,0.0,25.0,25.0,0.0,0.0
Whisper large-v3,British,23,THAT DOES SOUND PRETTY GOOD IF I HADN'T JUST EATEN AN ENTIRE PEPPERONI PIZZA I COULD DEFINITELY SCRAN A FEW OF THOSE,"That does sound pretty good. If I hadn't just eaten an entire pepperoni pizza, I could definitely scran a few of those.","That does sound pretty good. If I hadn't just eaten an entire pepperoni pizza, I could definitely scran a few of those.",0.0,0.0,0.0,0.0,0.0,0.0,0.0,0.0,0.0
Whisper large-v3,British,24,THEY'RE NOT REALLY BIG WHEN THEY'RE DUMPLINGS ACTUALLY,"They're not really big when they're dumplings, actually.","They're not really big when they're dumplings, actually.",0.0,0.0,0.0,0.0,0.0,0.0,0.0,0.0,0.0
Whisper large-v3,British,25,YEAH THEY HAVE WELL THE CLOSEST THING WE HAVE IS SOMETHING CALLED UM <FOREIGN> BUT IT'S NOT LIKE A DUMPLING IT'S LIKE WRAPPED IN THOSE LIKE BANANA LEAVES YOU KNOW,"Yeah, the closest thing we have is something called sarmadas, but it's not like a dumpling. It's like wrapped in those like banana leaves, you know?","Yeah, they have the closest thing we have is something called them. Sarmadish, but it's not like a dumpling. It's like wrapped in those like banana leaves, you know,",16.67,10.0,3.33,6.67,-100.0,13.33,3.33,0.0,0.0
Whisper large-v3,British,26,SO IT'S LIKE IT'S BEEF OR MINTS OR WHATEVER BUT IT'S WRAPPED IN THE LEAVES AND THEN YOU,"So it's like beef or mints or whatever, but it's wrapped in the leaves and then you","So it's like beef or mince or whatever, but it's wrapped in the leaves and then you",5.56,11.11,0.0,5.56,0.0,5.56,5.56,0.0,0.0
Whisper large-v3,British,27,YEAH CABBAGE CABBAGE LEAVES AND LIKE YOU BOIL THE LEAVES AND YOU COOK THE MEAT AND THEN YOU WRAP THEM IN AND IT'S LIKE A A DUMPLING BUT WITH A LEAF ON THE OUTSIDE AND YOU EAT THAT WITH LIKE SOUR CREAM AND STUFF AND THAT'S PRETTY GOOD,"Yeah, cabbage, cabbage leaves. And like you boil the leaves and you cook the meat and then you wrap them in and it's like a dumpling but with a leaf on the outside. And then you eat that with like sour cream and stuff and that's pretty good.","Yeah, cabbage, cabbage leaves. And like you boil the leaves and you cook the meat and then you wrap them in. And it's like a dumpling, but with a leaf on the outside. And then you eat that with like sour cream and stuff. And that's pretty good.",4.17,4.17,0.0,0.0,0.0,2.08,2.08,2.08,2.08
Whisper large-v3,British,28,AND HE'S ALWAYS LIKE OH YOU CAN'T FIND THEM AUTHENTICALLY MADE HERE SO IT DOESN'T BOTHER ME SHE LIKES THE WAY SHE DOES THEM SO HE'LL JUST EAT LIKE LOADS OF THOSE AT CHRISTMAS LIKE I'VE NEVER WE HAVEN'T DONE A CHRISTMAS TURKEY FOR LIKE TEN YEARS IT'S ALWAYS JUST A BUNCH OF ROMANIAN FOOD FOR SOME REASON,"And he's always like, oh, you can't find them authentically made here. So he doesn't bother. But she likes the way she does them. So he'll just eat like loads of those at Christmas. Like we haven't done a Christmas turkey for like 10 years. It's always just a bunch of Romanian food for some reason.","And he's always like, oh, you can't find them authentically made here, so he doesn't bother. But she likes the way she does them. So he'll just eat loads of those at Christmas. We haven't done a Christmas turkey for 10 years. It's always just a bunch of Romanian food for some reason.",8.62,13.79,5.17,5.17,0.0,3.45,8.62,0.0,0.0
Whisper large-v3,British,29,YEAH NO IT'S GREAT IT STARTED LIKE MAYBE LIKE FIVE OR SIX YEARS AGO MY SISTER WAS LIKE ''OH LET'S WATCH DIE HARD'' AND THEN I SAID I'D NEVER WATCHED IT EVERYONE GOES OH <OVERLAP> SO WE WATCHED DIE HARD AND YEAH IT'S IT'S THE BEST TRADITION BUT I THINK MY FAVORITE,yeah no it's great it started like maybe like five or six years ago my sister was like oh let's watch die hard and then i said i never watched it everyone goes oh and yeah it's it's the best tradition but i think how is that my favorite,"Yeah, no, it's great. It started like, maybe like five or six years ago. My sister was like, oh, let's watch Die Hard. And then I said, I never watched it. Everyone goes, oh, Die Hard. And yeah, it's the best tradition. How is that? Is that a",19.23,23.08,1.92,11.54,-500.0,11.54,9.62,5.77,1.92
Whisper large-v3,British,30,I THINK IT'S QUITE AN AMERICAN THING,I think it's quite an American thing.,I think it's quite an American thing.,0.0,0.0,0.0,0.0,0.0,0.0,0.0,0.0,0.0
Whisper large-v3,British,31,IT'S LIKE YOU WATCH HOME ALONE OR THE THE SCROOGE MCDUCK ONE OR WHATEVER THAT'S CALLED OR DIE HARD BUT I REMEMBER A FEW YEARS AGO THERE WAS ONE TIME WHERE WE WATCHED DIE HARD ONE AND EVERYONE KINDA LIKE FELL ASLEEP FROM A FOOD COMA AND THEN MY DAD WAS LIKE OKAY HE JUST PUT ON DIE HARD TWO SO WE WATCHED DIE HARD ONE AT LIKE FOUR O'CLOCK AND THEN ABOUT TWENTY MINUTES INTO DIE HARD TWO I JUST PASSED OUT AND FELL ASLEEP ON THE COUCH AND THIS <OVERLAP> SIX THIRTY I WAKE UP AROUND MIDNIGHT AND I'M LIKE WHAT'S GOING ON AND MY DAD IS LIKE SEVENTY PERCENT OF THE WAY THROUGH DIE HARD FOUR HE JUST WATCHED LIKE ALL FOUR OF THEM BACK TO BACK <LAUGH> <DTMF> EVERYBODY ELSE IS ASLEEP HE WAS JUST THERE LIKE OH WELL TIME FOR DIE HARD THREE OH WELL TIME FOR DIE HARD FOUR,"It's like you watch Home Alone or the Scrooge McDuck one, whatever that's called, or Die Hard. But I remember a few years ago, there was one time where we watched Die Hard 1 and everyone kind of like fell asleep from a food coma. And then my dad was like, okay, he just put on Die Hard 2. So he watched Die Hard 1 at like 4 o'clock. And then about 20 minutes into Die Hard 2, I just passed out and fell asleep on the couch. That sounds elite though. 6.30. I wake up around midnight.","It's like you watch Home Alone or the Scrooge McDuck one, whatever that's called, or Die Hard. But I remember a few years ago, there was one time where we watched Die Hard 1 and everyone kind of like fell asleep from a food coma. And then my dad was like, okay, he just put on Die Hard 2. So he watched Die Hard 1 at like four o'clock. And then about 20 minutes into Die Hard 2, I just passed out and fell asleep on the couch. And this was like 6.30. I wake up around midnight.",46.45,44.52,8.39,6.45,23.08,37.42,37.42,0.65,0.65
Whisper large-v3,British,32,YEAH I DUNNO THAT WAS THAT WAS A GREAT CHRISTMAS I THINK THAT WAS THAT WAS LIKE THE FIRST CORONA CHRISTMAS HE JUST FULLY LOST IT,"Yeah, I don't know. That was a great Christmas. I think that was like the first Corona Christmas. He just fully lost it.","Yeah, I don't know. That was a great Christmas. I think that was like the first Corona Christmas. He just fully lost it.",19.23,19.23,7.69,7.69,0.0,11.54,11.54,0.0,0.0
Whisper large-v3,British,33,ALMOST ALMOST CERTAINLY WENT A TAD INSANE,Almost certainly went a tad insane.,Almost certainly went a tad insane.,14.29,14.29,0.0,0.0,0.0,14.29,14.29,0.0,0.0
Whisper large-v3,British,34,YEAH YOU CAN ACTUALLY WATCH BRUCE WILLIS GET LIKE MORE AND MORE BOLD AS THE FILMS GO THROUGH IT'S QUITE FUN,you can actually watch Bruce Willis get more and more bald as the films go through it's quite fun,"Yeah, you can actually watch Bruce Willis get like more and more bald as the films go through. It's quite fun.",14.29,4.76,4.76,4.76,0.0,9.52,0.0,0.0,0.0
Whisper large-v3,British,35,OH I JUST SAW SOMEONE OUTSIDE WITH THE NEW HAVE YOU SEEN THE NEW LIKE AIRPOD HEADPHONES,"Oh, I just also went outside with the new, have you seen the new like AirPod headphones?","Oh, I just also went outside with the new, have you seen the new like AirPod headphones?",11.76,11.76,11.76,11.76,0.0,0.0,0.0,0.0,0.0
Whisper large-v3,British,36,YOU SHOULD LOOK THEM UP AFTER THIS BUT THEY'RE REALLY GUCCI THEY'RE LIKE THEY THEY HAVE THAT LIKE OLD LIKE EIGHTIES FANCY HEADPHONE LIKE HI FI DESIGN BUT THEY THEY'RE LIKE SIX HUNDRED QUID AS WELL BUT APPARENTLY THEY'RE REALLY GOOD BUT ALSO YOU LOOK LIKE A COMPLETE TOOL WEARING THEM,"You should look them up after this, but they're really bookie. They're like, they have that like old, like 80s fancy headphone, like hi-fi design, but they're like 600 quid as well. But apparently they're really good. Also, you know, like a complete tool wearing them.","You should look them up after this, but they're really bookie. They're like, they have that like old like 80s fancy headphone like hi-fi design, but they're like 600 quid as well, but apparently they're really good. Also, you know, like a complete tool wearing them.",19.61,19.61,9.8,9.8,0.0,9.8,9.8,0.0,0.0
Whisper large-v3,British,37,PEOPLE PEOPLE WHEN THEY FIRST CAME OUT PEOPLE MOCKED THEM SO HARD AND NOW THEY'RE JUST EVERYWHERE,people when they first came out people mocked them so hard and now they're just gonna remember,I was one of,17.65,100.0,5.88,23.53,-300.0,5.88,76.47,5.88,0.0
Whisper large-v3,British,38,TO BE FAIR I REMEMBER WHEN I FIRST GOT AIRPODS IT'S LIKE CAUSE I TRIED TO LIKE LIKE BACK THEN BEATS HAD SOME LIKE WIRELESS EARBUDS AND STUFF AND THEY'VE PROBABLY GOTTEN A LOT BETTER NOW BUT THEY'RE LIKE SONY ONES BACK IN TWENTY SIXTEEN OR WHATEVER THEY WERE COMPLETE SHIT THEY WERE FALLING OUT OF YOUR EARS,"To be fair, I remember when I first got Parabell Pots, it's like, cause I tried the like, the like back then Beats had some like wireless earbuds and stuff and they'd probably gotten a lot better now, but the like Sony ones back in 2016 or whatever, they were complete shit. They were falling out of your ears.","To be fair, I remember when I first got Paragraphics, it's like, because I tried to like, like back then Beats had some like wireless earbuds and stuff. And they've probably gotten a lot better now. But the like Sony ones back in 2016 or whatever, they were complete shit. They were falling out of ears.",13.79,10.34,8.62,6.9,20.0,1.72,3.45,3.45,0.0
Whisper large-v3,British,39,AND YOU GET AIRPODS AND IT'S JUST LIKE BOOP CONNECTED TO MY PHONE EASY PEASY,AirPods and it's just like connected to my phone easy peasy,"I'm on my AirPods and it's just like, boop, connected to my phone. Easy peasy.",26.67,20.0,0.0,20.0,0.0,26.67,0.0,0.0,0.0
Whisper large-v3,British,40,YEAH I NEVER I NEVER WORKED OUT WHY THAT DIDN'T ACTUALLY BECOME A BIG THING REMEMBER SMOSH MADE A VIDEO WHERE THEY LIKE ROASTED,"Yeah, I never worked out why that didn't actually become a big thing. I remember Smosh made a video where they like wrote","Yeah, I never worked out why that didn't actually become a big thing. I remember Smosh made a video where they like wrote",16.67,16.67,4.17,4.17,0.0,8.33,8.33,4.17,4.17
Whisper large-v3,British,41,THE HELL OUT OF IT BUT THEN THEY NEVER ACTUALLY LIKE MADE THEM,the hell out of it. They never actually made them.,The following is an English transcription spoken with a British accent.,23.08,92.31,0.0,76.92,0.0,23.08,15.38,0.0,0.0
Whisper large-v3,British,42,I'M ALSO ALMOST CERTAIN THAT LIKE EVERY SINGLE PERSON OR THE LIKE LAB RATS THEY HAD DOING THEM GOT SOME KIND OF LIKE RETINAL CANCER OR SOMETHING,"I'm also almost certain that like every single person, all the like lab rats they had doing them got some kind of like retinal cancer or something.","I'm also almost certain that like every single person, all the like lab rats they had doing them got some kind of like retinal cancer or something.",3.7,3.7,3.7,3.7,0.0,0.0,0.0,0.0,0.0
Whisper large-v3,British,43,GOOGLE GOOGLE THEY UH THEY LIKE THEIR VISION WAS JUST RUINED AND GOOGLE PROBABLY HUSHED THEM,"Google, their vision was just ruined and Google probably hushed them.","Google, they, like their vision was just ruined and Google probably hushed them.",31.25,18.75,0.0,0.0,0.0,31.25,18.75,0.0,0.0
Whisper large-v3,British,44,YEAH THEY DID LOOK PRETTY DUMB,"Yeah, they did look pretty dumb.",Yeah. They did look pretty dumb.,0.0,0.0,0.0,0.0,0.0,0.0,0.0,0.0,0.0
Whisper large-v3,British,45,UM SEE WHAT ELSE WE HAVE IN THE OLD PROMPT SECTION,see what else we have in the old prompt section.,See what else we have in the old prompt section.,9.09,9.09,0.0,0.0,0.0,9.09,9.09,0.0,0.0
Whisper large-v3,British,46,DID YOU HAVE A FAVORITE BOOK OR FILM OR TV SHOW OR CARTOON AS A CHILD WHAT WAS IT ABOUT,Did you have a favorite book or film or TV show or cartoon as a child? What was it about?,Did you have a favourite book or film or TV show or cartoon as a child? What was it about?,0.0,5.0,0.0,5.0,0.0,0.0,0.0,0.0,0.0
Whisper large-v3,British,47,ADVENTURE TIME I READ THIS BOOK WHEN I WAS A KID CALLED UM DO YOU EVER READ THIS JAY THE PHANTOM TOLL BOOTH,"I read this book when I was a kid called... Do you ever read this, Chang? The Phantom Tollbooth?","Thank you time. I read this book when I was a kid called Do you ever read this, Chang? The Phantom Tollbooth?",26.09,26.09,8.7,13.04,-50.0,17.39,8.7,0.0,4.35
Whisper large-v3,British,48,IT'S VERY CLASSIC LIKE EIGHT YEAR OLD BOY BOOK BUT IT'S SUPER FUCKING JARRING BECAUSE IT'S BASICALLY LIKE THIS KID THAT GOES INTO LIKE AN ALTERNATE DIMENSION WHERE MATHS THERE'S LIKE A BUNCH OF WEIRD SUPERHEROES THAT ALL HAVE LIKE MATH POWER HE'S LIKE A MATH WIZARD AND STUFF,It's a very classic eight-year-old boy book. It's super fucking jarring because it's basically about this kid that goes into an alternate dimension where there's a bunch of weird superheroes that all have math power. He's like a math wizard and stuff.,It's a very classic eight-year-old boy book. It's super fucking jarring because it's basically about this kid that goes into an alternate dimension where there's a bunch of weird superheroes that all have math power. There's a math wizard and stuff.,22.45,26.53,4.08,6.12,-50.0,16.33,18.37,2.04,2.04
Whisper large-v3,British,49,AND THERE WAS THIS ONE KID WHO WOULD JUST GO AROUND LIKE FLOATING IN MID AIR,And there was this one kid who would just go around like floating in midair.,And there was this one kid who would just go around like floating in midair.,12.5,12.5,6.25,6.25,0.0,6.25,6.25,0.0,0.0
Whisper large-v3,British,50,AND THE MAIN CHARACTER SEES HIM AND HE GOES WHY ARE YOU FLOATING IN MID AIR AND THEN HE SAYS UM YOU KNOW HOW WHEN YOU GROW UP AS YOU GET TALLER YOUR LIKE VANTAGE POINT IS CONSTANTLY CHANGING THROUGHOUT THE YEARS 'CAUSE YOU'RE GETTING TALLER AND TALLER AND HE SAYS HE COMES FROM A SPECIES WHERE EVERYONE STARTS WITH THEIR HEAD WHERE <DTMF> UP AND YOUR LEGS JUST GO DOWN <LAUGH> AND EVENTUALLY YOU TOUCH THE GROUND LIKE IT'S LIKE OH THAT MAKES WAY MORE SENSE BECAUSE NOW I ALWAYS LOOK AT THINGS THE SAME WAY I THOUGHT THAT WAS SUCH A WEIRD IDEA,"And the main character sees him and he goes, why are you floating in midair? And he says, you know how when you grow up, as you get taller, your like vantage point is constantly changing throughout the years because you're getting taller and taller. And he says he comes from a species where everyone starts with their head where it ends up and your legs just go down and eventually you touch the ground. It's like, oh, that makes way more sense because now I always look at things the same way.","And the main character sees him and he goes, why are you floating in midair? And he says, you know how when you grow up, as you get taller, your like vantage point is constantly changing throughout the years because you're getting taller and taller. And he says he comes from a species where everyone starts with their head where it ends up and your legs just go down and eventually you touch the ground. And it's like, oh, that makes way more sense because now I always look at things the same way.",16.19,16.19,2.86,3.81,-33.33,12.38,11.43,0.95,0.95
Whisper large-v3,British,51,AS A KID I DON'T KNOW IT'S QUITE TOUGH I FEEL LIKE I PROBABLY DID WATCH LOADS OF MOVIES AS A KID BUT A LOT OF THEM WERE LIKE DUMB LIKE DISNEY FILMS AND STUFF,as a kid I don't know it's quite tough I feel like I probably did watch loads of movies as a kid but a lot of them were just like dumb like Disney films and stuff,"As a kid, I don't know. It's quite tough. I feel like I probably did watch loads of movies as a kid, but a lot of them were just like dumb, like Disney films and stuff.",2.86,2.86,0.0,0.0,0.0,0.0,0.0,2.86,2.86
Whisper large-v3,British,52,YOU KNOW I'M NOT GON I USED TO LOVE UM YOU KNOW THE THE JIM CARREY MOVIE THE MASK,"I used to love the Jim Carrey movie, The Mask.","I used to love the Jim Carrey movie, The Mask.",47.37,47.37,0.0,0.0,0.0,47.37,47.37,0.0,0.0
Whisper large-v3,British,53,THE SCENE WHERE HE STARTS DANCING AND DOES LIKE THE LITTLE CONGA ROUTINE IT'S JUST,The scene where he starts dancing and does the like little conga routine. Oh my god.,The scene where he starts dancing and does the little conga routine.,33.33,20.0,13.33,0.0,100.0,6.67,20.0,13.33,0.0
Whisper large-v3,British,54,YEAH IT'S GREAT AND HE HAS SO MANY GOOFY UH NOISES AND MOVEMENTS AND STUFF WITH HAMMERS AND HIS EXPLOSIONS,And he has so many goofy noises and moments and stuff. With his hammers and his explosions.,Thank you for watching.,30.0,100.0,5.0,20.0,-300.0,20.0,80.0,5.0,0.0
Whisper large-v3,British,55,I CAN'T BELIEVE THAT MUSICAL IS STILL RUNNING WICKED,"I can't believe that musical is still running, Wicked.",I can't believe that musical is still running. Wicked.,0.0,0.0,0.0,0.0,0.0,0.0,0.0,0.0,0.0
Whisper large-v3,British,56,I LIKE I REMEMBER BEING A KID WALKING AROUND LONDON AND YOU SEE THE ADS FOR THAT THERE'S THAT AND THE LION KING WHO IS LIKE HOW CAN THERE STILL BE DEMAND HOW HAS EVERYONE NOT WATCHED THEM ALREADY,"I remember being a kid walking around London and you see the ads for that. Is that in the Lion King? Who is like, how can there still be demand? How is everyone not watch them already?","I remember being a kid walking around London and you see the ads for that. Is that in The Lion King? Who is like, how can there still be demand? How is everyone not watched them already?",15.38,12.82,10.26,7.69,25.0,5.13,5.13,0.0,0.0
Whisper large-v3,British,57,YEAH I GUESS SO THEY'RE LIKE <OVERLAP>,"Yeah, I guess so.","Yeah, I guess so.",42.86,42.86,0.0,0.0,0.0,42.86,42.86,0.0,0.0
Whisper large-v3,British,58,I WENT TO SEE I WENT TO SEE UH A PERFORMANCE OF MAMA MIA IN GREECE AND IT WAS JUST LIKE THE GAYEST THING I'VE EVER SEEN THEY WENT SUPER CAMP WITH IT IT WAS HILARIOUS BECAUSE YOU HAD THIS LIKE,"I went to see a performance of Mamma Mia in Greece and it was just like the gayest thing I've ever seen. They went to camp with it, it was hilarious because you had this like",I went to see a performance of Mamma Mia in Greece and it was just like the gayest thing I've ever seen. They went to camp with it. It was hilarious because you had this like,17.07,17.07,4.88,4.88,0.0,12.2,12.2,0.0,0.0
Whisper large-v3,British,59,TINY BLONDE GREEK GIRL AND THERE WERE LIKE FORTY DUDES BECAUSE YOU KNOW HOW LIKE EACH OF THE THREE DUDES THAT THINKS IT'S HER DAD IT'S LIKE SLIGHTLY DIFFERENT,tiny blonde Greek girl and there were like 40 dudes. Because you know how each of the three dudes that thinks it's her dad is slightly different?,tiny blonde Greek girl and there were like 40 dudes because you know how like each of the three dudes that thinks it's her dad it's like slightly different like,13.79,6.9,6.9,3.45,50.0,6.9,0.0,0.0,3.45
Whisper large-v3,British,60,I MIGHT BE COMPLETELY MISREMEMBERING MAMA MIA BUT THAT'S WHAT HAPPENED IN THE PLAY ANYWAY,"I might be completely misremembering, but that's what happened in the play anyway.","I might be completely misremembering what we were, but that's what happened in the play anyway.",13.33,20.0,0.0,13.33,0.0,13.33,0.0,0.0,6.67
Whisper large-v3,British,61,IT WAS SUPER FUNNY BECAUSE IT WAS JUST LIKE IN THIS PLAY IT WAS BASICALLY THREE GAY DUDES ALL DRESSED IN LIKE SEQUINS WITH ONE WAS LIKE FULLY PURPLE ONE WAS FULLY,"It was super funny because it was just like in this play, it was basically three gay dudes all dressed in like sequins with one was like fully purple, one was fully black.","It was super funny because it was just like in this play, it was basically three gay dudes all dressed in like sequins with one was like fully purple, one was fully",3.12,0.0,0.0,0.0,0.0,0.0,0.0,3.12,0.0
Whisper large-v3,British,62,AND THEY WOULD JUST DO ALL THESE DANCES ON STAGE IT WAS HILARIOUS,He was doing all these dances on stage. He was hilarious.,Thank you for watching.,46.15,100.0,30.77,30.77,0.0,15.38,69.23,0.0,0.0
Whisper large-v3,British,63,YEAH WELL BECAUSE A LOT OF IT WAS JUST THEY WERE JUST SINGING THE SONGS,Because a lot of it was just they were just singing the songs.,Because a lot of it was just they were just singing the songs.,13.33,13.33,0.0,0.0,0.0,13.33,13.33,0.0,0.0
Whisper large-v3,British,64,I THINK I THINK MOST OF THEM THEY ADAPTED TO GREEK BUT LIKE THE FAMOUS ONES THEY KEPT IN ENGLISH LIKE MAMA MIA THEY SANG IN ENGLISH AND UM WHAT'S THE ONE THEY SING WHEN THEY'RE IN THE OCEAN LIKE DON'T GO LIKE THAT LAY ALL YOUR LAY ALL YOUR LOVE ON ME I THINK THAT ONE THEY KEPT IN ENGLISH,I think most of them they adapted to Greek but like the famous ones they kept in English. Mamma Mia they sang in English and what's the one they sing when they're in the ocean? Like don't go like that. Lay All Your Love On Me. I think that one they kept in English.,I think most of them they adapted to Greek but like the famous ones they kept in English. Mamma Mia they sang in English and what's the one they sing when they're in the ocean? Like don't go like that. Lay All Your Love On Me. I think that one they kept in English.,13.11,13.11,1.64,1.64,0.0,11.48,11.48,0.0,0.0
Whisper large-v3,British,65,FINDING NEMO THAT'S A WEIRD THAT'S A MOVIE I HAVEN'T WATCHED SINCE I WAS LIKE A LITTLE KID AND ALL I REMEMBER,Finding Nemo. That's a weird movie. That's a movie I haven't watched since I was like a little kid and all I remember,That's a weird movie. That's a movie I haven't watched since I was like a little kid and all I remember,4.55,13.64,0.0,0.0,0.0,0.0,9.09,4.55,4.55
Whisper large-v3,British,66,NO I'VE NEVER ACTUALLY SEEN THE SWEDISH VERSION OF FINDING NEMO,"No, I've never actually seen the Swedish version of Finding Me.","No, I've never actually seen the Swedish version of Finding Me.",9.09,9.09,9.09,9.09,0.0,0.0,0.0,0.0,0.0
Whisper large-v3,British,67,IS THAT HOW YOU SAY THE END IN SWEDISH,Is that just how you say the end in Swedish?,Is that just how you say the end in Swedish?,11.11,11.11,0.0,0.0,0.0,0.0,0.0,11.11,11.11
Whisper large-v3,British,68,AND WITH THAT THAT'S BEEN FIFTEEN MINUTES I THINK WE CAN CALL IT A DAY EXCELLENT CONVERSATION,"And with that, that's been 15 minutes, I think. We can call it a day. Excellent conversation.","And with that, that's been 15 minutes, I think. We can call it a day. Excellent conversation.",5.88,5.88,5.88,5.88,0.0,0.0,0.0,0.0,0.0
Whisper large-v3,British,69,YEAH YEAH THAT WAS GOOD FUN ALL RIGHT COME BACK ROUND I'LL FINISH THE RECORDING NOW TOODLES,"Yeah, that was good fun. All right. Come back around. I'll finish the recording now. Toodles.","Yeah, that was good fun. All right, come back around. I'll finish the recording now. Toodles.",11.76,11.76,5.88,5.88,0.0,5.88,5.88,0.0,0.0
Whisper large-v3,British,70,OH MY GOODNESS WELL IT'S KIND OF DIFFICULT TO ANSWER BECAUSE UH WHAT WITH MY BROTHER'S DIET RESTRICTIONS THERE WAS A SIX MONTH PERIOD WHERE I HAD SPAGHETTI EVERY DAY FOR DINNER AND NOT BY CHOICE UM,"Oh my goodness. Well, it's kind of difficult to answer because, uh, what was my brother's diet restrictions? There was a six month period where I had spaghetti every day for dinner and not by choice. Um,","Oh my goodness. Well, it's kind of difficult to answer because what was my brother's diet restrictions? There was a six month period where I had spaghetti every day for dinner and not by choice.",2.7,8.11,2.7,2.7,0.0,0.0,5.41,0.0,0.0
Whisper large-v3,British,71,VERY TRAUMATIC DESPITE THIS ONE OF MY FAVORITE FOODS WAS STILL SPAGHETTI WITH TOMATO SAUCE AND CHEESE,"Very traumatic. Despite this, one of my favourite foods was still spaghetti with tomato sauce and cheese.","Very traumatic. Despite this, one of my favourite foods was still spaghetti with tomato sauce and cheese.",5.88,5.88,5.88,5.88,0.0,0.0,0.0,0.0,0.0
Whisper large-v3,British,72,WHICH SPEAKS TO THE PREVAILING NATURE OF PASTA UM APART FROM THAT IT'S KIND OF HARD TO REMEMBER I REALLY LIKED HUMMUS WHICH I FEEL LIKE IS QUITE SOPHISTICATED,"prevailing nature of pasta. Apart from that, it's kind of hard to remember. I really liked hummus, which I feel like is quite sophisticated.","The prevailing nature of pasta. Apart from that, it's kind of hard to remember. I really liked hummus, which I feel like is quite sophisticated.",17.24,13.79,0.0,0.0,0.0,17.24,13.79,0.0,0.0
Whisper large-v3,British,73,JUST LIKE ON ITS OWN AND STUFF ON BREAD AND THINGS THAT WAS VERY VERY NICE AND I LIKED UM I LIKED COLIN THE CATERPILLAR CAKE AS WELL BECAUSE IT HAD VERY,"It just went on its own and stuff, on bread and things. That was very, very nice. And I liked... I liked calling the cast for the cake as well. Okay.","It's like on its own and stuff, on bread and things. That was very, very nice. And I liked, I like calling the cast for the cake as well. Okay.",34.38,34.38,12.5,15.62,-25.0,12.5,12.5,9.38,6.25
Whisper large-v3,British,74,IT HAD BITS THAT WERE LIKE A PURE PURE CHOCOLATE LIKE A CHOCOLATE BAR INSTEAD OF LIKE A CAKEY MIX,had bits that were like a pure pure chocolate like a chocolate bar instead of like a cakey mix,The following is an English transcription spoken with a British accent.,5.0,95.0,0.0,50.0,0.0,5.0,45.0,0.0,0.0
Whisper large-v3,British,75,YEAH THE OTHER THE ONLY OTHER THING WAS FAIRY BREAD HAVE YOU HEARD OF IT,"Yeah, the only other thing was fairy bread. Have you heard of it?","Yeah, the only other thing was fairy bread. Have you heard of it?",13.33,13.33,0.0,0.0,0.0,13.33,13.33,0.0,0.0
Whisper large-v3,British,76,OKAY SO IT'S SORT OF IT'S SORT OF OKAY DO NOT JUDGE ME IT IS AN AUSTRALIAN THING AND IT IS MADE FROM WHITE BREAD WITH A LAYER OF LIKE MARGARINE OR BUTTER AND THEN SPRINKLES ON TOP AND,"Okay, so it's an Australian, okay, do not judge me. It is an Australian thing and it's made from white bread with a layer of like margarine or butter and then sprinkles on top. Okay.","Okay, so it's an Australian thing and it's made from white bread with a layer of like margarine or butter and then sprinkles on top. Okay.",20.51,38.46,10.26,5.13,50.0,10.26,33.33,0.0,0.0
Whisper large-v3,British,77,IT TASTES REALLY REALLY GOOD AND NORMALLY WHEN I TELL PEOPLE THAT THEY SAY IT'S DISGUSTING BUT I LOVED IT AS A KID,"It tastes really, really good. And normally when I tell people that, they say it's disgusting, but I loved it as a kid.","It tastes really, really good. And normally when I tell people that they say it's disgusting, but I loved it as a kid.",0.0,0.0,0.0,0.0,0.0,0.0,0.0,0.0,0.0
Whisper large-v3,British,78,YOU CAN UNDERSTAND IT AND YOU NEED THE BUTTER TO STICK THE SPRINKLES LIKE THAT'S HOW IT WORKS,can understand it and you need the butter to stick the sprinkles like that's how it works,You can understand it and you need the butter to stick the sprinkles. That's how it works.,5.56,5.56,0.0,0.0,0.0,5.56,5.56,0.0,0.0
Whisper large-v3,British,79,SURPRISING CONSIDERING HOW YOU'RE LIKE NOW <LAUGH>,Surprising considering how you're like now.,It's surprising considering how you're like now.,14.29,28.57,0.0,0.0,0.0,14.29,14.29,0.0,14.29
Whisper large-v3,British,80,DID YOU DID YOU EAT ANY LIKE WEIRD FOODS AS A KID,Did you eat any weird foods as a kid?,Did you eat any weird foods as a kid?,25.0,25.0,0.0,0.0,0.0,25.0,25.0,0.0,0.0
Whisper large-v3,British,81,THAT YOU WOULDN'T EAT NOW THAT IS OR MAYBE YOU WOULD EAT IT NOW I DON'T KNOW,"that you wouldn't eat nowadays. Or maybe you would eat it now, I don't know.","that you wouldn't eat nowadays. Or maybe you would eat it now, I don't know.",17.65,17.65,5.88,5.88,0.0,11.76,11.76,0.0,0.0
Whisper large-v3,British,82,LIKE A DID YOU LIKE PICKLE IT OR IS IT PRESERVED,Did you pickle it or is it preserved in,Did you pickle it or is it preserved in,36.36,36.36,0.0,0.0,0.0,27.27,27.27,9.09,9.09
Whisper large-v3,British,83,I MEAN GROWING UP WITH TWO BROTHERS I JUST LEARNED THAT YOU SHOULD EAT EVERYTHING PRESENTED TO YOU AND YOU SHOULD EAT WHATEVER THE OTHERS DON'T EAT AS WELL BECAUSE IF THAT WAS THE THING IF MY BROTHER'S DIDN'T FINISH A PLATE MY DAD AND I WOULD FINISH IT SO THERE WAS NO FOOD WASTE AND IF I PUT I THINK I'VE TOLD YOU IF IF ANYTHING GOES IN THE FRIDGE I JUST EXPECT IT TO BE GONE NEXT TIME,"I mean, growing up with two brothers, I just learned that you should eat everything presented to you and you should eat whatever the others don't eat as well. Because if that was the thing, if my brothers didn't finish a plate, my dad and I would finish it. So there was no food waste. And if I put, I think I've told you, if anything goes in the fridge, I just expect it to be gone next time.","I mean, growing up with two brothers, I just learned that you should eat everything presented to you and you should eat whatever the others don't eat as well. Because if that was the thing, if my brothers didn't finish a plate, my dad and I would finish it. So there was no food waste. And if I put I think I've told you, if anything goes in the fridge, I just expect it to be gone next time.",1.25,1.25,0.0,0.0,0.0,1.25,1.25,0.0,0.0
Whisper large-v3,British,84,WE HAD LIKE ENOUGH FOOD IN THE HOUSE IT'S JUST THAT EVERYBODY WAS GRABBING AT IT SO I'VE ALWAYS DEVELOPED THE THE THING OF OLDER THE THAT IF YOU AS I'M OLDER THAT LIKE IF YOU HAVE EXTRA RICE IN THE PAN IT IS A CHALLENGE TO FINISH THE RICE <LAUGH> YOU'VE COMMITTED TO THE RICE YOU HAVE TO FINISH THE RICE SO I GUESS I SEE MEALS AS A BIT OF A CHALLENGE UM BUT ALSO JUST FOOD'S FANTASTIC I LOVE IT THERE ARE VERY FEW FOODS I I DIDN'T LIKE AS A KID AND THERE ARE VERY FEW FOODS I DON'T LIKE NOW LIKE AL ALMOST EVERYTHING I EAT NOW I ALSO ATE AS A KID I THINK THE EXCEPTIONS WILL BE COFFEE ALTHOUGH I DIDN'T REALLY HAVE THAT MUCH AS A KID BUT LIKE MORE OF A COFFEE FLAVOR,we had like enough food in the house it's just that everybody was grabbing at it so I've always developed the the thing of older that if you as an older like if you have extra rice in the pan it is a challenge to finish the rice you've committed to the rice you have to finish the rice so I guess I see meals as a bit of a challenge um but also just food's fantastic I love it there are very few foods I didn't like as a kid and there are very few foods I don't like now like almost everything I eat now I also ate as a kid,"We had like enough food in the house. It's just that everybody was grabbing at it. So I've always developed the thing of older that if you as an older, like if you have extra rice in the pan, it is a challenge to finish the rice. You've committed to the rice. You have to finish the rice. So I guess I see meals as a bit of a challenge, but also just food's fantastic. I love it. There are very few foods I didn't like as a kid. And there are very few foods I don't like now. Like almost everything I eat now, I also ate as a kid.",21.13,22.54,0.7,0.7,0.0,20.42,21.83,0.0,0.0
Whisper large-v3,British,85,AND I THINK LIKE BROWN BROWN SEEDY BREAD I DIDN'T I DIDN'T LIKE SEEDY BREAD AS A KID AT ALL I HATED THE TASTE OF SUNFLOWER SEEDS BECAUSE I ATE THEM TOO MUCH WE HAD SUNFLOWERS WE TOOK THE SEEDS AND THEN I JUST LIKE I JUST OVERDID IT UM BUT APART FROM THAT MOSTLY THE SAME THING I I DID EAT AS A KID I ATE A LOT OF KETCHUP ON TOAST WHEN I WAS AT A BABY SITTERS,"And I think like brown, brown seedy bread. I didn't, I didn't like seedy bread as a kid at all. I hated the taste of sunflower seeds because I ate them too much. We had sunflowers, we took the seed and then I just like, I just overdid it. But apart from that, basically the same thing. I did eat a lot of ketchup on toast when I was at a babysitter's.",And I think like brown brown seedy bread I didn't I didn't like seedy bread as a kid at all I hated the taste of sunflower seeds because I ate them too much we had sunflowers we took the seed and then I just like I just overdid it but apart from that basically the same thing I did eat a lot of ketchup on toast when I was at a babysitter's,13.75,13.75,3.75,3.75,0.0,10.0,10.0,0.0,0.0
Whisper large-v3,British,86,AND I PROBABLY WOULDN'T EAT THAT NOW I'M NOT GONNA LIE TO YOU THINLY SPREAD SO IT WASN'T TOO UNHEALTHY BUT I I WOULDN'T I THINK I THINK I'D GIVE THAT ONE PASS BUT APART FROM THAT I DON'T THINK I'VE REALLY CHANGED I EAT MORE VEGETABLES NOW THAT'S THE ONLY THING BECAUSE I MY PARENTS BLESS THEM THEY THEY WERE VERY GOOD COOKS IN ANY WAYS BUT THEY WERE NOT GOOD AT JUST PREPARING PLAIN VEGETABLES,"I probably wouldn't eat that now. I'm not going to lie to you. Thinly spread, so it wasn't too unhealthy. But I think I'd give that one a pass. But apart from that, I don't think I've really changed. I eat more vegetables now. That's the only thing. My parents, bless them, they were very good cooks in many ways, but they were not good at just preparing plain vegetables.","Probably wouldn't eat that now. I'm not going to lie to you. Thinly spread, so it wasn't too unhealthy. But I wouldn't, I think I'd give that one a pass. But apart from that, I don't think I've really changed. I eat more vegetables now. That's the only thing. My parents, bless them, they were very good cooks in many ways, but they were not good at just preparing plain vegetables.",16.88,15.58,2.6,2.6,0.0,11.69,10.39,2.6,2.6
Whisper large-v3,British,87,BECAUSE THEY WOULD DO THAT THE THING THE BRITISH THING OF BOILING THEM AND NOW I'M A BIT OLDER I KNOW TO STEAM THEM AND THEN LIKE VERY LIGHTLY SEASON THEM AND THEY TASTE MUCH BETTER,"because they would do the thing, the British thing of boiling them. And now they're older, I know to steam them and then like very lightly season them and they taste much better.",The British thing of boiling them and now they're older I know to steam them and then like very lightly season them and they taste much better.,11.11,27.78,2.78,2.78,0.0,8.33,25.0,0.0,0.0
Whisper large-v3,British,88,YEAH <LAUGH> YOU LIVE AND YOU LEARN DON'T YOU,"Yeah. You live and you learn, don't you?","Yeah. You live and you learn, don't you?",11.11,11.11,0.0,0.0,0.0,11.11,11.11,0.0,0.0
Whisper large-v3,British,89,I'VE HEARD HAT AS WELL THAT THEIR THEIR TASTE SYSTEMS ARE HEIGHTENED,"I've heard that as well, that their TAFE systems are heightened.",I've heard that as well that their TAE systems are heightened.,25.0,25.0,16.67,16.67,0.0,8.33,8.33,0.0,0.0
Whisper large-v3,British,90,SO WHEN THEY PREFER BLAND FOOD THEY LITERALLY ARE ARE TASTING IN A DIFFERENT WAY TO YOU THAT THEY'RE NOT JUST UNINVENTIVE IT JUST IS STRONG FOR THEM,"So when they prefer bland food, they literally are tasting it in a different way to you. They're not just uninventive. It just is stronger for them.","So when they prefer bland food, they literally are tasting it in a different way to you. They're not just uninventive. It just is stronger for them.",14.29,14.29,10.71,10.71,0.0,3.57,3.57,0.0,0.0
Whisper large-v3,British,91,I FEEL LIKE YOU YOU KNOW I I FEEL LIKE AS STUDENTS GO WE BOTH BETTER COOK FOR A LOT OF STUDENTS PARTICULARLY UH LIKE WHEN WE'RE IN THE FIRST THE LIKE FIRST SECOND THIRD YEARS I THINK WHEN YOU GET INTO THE LATER YEARS OF THE DEGREE PEOPLE GENERALLY HAVE LEARNED HOW TO COOK BY THEN,"I feel like, you know, I feel like as students go, we're both better cooks than a lot of students, particularly like when we in the first, the like first, second, third years. I think when you get into the later years of a degree, people generally have learned how to cook by then.","I feel like. You know, I felt as students go we both better cook for a lot of students, particularly like when we in the first the like first second third years, I think, when you get into the later years of the degree people generally have learned how to cook by then.",14.04,10.53,8.77,3.51,60.0,5.26,7.02,0.0,0.0
Whisper large-v3,British,92,BUT I I I STILL FEEL IT'S FRUSTRATING WHEN YOU KNOW THE IDEA OF STUDENT COOKING A LOT OF IT IS BECAUSE I JUST DON'T HAVE TIME TO PREPARE BIG MEALS 'CAUSE IT'S JUST ME I'M KIND OF OKAY TO COOK FOR JUST ME BUT IF I'M YOU KNOW AND I DON'T MIND IF IT'S IF IT'S LIKE SIMPLE FOOD OR REPETITIVE FOOD BUT IF I'M COOKING FOR SOMEBODY ELSE OR MY FAMILY I'M THEN A MUCH BETTER COOK THAN I NORMALLY AM SO IT'S NOT THAT I CAN'T COOK IT'S JUST THAT YOU KNOW YOU DON'T WANNA PUT IN ALL THAT EFFORT WHEN IT IS JUST FOR YOU YOURSELF,"But I still feel it's frustrating when, you know, the idea of student cooking, a lot of it's because I just don't have time to prepare big meals because it's just me. I'm kind of OK to cook for just me. But if I'm, you know, and I don't mind if it's if it's like simple food or repetitive food. But if I'm cooking for somebody else or my family, I'm then a much better cook than I normally am. So it's not that I can't cook. It's just that, you know, you don't want to be putting in all that effort when it's just for you yourself.","But I still feel it's frustrating when, you know, the idea of student cooking, a lot of it's because I just don't have time to prepare big meals because it's just me. I'm kind of okay to cook for just me. But if I'm, you know, and I don't mind if it's like simple food or repetitive food, but if I'm cooking for somebody else or my family, I'm then a much better cook than I normally am. So it's not that I can't cook. It's just that, you know, you don't want to be putting in all that effort when it's just for you yourself.",10.91,11.82,5.45,4.55,16.67,3.64,5.45,1.82,1.82
Whisper large-v3,British,93,YOU KNOW THAT YOU'RE A GOOD YOU DON'T HAVE TO PROVE IT TO YOURSELF,you know that you're going to have to prove yourself.,You know that you're going to have to prove yourself.,42.86,42.86,14.29,14.29,0.0,28.57,28.57,0.0,0.0
Whisper large-v3,British,94,I I HATE REHEATING FOOD FROM THE FREEZER THOUGH IT TAKES FOREVER I JUST I HAVE IT IN THE FRIDGE BECAUSE LIKE I'M DEAD PARANOID ABOUT STUFF GOING OFF BUT I FIGURED THAT IF IT'S ONLY VEGETABLES IT CAN BE IN THE FRIDGE FOR THREE OR OR MAYBE LIKE THREE AND A HALF FOUR DAYS AND IT WILL BE OKAY LIKE IF IT'S VEGETABLE SOUP,"I hate reheating food from the freezer though. It takes forever. I just, I have it in the fridge because like I'm dead paranoid about stuff going off, but I figured that if it's only vegetables, it can be in the fridge for three or maybe like three and a half, four days and it will be okay. Like if it's vegetable soup,","I hate reheating food from the freezer, though. It takes forever. I just, I have it in the fridge because, like, I'm dead paranoid about stuff going off. But I figure that if it's only vegetables, it can be in the fridge for three or maybe like three and a half, four days and it will be okay. Like, if it's vegetable soup.",3.08,4.62,0.0,1.54,0.0,3.08,3.08,0.0,0.0
Whisper large-v3,British,95,AND IT'S AN AIRTIGHT CONTAINER THAT'S ALL RIGHT AND THEN I CAN JUST I DON'T HAVE TO WORRY ABOUT I CAN JUST HEAT IT UP,container that's all right and then i can just i don't have to worry about it i can just heat it up,"I don't have to worry about it, I can just heat it up.",20.0,56.0,0.0,0.0,0.0,16.0,52.0,4.0,4.0
Whisper large-v3,British,96,YEAH THAT'S IT IT'S JUST SO HARD TO LIKE TRAVEL WITH IT BECAUSE THE LIBRARY DOESN'T DO YOU KNOW,yeah that's it's just so hard to like travel with it because the library doesn't do you know,"Yeah, that's it's just so hard to like travel with it because the library doesn't do you know,",5.26,5.26,0.0,0.0,0.0,5.26,5.26,0.0,0.0
Whisper large-v3,British,97,THEY HAVE MICROWAVES I SEE WHY THEY HAVE MICROWAVES BUT THEN THE STUDY ROOM IN THE ENGLISH BLOCK HAVE A MICROWAVE AND THAT'S VERY USEFUL BECAUSE YOU CAN JUST GO YOU KNOW HEAT THE WHOLE THING UP,"I see why they don't have microwaves, but then the study room in the English block have a microwave and that's very useful because you can just go, you know, heat your little thing up.","I see why they don't have microwaves, but then the study room in the English block have a microwave and that's very useful because you can just go, you know, heat your little thing up.",16.22,16.22,5.41,5.41,0.0,8.11,8.11,2.7,2.7
Whisper large-v3,British,98,WELL I'M GONNA COOK FOR MY FAMILY WHEN I GET HOME AND IT'S IT'S USEFUL NOW THAT ONE OF MY BROTHERS HAS MOVED OUT UM BECAUSE HE'S A VEGAN SO I'LL HAVE TO THINK ABOUT THAT,"Well, I'm going to cook for my family when I get home. And it's useful now that one of my brothers has moved out because he's a vegan. So I have to think about that.","Well, I'm going to cook for my family when I get home. And it's useful now that one of my brothers has moved out because he's a vegan. So I have to think about that.",13.89,13.89,5.56,5.56,0.0,5.56,5.56,2.78,2.78
Whisper large-v3,British,99,BUT THAT STILL LEAVES MY YOUNGEST BROTHER WHO ONLY EATS QUITE SPECIFIC THINGS AND THEN HE WON'T EAT FOOD THAT'S <DTMF> IN THE WRONG WAY AND THEN MY DAD EATS NORMALLY UM BUT HE DOESN'T LIKE SOUP AND MY MOM IS A PESCATARIAN BUT NONETHELESS I'M GOING TO BE <LAUGH> COOKING NOW SO I I GUESS I'M GOING TO BE THINKING CREATIVELY,"But that still leaves my youngest brother who only eats quite specific things. And then he won't eat food that's touching in the wrong way. And then my dad eats normally, but he doesn't like soup. And my mum is a pescatarian. But nonetheless, I'm going to be thinking. So I guess I'm going to be thinking creatively.",The following is an English transcription spoken with a British accent.,11.29,96.77,4.84,14.52,-200.0,6.45,82.26,0.0,0.0
Whisper large-v3,British,100,AND I THINK I'LL LEARN NOT TO STRESS ABOUT IT SO MUCH BECAUSE I JUST PHYSICALLY CAN'T STRESS ABOUT IF THIS IS PERFECT OR NOT IF I'M COOKING AT THREE DAYS A WEEK MY RESPONSE LIKE WOULD BE WELL IF YOU IF YOU WOULD RATHER HAVE SOMETHING ELSE FOR DINNER YOU CAN MAKE IT YOURSELF THEN,"And I think I'll learn not to stress about it so much because I just physically can't stress about it is perfect or not if I'm cooking it three days a week. My response would be, well, if you would rather have something else for dinner, you can make it yourself then.","And I think I'll learn not to stress about it so much because I just physically can't stress about if it's perfect or not if I'm cooking it three days a week. My response would be, well, if you would rather have something else for dinner, you can make it yourself then.",10.71,10.71,3.57,3.57,0.0,7.14,7.14,0.0,0.0
